# Blender 4.1.1
# www.blender.org
mtllib player.mtl
o 球
v 0.000000 0.831470 0.555570
v 0.000000 0.555570 0.831470
v 0.000000 0.195090 0.980785
v 0.000000 0.000000 1.000000
v 0.000000 -0.195090 0.980785
v 0.000000 -0.555570 0.831470
v -0.038060 0.980785 0.191342
v -0.074658 0.923880 0.375330
v -0.108386 0.831470 0.544895
v -0.137950 0.707107 0.693520
v -0.162212 0.555570 0.815493
v -0.180240 0.382683 0.906127
v -0.191342 0.195090 0.961940
v -0.195090 0.000000 0.980785
v -0.191342 -0.195090 0.961940
v -0.180240 -0.382683 0.906127
v -0.162212 -0.555570 0.815493
v -0.137950 -0.707107 0.693520
v -0.108386 -0.831470 0.544895
v -0.074658 -0.923880 0.375330
v -0.038060 -0.980785 0.191342
v -0.074658 0.980785 0.180240
v -0.146447 0.923880 0.353553
v -0.212608 0.831470 0.513280
v -0.270598 0.707107 0.653281
v -0.318190 0.555570 0.768178
v -0.353553 0.382683 0.853553
v -0.375330 0.195090 0.906127
v -0.382683 0.000000 0.923879
v -0.375330 -0.195090 0.906127
v -0.353553 -0.382683 0.853553
v -0.318190 -0.555570 0.768178
v -0.270598 -0.707107 0.653281
v -0.212608 -0.831470 0.513280
v -0.146447 -0.923880 0.353553
v -0.074658 -0.980785 0.180240
v -0.108386 0.980785 0.162212
v -0.212608 0.923880 0.318190
v -0.308658 0.831470 0.461940
v -0.392847 0.707107 0.587938
v -0.461940 0.555570 0.691342
v -0.513280 0.382683 0.768178
v -0.544895 0.195090 0.815493
v -0.555570 0.000000 0.831469
v -0.544895 -0.195090 0.815493
v -0.513280 -0.382683 0.768178
v -0.461940 -0.555570 0.691342
v -0.392847 -0.707107 0.587938
v -0.308658 -0.831470 0.461940
v -0.212608 -0.923880 0.318190
v -0.108386 -0.980785 0.162212
v -0.137950 0.980785 0.137950
v -0.270598 0.923880 0.270598
v -0.392847 0.831470 0.392847
v -0.500000 0.707107 0.500000
v -0.587938 0.555570 0.587938
v -0.653281 0.382683 0.653281
v -0.693520 0.195090 0.693520
v -0.707107 0.000000 0.707107
v -0.693520 -0.195090 0.693520
v -0.653281 -0.382683 0.653281
v -0.587938 -0.555570 0.587938
v -0.500000 -0.707107 0.500000
v -0.392847 -0.831470 0.392847
v -0.270598 -0.923880 0.270598
v -0.137950 -0.980785 0.137950
v -0.162212 0.980785 0.108386
v -0.318190 0.923880 0.212608
v -0.461940 0.831470 0.308658
v -0.587938 0.707107 0.392847
v -0.691342 0.555570 0.461940
v -0.768178 0.382683 0.513280
v -0.815493 0.195090 0.544895
v -0.831470 0.000000 0.555570
v -0.815493 -0.195090 0.544895
v -0.768178 -0.382683 0.513280
v -0.691342 -0.555570 0.461940
v -0.587938 -0.707107 0.392847
v -0.461940 -0.831470 0.308658
v -0.318190 -0.923880 0.212608
v -0.162212 -0.980785 0.108386
v 0.000000 1.000000 0.000000
v -0.180240 0.980785 0.074658
v -0.353553 0.923880 0.146447
v -0.513280 0.831470 0.212607
v -0.653281 0.707107 0.270598
v -0.768178 0.555570 0.318190
v -0.853553 0.382683 0.353553
v -0.906127 0.195090 0.375330
v -0.923879 0.000000 0.382683
v -0.906127 -0.195090 0.375330
v -0.853553 -0.382683 0.353553
v -0.768178 -0.555570 0.318190
v -0.653281 -0.707107 0.270598
v -0.513280 -0.831470 0.212607
v -0.353553 -0.923880 0.146447
v -0.180240 -0.980785 0.074658
v -0.191342 0.980785 0.038060
v -0.375330 0.923880 0.074658
v -0.544895 0.831470 0.108386
v -0.693520 0.707107 0.137950
v -0.815493 0.555570 0.162212
v -0.906127 0.382683 0.180240
v -0.961940 0.195090 0.191342
v -0.980785 0.000000 0.195090
v -0.961940 -0.195090 0.191342
v -0.906127 -0.382683 0.180240
v -0.815493 -0.555570 0.162212
v -0.693520 -0.707107 0.137950
v -0.544895 -0.831470 0.108386
v -0.375330 -0.923880 0.074658
v -0.191342 -0.980785 0.038060
v -0.195090 0.980785 -0.000000
v -0.382683 0.923880 -0.000000
v -0.555570 0.831470 -0.000000
v -0.707107 0.707107 0.000000
v -0.831469 0.555570 -0.000000
v -0.923879 0.382683 0.000000
v -0.980785 0.195090 -0.000000
v -1.000000 0.000000 -0.000000
v -0.980785 -0.195090 -0.000000
v -0.923879 -0.382683 0.000000
v -0.831469 -0.555570 -0.000000
v -0.707107 -0.707107 0.000000
v -0.555570 -0.831470 -0.000000
v -0.382683 -0.923880 -0.000000
v -0.195090 -0.980785 -0.000000
v -0.191342 0.980785 -0.038060
v -0.375330 0.923880 -0.074658
v -0.544895 0.831470 -0.108386
v -0.693520 0.707107 -0.137950
v -0.815493 0.555570 -0.162212
v -0.906127 0.382683 -0.180240
v -0.961940 0.195090 -0.191342
v -0.980785 0.000000 -0.195090
v -0.961940 -0.195090 -0.191342
v -0.906127 -0.382683 -0.180240
v -0.815493 -0.555570 -0.162212
v -0.693520 -0.707107 -0.137950
v -0.544895 -0.831470 -0.108386
v -0.375330 -0.923880 -0.074658
v -0.191342 -0.980785 -0.038060
v -0.180240 0.980785 -0.074658
v -0.353553 0.923880 -0.146447
v -0.513280 0.831470 -0.212608
v -0.653281 0.707107 -0.270598
v -0.768178 0.555570 -0.318190
v -0.853553 0.382683 -0.353553
v -0.906127 0.195090 -0.375330
v -0.923879 0.000000 -0.382683
v -0.906127 -0.195090 -0.375330
v -0.853553 -0.382683 -0.353553
v -0.768178 -0.555570 -0.318190
v -0.653281 -0.707107 -0.270598
v -0.513280 -0.831470 -0.212608
v -0.353553 -0.923880 -0.146447
v -0.180240 -0.980785 -0.074658
v -0.162212 0.980785 -0.108386
v -0.318190 0.923880 -0.212608
v -0.461940 0.831470 -0.308658
v -0.587938 0.707107 -0.392847
v -0.691341 0.555570 -0.461940
v -0.768178 0.382683 -0.513280
v -0.815493 0.195090 -0.544895
v -0.831469 0.000000 -0.555570
v -0.815493 -0.195090 -0.544895
v -0.768178 -0.382683 -0.513280
v -0.691341 -0.555570 -0.461940
v -0.587938 -0.707107 -0.392847
v -0.461940 -0.831470 -0.308658
v -0.318190 -0.923880 -0.212608
v -0.162212 -0.980785 -0.108386
v -0.137950 0.980785 -0.137950
v -0.270598 0.923880 -0.270598
v -0.392847 0.831470 -0.392847
v -0.500000 0.707107 -0.500000
v -0.587938 0.555570 -0.587938
v -0.653281 0.382683 -0.653281
v -0.693520 0.195090 -0.693520
v -0.707106 0.000000 -0.707107
v -0.693520 -0.195090 -0.693520
v -0.653281 -0.382683 -0.653281
v -0.587938 -0.555570 -0.587938
v -0.500000 -0.707107 -0.500000
v -0.392847 -0.831470 -0.392847
v -0.270598 -0.923880 -0.270598
v -0.137950 -0.980785 -0.137950
v -0.108386 0.980785 -0.162212
v -0.212607 0.923880 -0.318190
v -0.308658 0.831470 -0.461940
v -0.392847 0.707107 -0.587938
v -0.461940 0.555570 -0.691342
v -0.513280 0.382683 -0.768178
v -0.544895 0.195090 -0.815493
v -0.555570 0.000000 -0.831469
v -0.544895 -0.195090 -0.815493
v -0.513280 -0.382683 -0.768178
v -0.461940 -0.555570 -0.691342
v -0.392847 -0.707107 -0.587938
v -0.308658 -0.831470 -0.461940
v -0.212607 -0.923880 -0.318190
v -0.108386 -0.980785 -0.162212
v -0.074658 0.980785 -0.180240
v -0.146447 0.923880 -0.353553
v -0.212607 0.831470 -0.513280
v -0.270598 0.707107 -0.653281
v -0.318189 0.555570 -0.768178
v -0.353553 0.382683 -0.853553
v -0.375330 0.195090 -0.906127
v -0.382683 0.000000 -0.923879
v -0.375330 -0.195090 -0.906127
v -0.353553 -0.382683 -0.853553
v -0.318189 -0.555570 -0.768178
v -0.270598 -0.707107 -0.653281
v -0.212607 -0.831470 -0.513280
v -0.146447 -0.923880 -0.353553
v -0.074658 -0.980785 -0.180240
v -0.038060 0.980785 -0.191342
v -0.074658 0.923880 -0.375330
v -0.108386 0.831470 -0.544895
v -0.137950 0.707107 -0.693520
v -0.162212 0.555570 -0.815493
v -0.180240 0.382683 -0.906127
v -0.191342 0.195090 -0.961939
v -0.195090 0.000000 -0.980785
v -0.191342 -0.195090 -0.961939
v -0.180240 -0.382683 -0.906127
v -0.162212 -0.555570 -0.815493
v -0.137950 -0.707107 -0.693520
v -0.108386 -0.831470 -0.544895
v -0.074658 -0.923880 -0.375330
v -0.038060 -0.980785 -0.191342
v 0.000000 0.980785 -0.195090
v 0.000000 0.923880 -0.382683
v 0.000000 0.831470 -0.555570
v 0.000000 0.707107 -0.707107
v 0.000000 0.555570 -0.831469
v -0.000000 0.382683 -0.923879
v 0.000000 0.195090 -0.980785
v 0.000000 0.000000 -0.999999
v 0.000000 -0.195090 -0.980785
v -0.000000 -0.382683 -0.923879
v 0.000000 -0.555570 -0.831469
v 0.000000 -0.707107 -0.707107
v 0.000000 -0.831470 -0.555570
v 0.000000 -0.923880 -0.382683
v 0.000000 -0.980785 -0.195090
v 0.038060 0.980785 -0.191342
v 0.074658 0.923880 -0.375330
v 0.108386 0.831470 -0.544895
v 0.137950 0.707107 -0.693520
v 0.162212 0.555570 -0.815493
v 0.180240 0.382683 -0.906127
v 0.191342 0.195090 -0.961939
v 0.195091 0.000000 -0.980785
v 0.191342 -0.195090 -0.961939
v 0.180240 -0.382683 -0.906127
v 0.162212 -0.555570 -0.815493
v 0.137950 -0.707107 -0.693520
v 0.108386 -0.831470 -0.544895
v 0.074658 -0.923880 -0.375330
v 0.038060 -0.980785 -0.191342
v 0.074658 0.980785 -0.180240
v 0.146447 0.923880 -0.353553
v 0.212608 0.831470 -0.513280
v 0.270598 0.707107 -0.653281
v 0.318190 0.555570 -0.768177
v 0.353553 0.382683 -0.853553
v 0.375330 0.195090 -0.906127
v 0.382683 0.000000 -0.923879
v 0.375330 -0.195090 -0.906127
v 0.353553 -0.382683 -0.853553
v 0.318190 -0.555570 -0.768177
v 0.270598 -0.707107 -0.653281
v 0.212608 -0.831470 -0.513280
v 0.146447 -0.923880 -0.353553
v 0.074658 -0.980785 -0.180240
v 0.108386 0.980785 -0.162212
v 0.212608 0.923880 -0.318190
v 0.308658 0.831470 -0.461939
v 0.392847 0.707107 -0.587938
v 0.461940 0.555570 -0.691341
v 0.513280 0.382683 -0.768178
v 0.544895 0.195090 -0.815493
v 0.555570 0.000000 -0.831469
v 0.544895 -0.195090 -0.815493
v 0.513280 -0.382683 -0.768178
v 0.461940 -0.555570 -0.691341
v 0.392847 -0.707107 -0.587938
v 0.308658 -0.831470 -0.461939
v 0.212608 -0.923880 -0.318190
v 0.108386 -0.980785 -0.162212
v 0.137950 0.980785 -0.137950
v 0.270598 0.923880 -0.270598
v 0.392847 0.831470 -0.392847
v 0.500000 0.707107 -0.500000
v 0.587938 0.555570 -0.587937
v 0.653281 0.382683 -0.653281
v 0.693520 0.195090 -0.693520
v 0.707106 0.000000 -0.707106
v 0.693520 -0.195090 -0.693520
v 0.653281 -0.382683 -0.653281
v 0.587938 -0.555570 -0.587937
v 0.500000 -0.707107 -0.500000
v 0.392847 -0.831470 -0.392847
v 0.270598 -0.923880 -0.270598
v 0.137950 -0.980785 -0.137950
v 0.000000 -1.000000 0.000000
v 0.162212 0.980785 -0.108386
v 0.318190 0.923880 -0.212607
v 0.461940 0.831470 -0.308658
v 0.587938 0.707107 -0.392847
v 0.691341 0.555570 -0.461939
v 0.768177 0.382683 -0.513280
v 0.815493 0.195090 -0.544895
v 0.831469 0.000000 -0.555569
v 0.815493 -0.195090 -0.544895
v 0.768177 -0.382683 -0.513280
v 0.691341 -0.555570 -0.461939
v 0.587938 -0.707107 -0.392847
v 0.461940 -0.831470 -0.308658
v 0.318190 -0.923880 -0.212607
v 0.162212 -0.980785 -0.108386
v 0.180240 0.980785 -0.074658
v 0.353553 0.923880 -0.146447
v 0.513280 0.831470 -0.212607
v 0.653281 0.707107 -0.270598
v 0.768177 0.555570 -0.318189
v 0.853553 0.382683 -0.353553
v 0.906127 0.195090 -0.375330
v 0.923879 0.000000 -0.382683
v 0.906127 -0.195090 -0.375330
v 0.853553 -0.382683 -0.353553
v 0.768177 -0.555570 -0.318189
v 0.653281 -0.707107 -0.270598
v 0.513280 -0.831470 -0.212607
v 0.353553 -0.923880 -0.146447
v 0.180240 -0.980785 -0.074658
v 0.191342 0.980785 -0.038060
v 0.375330 0.923880 -0.074658
v 0.544895 0.831470 -0.108386
v 0.693520 0.707107 -0.137950
v 0.815493 0.555570 -0.162211
v 0.906127 0.382683 -0.180240
v 0.961939 0.195090 -0.191341
v 0.980784 0.000000 -0.195090
v 0.961939 -0.195090 -0.191341
v 0.906127 -0.382683 -0.180240
v 0.815493 -0.555570 -0.162211
v 0.693520 -0.707107 -0.137950
v 0.544895 -0.831470 -0.108386
v 0.375330 -0.923880 -0.074658
v 0.191342 -0.980785 -0.038060
v 0.195090 0.980785 0.000000
v 0.382683 0.923880 0.000000
v 0.555570 0.831470 0.000000
v 0.707107 0.707107 0.000000
v 0.831469 0.555570 0.000000
v 0.923879 0.382683 0.000000
v 0.980785 0.195090 0.000000
v 0.999999 0.000000 0.000000
v 0.980785 -0.195090 0.000000
v 0.923879 -0.382683 0.000000
v 0.831469 -0.555570 0.000000
v 0.707107 -0.707107 0.000000
v 0.555570 -0.831470 0.000000
v 0.382683 -0.923880 0.000000
v 0.195090 -0.980785 0.000000
v 0.191342 0.980785 0.038060
v 0.375330 0.923880 0.074658
v 0.544895 0.831470 0.108386
v 0.693520 0.707107 0.137950
v 0.815493 0.555570 0.162212
v 0.906127 0.382683 0.180240
v 0.961939 0.195090 0.191342
v 0.980784 0.000000 0.195091
v 0.961939 -0.195090 0.191342
v 0.906127 -0.382683 0.180240
v 0.815493 -0.555570 0.162212
v 0.693520 -0.707107 0.137950
v 0.544895 -0.831470 0.108386
v 0.375330 -0.923880 0.074658
v 0.191342 -0.980785 0.038060
v 0.180240 0.980785 0.074658
v 0.353553 0.923880 0.146447
v 0.513279 0.831470 0.212607
v 0.653281 0.707107 0.270598
v 0.768177 0.555570 0.318190
v 0.853553 0.382683 0.353553
v 0.906127 0.195090 0.375330
v 0.923878 0.000000 0.382683
v 0.906127 -0.195090 0.375330
v 0.853553 -0.382683 0.353553
v 0.768177 -0.555570 0.318190
v 0.653281 -0.707107 0.270598
v 0.513279 -0.831470 0.212607
v 0.353553 -0.923880 0.146447
v 0.180240 -0.980785 0.074658
v 0.162212 0.980785 0.108386
v 0.318189 0.923880 0.212607
v 0.461939 0.831470 0.308658
v 0.587938 0.707107 0.392847
v 0.691341 0.555570 0.461940
v 0.768177 0.382683 0.513280
v 0.815493 0.195090 0.544895
v 0.831468 0.000000 0.555570
v 0.815493 -0.195090 0.544895
v 0.768177 -0.382683 0.513280
v 0.691341 -0.555570 0.461940
v 0.587938 -0.707107 0.392847
v 0.461939 -0.831470 0.308658
v 0.318189 -0.923880 0.212607
v 0.162212 -0.980785 0.108386
v 0.137950 0.980785 0.137950
v 0.270598 0.923880 0.270598
v 0.392847 0.831470 0.392847
v 0.500000 0.707107 0.500000
v 0.587937 0.555570 0.587938
v 0.653281 0.382683 0.653281
v 0.693519 0.195090 0.693520
v 0.707106 0.000000 0.707106
v 0.693519 -0.195090 0.693520
v 0.653281 -0.382683 0.653281
v 0.587937 -0.555570 0.587938
v 0.500000 -0.707107 0.500000
v 0.392847 -0.831470 0.392847
v 0.270598 -0.923880 0.270598
v 0.137950 -0.980785 0.137950
v 0.108386 0.980785 0.162212
v 0.212607 0.923880 0.318190
v 0.308658 0.831470 0.461939
v 0.392847 0.707107 0.587938
v 0.461939 0.555570 0.691341
v 0.513280 0.382683 0.768177
v 0.544895 0.195090 0.815493
v 0.555569 0.000000 0.831469
v 0.544895 -0.195090 0.815493
v 0.513280 -0.382683 0.768177
v 0.461939 -0.555570 0.691341
v 0.392847 -0.707107 0.587938
v 0.308658 -0.831470 0.461939
v 0.212607 -0.923880 0.318190
v 0.108386 -0.980785 0.162212
v 0.074658 0.980785 0.180240
v 0.146446 0.923880 0.353553
v 0.212607 0.831470 0.513279
v 0.270598 0.707107 0.653281
v 0.318189 0.555570 0.768177
v 0.353553 0.382683 0.853553
v 0.375330 0.195090 0.906127
v 0.382683 0.000000 0.923879
v 0.375330 -0.195090 0.906127
v 0.353553 -0.382683 0.853553
v 0.318189 -0.555570 0.768177
v 0.270598 -0.707107 0.653281
v 0.212607 -0.831470 0.513279
v 0.146446 -0.923880 0.353553
v 0.074658 -0.980785 0.180240
v 0.038060 0.980785 0.191342
v 0.074658 0.923880 0.375330
v 0.108386 0.831470 0.544895
v 0.137950 0.707107 0.693520
v 0.162211 0.555570 0.815493
v 0.180240 0.382683 0.906127
v 0.191341 0.195090 0.961939
v 0.195090 0.000000 0.980784
v 0.191341 -0.195090 0.961939
v 0.180240 -0.382683 0.906127
v 0.162211 -0.555570 0.815493
v 0.137950 -0.707107 0.693520
v 0.108386 -0.831470 0.544895
v 0.074658 -0.923880 0.375330
v 0.038060 -0.980785 0.191342
v -0.000000 0.980785 0.195090
v -0.000000 0.923880 0.382683
v -0.000000 0.707107 0.707107
v -0.000000 0.382683 0.923879
v -0.000000 -0.382683 0.923879
v -0.000000 -0.707107 0.707107
v -0.000000 -0.831470 0.555570
v -0.000000 -0.923880 0.382683
v -0.000000 -0.980785 0.195090
v -0.785095 0.290726 -0.170675
v -0.782889 0.235423 -0.115663
v -0.781269 0.163262 -0.086001
v -0.780759 0.124237 -0.082261
v -0.780479 0.085230 -0.086203
v -0.780642 0.013207 -0.116241
v -0.795180 0.320678 -0.243183
v -0.801282 0.309138 -0.206213
v -0.806825 0.290510 -0.172162
v -0.811596 0.265511 -0.142339
v -0.815411 0.235100 -0.117889
v -0.818124 0.200446 -0.099753
v -0.819630 0.162881 -0.088626
v -0.819873 0.123849 -0.084938
v -0.818841 0.084849 -0.088829
v -0.816576 0.047381 -0.100151
v -0.813163 0.012884 -0.118467
v -0.808735 -0.017317 -0.143074
v -0.803461 -0.042059 -0.173027
v -0.797545 -0.060394 -0.207174
v -0.791212 -0.071615 -0.244203
v -0.802562 0.320608 -0.245184
v -0.815763 0.309002 -0.210138
v -0.827848 0.290313 -0.177861
v -0.838353 0.265259 -0.149591
v -0.846874 0.234804 -0.126417
v -0.853083 0.200117 -0.109229
v -0.856743 0.162532 -0.098686
v -0.857712 0.123493 -0.095195
v -0.855954 0.084500 -0.098889
v -0.851535 0.047052 -0.109627
v -0.844626 0.012588 -0.126995
v -0.835492 -0.017568 -0.150327
v -0.824484 -0.042257 -0.178725
v -0.812025 -0.060530 -0.211099
v -0.798594 -0.071685 -0.246204
v -0.809412 0.320548 -0.248587
v -0.829200 0.308883 -0.216813
v -0.847355 0.290141 -0.187551
v -0.863181 0.265040 -0.161925
v -0.876068 0.234546 -0.140920
v -0.885523 0.199831 -0.125343
v -0.891180 0.162228 -0.115793
v -0.892824 0.123183 -0.112637
v -0.890391 0.084196 -0.115996
v -0.883974 0.046766 -0.125741
v -0.873820 0.012330 -0.141498
v -0.860320 -0.017787 -0.162660
v -0.843991 -0.042429 -0.188415
v -0.825462 -0.060648 -0.217774
v -0.805444 -0.071745 -0.249607
v -0.815467 0.320499 -0.253261
v -0.841076 0.308787 -0.225981
v -0.864597 0.290001 -0.200861
v -0.885126 0.264862 -0.178865
v -0.901873 0.234337 -0.160840
v -0.914195 0.199598 -0.147477
v -0.921619 0.161981 -0.139290
v -0.923859 0.122931 -0.136594
v -0.920830 0.083949 -0.139493
v -0.912647 0.046533 -0.147875
v -0.899625 0.012121 -0.161417
v -0.882265 -0.017965 -0.179600
v -0.861233 -0.042569 -0.201725
v -0.837338 -0.060745 -0.226942
v -0.811499 -0.071794 -0.254280
v -0.820493 0.320463 -0.259026
v -0.850936 0.308717 -0.237290
v -0.878911 0.289899 -0.217279
v -0.903344 0.264732 -0.199762
v -0.923295 0.234184 -0.185411
v -0.937999 0.199428 -0.174779
v -0.946889 0.161801 -0.168274
v -0.949624 0.122747 -0.166146
v -0.946100 0.083769 -0.168477
v -0.936451 0.046363 -0.175177
v -0.921048 0.011968 -0.185989
v -0.900483 -0.018095 -0.200497
v -0.875547 -0.042671 -0.218143
v -0.847198 -0.060815 -0.238251
v -0.816525 -0.071830 -0.260046
v -0.788753 0.324686 -0.281651
v -0.824299 0.320441 -0.265661
v -0.858400 0.308675 -0.250305
v -0.889748 0.289838 -0.236174
v -0.917136 0.264655 -0.223811
v -0.939513 0.234093 -0.213690
v -0.956019 0.199328 -0.206201
v -0.966019 0.161694 -0.201631
v -0.969129 0.122639 -0.200157
v -0.965230 0.083662 -0.201834
v -0.954471 0.046263 -0.206599
v -0.937266 0.011877 -0.214267
v -0.914276 -0.018172 -0.224546
v -0.886384 -0.042732 -0.237039
v -0.854663 -0.060857 -0.251266
v -0.820331 -0.071851 -0.266681
v -0.826736 0.320436 -0.272911
v -0.863182 0.308663 -0.264527
v -0.896690 0.289822 -0.256820
v -0.925972 0.264634 -0.250088
v -0.949903 0.234069 -0.244589
v -0.967564 0.199300 -0.240534
v -0.978275 0.161665 -0.238079
v -0.981625 0.122609 -0.237319
v -0.977486 0.083633 -0.238282
v -0.966015 0.046235 -0.240932
v -0.947655 0.011853 -0.245167
v -0.923111 -0.018193 -0.250823
v -0.893326 -0.042748 -0.257685
v -0.859444 -0.060868 -0.265487
v -0.822768 -0.071857 -0.273931
v -0.827713 0.320446 -0.280497
v -0.865098 0.308683 -0.279408
v -0.899471 0.289850 -0.278424
v -0.929512 0.264670 -0.277585
v -0.954066 0.234111 -0.276922
v -0.972189 0.199347 -0.276460
v -0.983185 0.161714 -0.276218
v -0.986631 0.122659 -0.276205
v -0.982395 0.083682 -0.276421
v -0.970640 0.046282 -0.276858
v -0.951818 0.011895 -0.277499
v -0.926651 -0.018158 -0.278320
v -0.896107 -0.042720 -0.279289
v -0.861360 -0.060849 -0.280368
v -0.823745 -0.071847 -0.281517
v -0.827191 0.320471 -0.288128
v -0.864074 0.308732 -0.294376
v -0.897984 0.289921 -0.300156
v -0.927620 0.264761 -0.305243
v -0.951840 0.234218 -0.309445
v -0.969716 0.199466 -0.312598
v -0.980560 0.161841 -0.314582
v -0.983955 0.122788 -0.315320
v -0.979771 0.083809 -0.314785
v -0.968168 0.046401 -0.312996
v -0.949593 0.012002 -0.310022
v -0.924759 -0.018067 -0.305979
v -0.894620 -0.042649 -0.301020
v -0.860336 -0.060800 -0.295337
v -0.823223 -0.071822 -0.289148
v -0.825190 0.320510 -0.295511
v -0.860149 0.308809 -0.308858
v -0.892287 0.290033 -0.321179
v -0.920368 0.264904 -0.332001
v -0.943313 0.234386 -0.340909
v -0.960241 0.199652 -0.347559
v -0.970502 0.162039 -0.351696
v -0.973699 0.122990 -0.353161
v -0.969712 0.084007 -0.351899
v -0.958693 0.046587 -0.347957
v -0.941066 0.012170 -0.341486
v -0.917507 -0.017924 -0.332736
v -0.888923 -0.042536 -0.322043
v -0.856412 -0.060722 -0.309818
v -0.821222 -0.071783 -0.296531
v -0.821788 0.320562 -0.302361
v -0.853475 0.308912 -0.322295
v -0.882597 0.290182 -0.340687
v -0.908036 0.265093 -0.356830
v -0.928812 0.234608 -0.370104
v -0.944129 0.199900 -0.379999
v -0.953396 0.162301 -0.386134
v -0.956259 0.123258 -0.388275
v -0.952607 0.084269 -0.386337
v -0.942580 0.046835 -0.380397
v -0.926564 0.012392 -0.370682
v -0.905175 -0.017734 -0.357565
v -0.879234 -0.042388 -0.341551
v -0.849737 -0.060620 -0.323255
v -0.817820 -0.071730 -0.303381
v -0.817114 0.320625 -0.308416
v -0.844308 0.309035 -0.334172
v -0.869289 0.290362 -0.357929
v -0.891097 0.265321 -0.378776
v -0.908894 0.234877 -0.395909
v -0.921997 0.200198 -0.408672
v -0.929901 0.162618 -0.416574
v -0.932304 0.123581 -0.419310
v -0.929112 0.084586 -0.416777
v -0.920449 0.047133 -0.409070
v -0.906646 0.012661 -0.396487
v -0.888236 -0.017506 -0.379511
v -0.865925 -0.042208 -0.358794
v -0.840570 -0.060496 -0.335132
v -0.813146 -0.071667 -0.309436
v -0.811350 0.320697 -0.313442
v -0.833000 0.309175 -0.344032
v -0.852872 0.290565 -0.372244
v -0.870202 0.265580 -0.396995
v -0.884324 0.235181 -0.417333
v -0.894696 0.200536 -0.432477
v -0.900919 0.162977 -0.441844
v -0.902754 0.123947 -0.445076
v -0.900130 0.084945 -0.442047
v -0.893148 0.047471 -0.432874
v -0.882077 0.012965 -0.417910
v -0.867341 -0.017247 -0.397730
v -0.849508 -0.042005 -0.373108
v -0.829262 -0.060356 -0.344992
v -0.807382 -0.071596 -0.314462
v -0.804715 0.320774 -0.317248
v -0.819985 0.309326 -0.351496
v -0.833978 0.290784 -0.383080
v -0.846154 0.265859 -0.410787
v -0.856047 0.235509 -0.433551
v -0.863277 0.200901 -0.450497
v -0.867564 0.163364 -0.460975
v -0.868746 0.124341 -0.464581
v -0.866775 0.085332 -0.461177
v -0.861729 0.047836 -0.450895
v -0.853800 0.013293 -0.434128
v -0.843294 -0.016968 -0.411522
v -0.830614 -0.041786 -0.383945
v -0.816247 -0.060205 -0.352457
v -0.800747 -0.071519 -0.318267
v -0.797465 0.320853 -0.319685
v -0.805765 0.309483 -0.356278
v -0.813332 0.291011 -0.390022
v -0.819878 0.266148 -0.419622
v -0.825150 0.235849 -0.443940
v -0.828945 0.201278 -0.462041
v -0.831118 0.163764 -0.473230
v -0.831585 0.124750 -0.477076
v -0.830329 0.085733 -0.473433
v -0.827397 0.048213 -0.462439
v -0.822902 0.013633 -0.444518
v -0.817017 -0.016680 -0.420357
v -0.809969 -0.041559 -0.390887
v -0.802027 -0.060049 -0.357238
v -0.793497 -0.071439 -0.320705
v -0.789879 0.320933 -0.320662
v -0.790884 0.309638 -0.358193
v -0.791730 0.291237 -0.392803
v -0.792383 0.266435 -0.423162
v -0.792819 0.236186 -0.448102
v -0.793021 0.201653 -0.466665
v -0.792982 0.164163 -0.478139
v -0.792702 0.125156 -0.482081
v -0.792192 0.086131 -0.478342
v -0.791473 0.048588 -0.467063
v -0.790571 0.013970 -0.448679
v -0.789522 -0.016392 -0.423897
v -0.788366 -0.041333 -0.393668
v -0.787147 -0.059893 -0.359154
v -0.785911 -0.071360 -0.321682
v -0.782249 0.321008 -0.320140
v -0.775916 0.309787 -0.357169
v -0.770000 0.291453 -0.391316
v -0.764726 0.266710 -0.421268
v -0.760297 0.236510 -0.445876
v -0.756885 0.202013 -0.464192
v -0.754620 0.164544 -0.475513
v -0.753588 0.125545 -0.479404
v -0.753830 0.086512 -0.475716
v -0.755337 0.048947 -0.464590
v -0.758050 0.014294 -0.446453
v -0.761865 -0.016117 -0.422004
v -0.766636 -0.041117 -0.392180
v -0.772179 -0.059745 -0.358129
v -0.778281 -0.071284 -0.321159
v -0.774867 0.321078 -0.318139
v -0.761436 0.309923 -0.353244
v -0.748977 0.291650 -0.385617
v -0.737969 0.266962 -0.414016
v -0.728835 0.236806 -0.437347
v -0.721926 0.202341 -0.454716
v -0.717507 0.164893 -0.465453
v -0.715748 0.125901 -0.469147
v -0.716718 0.086862 -0.465656
v -0.720378 0.049276 -0.455114
v -0.726587 0.014590 -0.437925
v -0.735108 -0.015866 -0.414751
v -0.745613 -0.040919 -0.386482
v -0.757698 -0.059608 -0.354204
v -0.770899 -0.071215 -0.319158
v -0.768017 0.321138 -0.314736
v -0.747999 0.310042 -0.346569
v -0.729470 0.291823 -0.375927
v -0.713141 0.267181 -0.401682
v -0.699640 0.237063 -0.422845
v -0.689487 0.202628 -0.438601
v -0.683070 0.165197 -0.448346
v -0.680636 0.126210 -0.451705
v -0.682280 0.087165 -0.448549
v -0.687938 0.049563 -0.438999
v -0.697393 0.014847 -0.423422
v -0.710280 -0.015647 -0.402417
v -0.726106 -0.040747 -0.376791
v -0.744261 -0.059490 -0.347529
v -0.764049 -0.071154 -0.315755
v -0.761962 0.321187 -0.310062
v -0.736122 0.310138 -0.337401
v -0.712228 0.291962 -0.362617
v -0.691196 0.267359 -0.384742
v -0.673836 0.237273 -0.402925
v -0.660814 0.202860 -0.416468
v -0.652631 0.165444 -0.424849
v -0.649602 0.126462 -0.427748
v -0.651842 0.087412 -0.425052
v -0.659266 0.049795 -0.416865
v -0.671588 0.015057 -0.403502
v -0.688335 -0.015469 -0.385477
v -0.708864 -0.040607 -0.363481
v -0.732385 -0.059394 -0.338361
v -0.757994 -0.071105 -0.311082
v -0.784708 -0.075292 -0.282691
v -0.756935 0.321223 -0.304297
v -0.726263 0.310208 -0.326092
v -0.697913 0.292064 -0.346199
v -0.672977 0.267489 -0.363846
v -0.652413 0.237425 -0.378354
v -0.637010 0.203030 -0.389165
v -0.627361 0.165624 -0.395865
v -0.623837 0.126646 -0.398196
v -0.626572 0.087592 -0.396068
v -0.635462 0.049965 -0.389563
v -0.650165 0.015209 -0.378931
v -0.670117 -0.015339 -0.364581
v -0.694550 -0.040505 -0.347063
v -0.722525 -0.059323 -0.327052
v -0.752967 -0.071069 -0.305316
v -0.753130 0.321245 -0.297662
v -0.718798 0.310250 -0.313076
v -0.687077 0.292125 -0.327304
v -0.659185 0.267566 -0.339797
v -0.636195 0.237516 -0.350075
v -0.618990 0.203131 -0.357744
v -0.608231 0.165731 -0.362508
v -0.604332 0.126755 -0.364185
v -0.607442 0.087699 -0.362711
v -0.617442 0.050066 -0.358142
v -0.633947 0.015300 -0.350652
v -0.656325 -0.015262 -0.340532
v -0.683713 -0.040445 -0.328168
v -0.715060 -0.059282 -0.314037
v -0.749162 -0.071048 -0.298681
v -0.750692 0.321250 -0.290412
v -0.714016 0.310261 -0.298855
v -0.680135 0.292141 -0.306657
v -0.650349 0.267587 -0.313519
v -0.625805 0.237541 -0.319176
v -0.607445 0.203158 -0.323410
v -0.595975 0.165760 -0.326060
v -0.591836 0.126785 -0.327023
v -0.595186 0.087729 -0.326263
v -0.605897 0.050093 -0.323808
v -0.623558 0.015325 -0.319753
v -0.647489 -0.015241 -0.314254
v -0.676771 -0.040428 -0.307522
v -0.710279 -0.059270 -0.299816
v -0.746724 -0.071042 -0.291431
v -0.749716 0.321240 -0.282825
v -0.712101 0.310242 -0.283974
v -0.677354 0.292113 -0.285054
v -0.646810 0.267551 -0.286022
v -0.621643 0.237499 -0.286843
v -0.602821 0.203112 -0.287484
v -0.591066 0.165711 -0.287921
v -0.586830 0.126734 -0.288137
v -0.590276 0.087679 -0.288124
v -0.601272 0.050047 -0.287882
v -0.619395 0.015283 -0.287421
v -0.643949 -0.015276 -0.286757
v -0.673990 -0.040456 -0.285918
v -0.708363 -0.059289 -0.284935
v -0.745748 -0.071052 -0.283845
v -0.750238 0.321215 -0.275194
v -0.713125 0.310193 -0.269005
v -0.678840 0.292042 -0.263322
v -0.648702 0.267460 -0.258364
v -0.623868 0.237392 -0.254320
v -0.605293 0.202993 -0.251347
v -0.593690 0.165585 -0.249558
v -0.589506 0.126605 -0.249022
v -0.592901 0.087553 -0.249760
v -0.603745 0.049928 -0.251744
v -0.621620 0.015176 -0.254898
v -0.645841 -0.015367 -0.259099
v -0.675476 -0.040528 -0.264187
v -0.709387 -0.059339 -0.269966
v -0.746270 -0.071077 -0.276214
v -0.752239 0.321176 -0.267812
v -0.717049 0.310116 -0.254524
v -0.684538 0.291930 -0.242299
v -0.655954 0.267317 -0.231606
v -0.632395 0.237224 -0.222856
v -0.614768 0.202806 -0.216386
v -0.603749 0.165386 -0.212444
v -0.599761 0.126403 -0.211181
v -0.602959 0.087355 -0.212646
v -0.613219 0.049741 -0.216784
v -0.630148 0.015008 -0.223434
v -0.653093 -0.015510 -0.232341
v -0.681174 -0.040640 -0.243163
v -0.713312 -0.059416 -0.255485
v -0.748271 -0.071117 -0.268831
v -0.755641 0.321124 -0.260962
v -0.723724 0.310013 -0.241087
v -0.694227 0.291781 -0.222791
v -0.668286 0.267128 -0.206777
v -0.646896 0.237001 -0.193661
v -0.630880 0.202559 -0.183945
v -0.620854 0.165124 -0.178005
v -0.617202 0.126136 -0.176068
v -0.620065 0.087092 -0.178208
v -0.629332 0.049494 -0.184343
v -0.644649 0.014785 -0.194238
v -0.665425 -0.015699 -0.207512
v -0.690863 -0.040789 -0.223655
v -0.719986 -0.059519 -0.242047
v -0.751673 -0.071169 -0.261981
v -0.760314 0.321061 -0.254907
v -0.732891 0.309890 -0.229210
v -0.707536 0.291602 -0.205549
v -0.685225 0.266899 -0.184832
v -0.666815 0.236733 -0.167855
v -0.653012 0.202260 -0.155272
v -0.644349 0.164807 -0.147566
v -0.641157 0.125813 -0.145032
v -0.643560 0.086775 -0.147769
v -0.651464 0.049195 -0.155670
v -0.664567 0.014517 -0.168433
v -0.682364 -0.015928 -0.185567
v -0.704172 -0.040968 -0.206413
v -0.729153 -0.059642 -0.230171
v -0.756347 -0.071232 -0.255926
v -0.766079 0.320989 -0.249880
v -0.744199 0.309750 -0.219350
v -0.723953 0.291398 -0.191234
v -0.706120 0.266641 -0.166613
v -0.691384 0.236428 -0.146432
v -0.680313 0.201922 -0.131468
v -0.673331 0.164448 -0.122295
v -0.670707 0.125447 -0.119267
v -0.672542 0.086416 -0.122498
v -0.678764 0.048857 -0.131866
v -0.689137 0.014212 -0.147010
v -0.703259 -0.016187 -0.167348
v -0.720589 -0.041171 -0.192098
v -0.740461 -0.059782 -0.220310
v -0.762111 -0.071303 -0.250900
v -0.772714 0.320912 -0.246075
v -0.757213 0.309599 -0.211886
v -0.742847 0.291179 -0.180398
v -0.730167 0.266362 -0.152820
v -0.719661 0.236100 -0.130214
v -0.711732 0.201558 -0.113448
v -0.706686 0.164061 -0.103165
v -0.704715 0.125052 -0.099761
v -0.705896 0.086029 -0.103368
v -0.710184 0.048493 -0.113845
v -0.717413 0.013884 -0.130792
v -0.727306 -0.016466 -0.153555
v -0.739483 -0.041391 -0.181262
v -0.753476 -0.059933 -0.212846
v -0.768746 -0.071380 -0.247095
v -0.779964 0.320833 -0.243637
v -0.771434 0.309442 -0.207104
v -0.763492 0.290952 -0.173456
v -0.756443 0.266073 -0.143985
v -0.750559 0.235761 -0.119825
v -0.746064 0.201180 -0.101903
v -0.743132 0.163661 -0.090910
v -0.741875 0.124644 -0.087266
v -0.742343 0.085629 -0.091113
v -0.744516 0.048115 -0.102301
v -0.748311 0.013545 -0.120402
v -0.753583 -0.016754 -0.144720
v -0.760128 -0.041618 -0.174320
v -0.767696 -0.060089 -0.208064
v -0.775996 -0.071460 -0.244657
v -0.787549 0.320753 -0.242661
v -0.786314 0.309287 -0.205189
v -0.783939 0.265786 -0.140446
v -0.781988 0.200805 -0.097279
v -0.780440 0.047740 -0.097677
v -0.781078 -0.017042 -0.141181
v -0.781731 -0.041843 -0.171539
v -0.782576 -0.060245 -0.206149
v -0.783581 -0.071539 -0.243680
v -0.766911 0.300810 0.444494
v -0.766911 0.245630 0.499674
v -0.766911 0.173534 0.529537
v -0.766911 0.134516 0.533380
v -0.766911 0.095498 0.529537
v -0.766911 0.023402 0.499674
v -0.774523 0.330673 0.371649
v -0.781843 0.319292 0.408446
v -0.788589 0.300810 0.442359
v -0.794501 0.275937 0.472084
v -0.799354 0.245630 0.496479
v -0.802959 0.211052 0.514606
v -0.805180 0.173534 0.525768
v -0.805930 0.134516 0.529537
v -0.805180 0.095498 0.525768
v -0.802959 0.057979 0.514606
v -0.799354 0.023402 0.496479
v -0.794501 -0.006906 0.472084
v -0.788589 -0.031778 0.442359
v -0.781843 -0.050260 0.408446
v -0.774523 -0.061641 0.371649
v -0.781843 0.330673 0.369428
v -0.796201 0.319292 0.404091
v -0.809433 0.300810 0.436036
v -0.821031 0.275937 0.464037
v -0.830549 0.245630 0.487016
v -0.837622 0.211052 0.504091
v -0.841977 0.173534 0.514606
v -0.843448 0.134516 0.518156
v -0.841977 0.095498 0.514606
v -0.837622 0.057979 0.504091
v -0.830549 0.023402 0.487016
v -0.821031 -0.006906 0.464037
v -0.809433 -0.031778 0.436036
v -0.796201 -0.050260 0.404091
v -0.781843 -0.061641 0.369428
v -0.788589 0.330673 0.365823
v -0.809433 0.319292 0.397018
v -0.828643 0.300810 0.425768
v -0.845481 0.275937 0.450968
v -0.859299 0.245630 0.471649
v -0.869567 0.211052 0.487016
v -0.875890 0.173534 0.496479
v -0.878025 0.134516 0.499674
v -0.875890 0.095498 0.496479
v -0.869567 0.057979 0.487016
v -0.859299 0.023402 0.471649
v -0.845481 -0.006906 0.450968
v -0.828643 -0.031778 0.425768
v -0.809433 -0.050260 0.397018
v -0.788589 -0.061641 0.365823
v -0.794501 0.330673 0.360970
v -0.821031 0.319292 0.387500
v -0.845481 0.300810 0.411950
v -0.866911 0.275937 0.433380
v -0.884499 0.245630 0.450968
v -0.897568 0.211052 0.464037
v -0.905615 0.173534 0.472084
v -0.908333 0.134516 0.474802
v -0.905615 0.095498 0.472084
v -0.897568 0.057979 0.464037
v -0.884499 0.023402 0.450968
v -0.866911 -0.006906 0.433380
v -0.845481 -0.031778 0.411950
v -0.821031 -0.050260 0.387500
v -0.794501 -0.061641 0.360970
v -0.799354 0.330673 0.355058
v -0.830549 0.319292 0.375902
v -0.859299 0.300810 0.395112
v -0.884499 0.275937 0.411950
v -0.905180 0.245630 0.425768
v -0.920547 0.211052 0.436036
v -0.930010 0.173534 0.442359
v -0.933205 0.134516 0.444494
v -0.930010 0.095498 0.442359
v -0.920547 0.057979 0.436036
v -0.905180 0.023402 0.425768
v -0.884499 -0.006906 0.411950
v -0.859299 -0.031778 0.395112
v -0.830549 -0.050260 0.375902
v -0.799354 -0.061641 0.355058
v -0.766911 0.334516 0.333380
v -0.802959 0.330673 0.348312
v -0.837622 0.319292 0.362670
v -0.869567 0.300810 0.375902
v -0.897568 0.275937 0.387500
v -0.920547 0.245630 0.397018
v -0.937622 0.211052 0.404091
v -0.948137 0.173534 0.408446
v -0.951687 0.134516 0.409917
v -0.948137 0.095498 0.408446
v -0.937622 0.057979 0.404091
v -0.920547 0.023402 0.397018
v -0.897568 -0.006906 0.387500
v -0.869567 -0.031778 0.375902
v -0.837622 -0.050260 0.362670
v -0.802959 -0.061641 0.348312
v -0.805180 0.330673 0.340992
v -0.841977 0.319292 0.348312
v -0.875890 0.300810 0.355058
v -0.905615 0.275937 0.360970
v -0.930010 0.245630 0.365823
v -0.948137 0.211052 0.369428
v -0.959299 0.173534 0.371649
v -0.963068 0.134516 0.372398
v -0.959299 0.095498 0.371649
v -0.948137 0.057979 0.369428
v -0.930010 0.023402 0.365823
v -0.905615 -0.006906 0.360970
v -0.875890 -0.031778 0.355058
v -0.841977 -0.050260 0.348312
v -0.805180 -0.061641 0.340992
v -0.805929 0.330673 0.333380
v -0.843448 0.319292 0.333380
v -0.878025 0.300810 0.333380
v -0.908333 0.275937 0.333380
v -0.933205 0.245630 0.333380
v -0.951687 0.211052 0.333380
v -0.963068 0.173534 0.333380
v -0.966911 0.134516 0.333380
v -0.963068 0.095498 0.333380
v -0.951687 0.057979 0.333380
v -0.933205 0.023402 0.333380
v -0.908333 -0.006906 0.333380
v -0.878025 -0.031778 0.333380
v -0.843448 -0.050260 0.333380
v -0.805929 -0.061641 0.333380
v -0.805180 0.330673 0.325768
v -0.841977 0.319292 0.318449
v -0.875890 0.300810 0.311703
v -0.905615 0.275937 0.305790
v -0.930010 0.245630 0.300938
v -0.948137 0.211052 0.297332
v -0.959299 0.173534 0.295112
v -0.963068 0.134516 0.294362
v -0.959299 0.095498 0.295112
v -0.948137 0.057979 0.297332
v -0.930010 0.023402 0.300938
v -0.905615 -0.006906 0.305790
v -0.875890 -0.031778 0.311703
v -0.841977 -0.050260 0.318449
v -0.805180 -0.061641 0.325768
v -0.802959 0.330673 0.318449
v -0.837622 0.319292 0.304091
v -0.869567 0.300810 0.290859
v -0.897568 0.275937 0.279261
v -0.920547 0.245630 0.269742
v -0.937622 0.211052 0.262670
v -0.948137 0.173534 0.258314
v -0.951687 0.134516 0.256844
v -0.948137 0.095498 0.258314
v -0.937622 0.057979 0.262670
v -0.920547 0.023402 0.269742
v -0.897568 -0.006906 0.279261
v -0.869567 -0.031778 0.290859
v -0.837622 -0.050260 0.304091
v -0.802959 -0.061641 0.318449
v -0.799354 0.330673 0.311703
v -0.830549 0.319292 0.290859
v -0.859299 0.300810 0.271649
v -0.884499 0.275937 0.254811
v -0.905180 0.245630 0.240992
v -0.920547 0.211052 0.230724
v -0.930010 0.173534 0.224401
v -0.933205 0.134516 0.222266
v -0.930010 0.095498 0.224401
v -0.920547 0.057979 0.230724
v -0.905180 0.023402 0.240992
v -0.884499 -0.006906 0.254811
v -0.859299 -0.031778 0.271649
v -0.830549 -0.050260 0.290859
v -0.799354 -0.061641 0.311703
v -0.794501 0.330673 0.305790
v -0.821031 0.319292 0.279261
v -0.845481 0.300810 0.254811
v -0.866911 0.275937 0.233380
v -0.884499 0.245630 0.215793
v -0.897568 0.211052 0.202724
v -0.905615 0.173534 0.194676
v -0.908333 0.134516 0.191959
v -0.905615 0.095498 0.194676
v -0.897568 0.057979 0.202724
v -0.884499 0.023402 0.215793
v -0.866911 -0.006906 0.233380
v -0.845481 -0.031778 0.254811
v -0.821031 -0.050260 0.279261
v -0.794501 -0.061641 0.305790
v -0.788589 0.330673 0.300938
v -0.809433 0.319292 0.269742
v -0.828643 0.300810 0.240992
v -0.845481 0.275937 0.215793
v -0.859299 0.245630 0.195112
v -0.869567 0.211052 0.179745
v -0.875890 0.173534 0.170282
v -0.878025 0.134516 0.167086
v -0.875890 0.095498 0.170282
v -0.869567 0.057979 0.179745
v -0.859299 0.023402 0.195112
v -0.845481 -0.006906 0.215793
v -0.828643 -0.031778 0.240992
v -0.809433 -0.050260 0.269742
v -0.788589 -0.061641 0.300938
v -0.781843 0.330673 0.297332
v -0.796201 0.319292 0.262670
v -0.809433 0.300810 0.230724
v -0.821031 0.275937 0.202724
v -0.830549 0.245630 0.179745
v -0.837622 0.211052 0.162670
v -0.841977 0.173534 0.152155
v -0.843448 0.134516 0.148604
v -0.841977 0.095498 0.152155
v -0.837622 0.057979 0.162670
v -0.830549 0.023402 0.179745
v -0.821031 -0.006906 0.202724
v -0.809433 -0.031778 0.230724
v -0.796201 -0.050260 0.262670
v -0.781843 -0.061641 0.297332
v -0.774523 0.330673 0.295112
v -0.781843 0.319292 0.258314
v -0.788589 0.300810 0.224401
v -0.794501 0.275937 0.194676
v -0.799354 0.245630 0.170282
v -0.802959 0.211052 0.152155
v -0.805180 0.173534 0.140992
v -0.805929 0.134516 0.137223
v -0.805180 0.095498 0.140992
v -0.802959 0.057979 0.152155
v -0.799354 0.023402 0.170282
v -0.794501 -0.006906 0.194676
v -0.788589 -0.031778 0.224401
v -0.781843 -0.050260 0.258314
v -0.774523 -0.061641 0.295112
v -0.766911 0.330673 0.294362
v -0.766911 0.319292 0.256844
v -0.766911 0.300810 0.222266
v -0.766911 0.275937 0.191959
v -0.766911 0.245630 0.167086
v -0.766911 0.211052 0.148604
v -0.766911 0.173534 0.137223
v -0.766911 0.134516 0.133380
v -0.766911 0.095498 0.137223
v -0.766911 0.057979 0.148604
v -0.766911 0.023402 0.167086
v -0.766911 -0.006906 0.191959
v -0.766911 -0.031778 0.222266
v -0.766911 -0.050260 0.256844
v -0.766911 -0.061641 0.294362
v -0.759299 0.330673 0.295112
v -0.751980 0.319292 0.258314
v -0.745234 0.300810 0.224401
v -0.739322 0.275937 0.194676
v -0.734469 0.245630 0.170282
v -0.730863 0.211052 0.152155
v -0.728643 0.173534 0.140992
v -0.727893 0.134516 0.137223
v -0.728643 0.095498 0.140992
v -0.730863 0.057979 0.152155
v -0.734469 0.023402 0.170282
v -0.739322 -0.006906 0.194676
v -0.745234 -0.031778 0.224401
v -0.751980 -0.050260 0.258314
v -0.759299 -0.061641 0.295112
v -0.751980 0.330673 0.297332
v -0.737622 0.319292 0.262670
v -0.724390 0.300810 0.230724
v -0.712792 0.275937 0.202724
v -0.703274 0.245630 0.179745
v -0.696201 0.211052 0.162670
v -0.691845 0.173534 0.152155
v -0.690375 0.134516 0.148604
v -0.691845 0.095498 0.152155
v -0.696201 0.057979 0.162670
v -0.703274 0.023402 0.179745
v -0.712792 -0.006906 0.202724
v -0.724390 -0.031778 0.230724
v -0.737622 -0.050260 0.262670
v -0.751980 -0.061641 0.297332
v -0.745234 0.330673 0.300938
v -0.724390 0.319292 0.269742
v -0.705180 0.300810 0.240992
v -0.688342 0.275937 0.215793
v -0.674524 0.245630 0.195112
v -0.664255 0.211052 0.179745
v -0.657932 0.173534 0.170282
v -0.655797 0.134516 0.167086
v -0.657932 0.095498 0.170282
v -0.664255 0.057979 0.179745
v -0.674524 0.023402 0.195112
v -0.688342 -0.006906 0.215793
v -0.705180 -0.031778 0.240992
v -0.724390 -0.050260 0.269742
v -0.745234 -0.061641 0.300938
v -0.739322 0.330673 0.305790
v -0.712792 0.319292 0.279261
v -0.688342 0.300810 0.254811
v -0.666911 0.275937 0.233380
v -0.649324 0.245630 0.215793
v -0.636255 0.211052 0.202724
v -0.628208 0.173534 0.194676
v -0.625490 0.134516 0.191959
v -0.628208 0.095498 0.194676
v -0.636255 0.057979 0.202724
v -0.649324 0.023402 0.215793
v -0.666911 -0.006906 0.233380
v -0.688342 -0.031778 0.254811
v -0.712792 -0.050260 0.279261
v -0.739322 -0.061641 0.305790
v -0.766911 -0.065484 0.333380
v -0.734469 0.330673 0.311703
v -0.703274 0.319292 0.290859
v -0.674524 0.300810 0.271649
v -0.649324 0.275937 0.254811
v -0.628643 0.245630 0.240992
v -0.613276 0.211052 0.230724
v -0.603813 0.173534 0.224401
v -0.600618 0.134516 0.222266
v -0.603813 0.095498 0.224401
v -0.613276 0.057979 0.230724
v -0.628643 0.023402 0.240992
v -0.649324 -0.006906 0.254811
v -0.674524 -0.031778 0.271649
v -0.703274 -0.050260 0.290859
v -0.734469 -0.061641 0.311703
v -0.730864 0.330673 0.318449
v -0.696201 0.319292 0.304091
v -0.664255 0.300810 0.290859
v -0.636255 0.275937 0.279261
v -0.613276 0.245630 0.269742
v -0.596201 0.211052 0.262670
v -0.585686 0.173534 0.258314
v -0.582136 0.134516 0.256844
v -0.585686 0.095498 0.258314
v -0.596201 0.057979 0.262670
v -0.613276 0.023402 0.269742
v -0.636255 -0.006906 0.279261
v -0.664255 -0.031778 0.290859
v -0.696201 -0.050260 0.304091
v -0.730864 -0.061641 0.318449
v -0.728643 0.330673 0.325768
v -0.691845 0.319292 0.318449
v -0.657933 0.300810 0.311703
v -0.628208 0.275937 0.305790
v -0.603813 0.245630 0.300938
v -0.585686 0.211052 0.297332
v -0.574524 0.173534 0.295112
v -0.570755 0.134516 0.294362
v -0.574524 0.095498 0.295112
v -0.585686 0.057979 0.297332
v -0.603813 0.023402 0.300938
v -0.628208 -0.006906 0.305790
v -0.657933 -0.031778 0.311703
v -0.691845 -0.050260 0.318449
v -0.728643 -0.061641 0.325768
v -0.727893 0.330673 0.333380
v -0.690375 0.319292 0.333380
v -0.655797 0.300810 0.333380
v -0.625490 0.275937 0.333380
v -0.600618 0.245630 0.333380
v -0.582136 0.211052 0.333380
v -0.570754 0.173534 0.333380
v -0.566912 0.134516 0.333380
v -0.570754 0.095498 0.333380
v -0.582136 0.057979 0.333380
v -0.600618 0.023402 0.333380
v -0.625490 -0.006906 0.333380
v -0.655797 -0.031778 0.333380
v -0.690375 -0.050260 0.333380
v -0.727893 -0.061641 0.333380
v -0.728643 0.330673 0.340992
v -0.691845 0.319292 0.348312
v -0.657933 0.300810 0.355058
v -0.628208 0.275937 0.360970
v -0.603813 0.245630 0.365823
v -0.585686 0.211052 0.369428
v -0.574524 0.173534 0.371649
v -0.570755 0.134516 0.372398
v -0.574524 0.095498 0.371649
v -0.585686 0.057979 0.369428
v -0.603813 0.023402 0.365823
v -0.628208 -0.006906 0.360970
v -0.657933 -0.031778 0.355058
v -0.691845 -0.050260 0.348312
v -0.728643 -0.061641 0.340992
v -0.730864 0.330673 0.348312
v -0.696201 0.319292 0.362670
v -0.664256 0.300810 0.375902
v -0.636255 0.275937 0.387500
v -0.613276 0.245630 0.397018
v -0.596201 0.211052 0.404091
v -0.585686 0.173534 0.408446
v -0.582136 0.134516 0.409917
v -0.585686 0.095498 0.408446
v -0.596201 0.057979 0.404091
v -0.613276 0.023402 0.397018
v -0.636255 -0.006906 0.387500
v -0.664256 -0.031778 0.375902
v -0.696201 -0.050260 0.362670
v -0.730864 -0.061641 0.348312
v -0.734469 0.330673 0.355058
v -0.703274 0.319292 0.375902
v -0.674524 0.300810 0.395112
v -0.649324 0.275937 0.411950
v -0.628643 0.245630 0.425768
v -0.613276 0.211052 0.436036
v -0.603813 0.173534 0.442359
v -0.600618 0.134516 0.444494
v -0.603813 0.095498 0.442359
v -0.613276 0.057979 0.436036
v -0.628643 0.023402 0.425768
v -0.649324 -0.006906 0.411950
v -0.674524 -0.031778 0.395112
v -0.703274 -0.050260 0.375902
v -0.734469 -0.061641 0.355058
v -0.739322 0.330673 0.360970
v -0.712792 0.319292 0.387500
v -0.688342 0.300810 0.411950
v -0.666911 0.275937 0.433380
v -0.649324 0.245630 0.450968
v -0.636255 0.211052 0.464036
v -0.628208 0.173534 0.472084
v -0.625490 0.134516 0.474802
v -0.628208 0.095498 0.472084
v -0.636255 0.057979 0.464036
v -0.649324 0.023402 0.450968
v -0.666911 -0.006906 0.433380
v -0.688342 -0.031778 0.411950
v -0.712792 -0.050260 0.387500
v -0.739322 -0.061641 0.360970
v -0.745234 0.330673 0.365823
v -0.724390 0.319292 0.397018
v -0.705180 0.300810 0.425768
v -0.688342 0.275937 0.450968
v -0.674524 0.245630 0.471649
v -0.664255 0.211052 0.487016
v -0.657933 0.173534 0.496479
v -0.655798 0.134516 0.499674
v -0.657933 0.095498 0.496479
v -0.664255 0.057979 0.487016
v -0.674524 0.023402 0.471649
v -0.688342 -0.006906 0.450968
v -0.705180 -0.031778 0.425768
v -0.724390 -0.050260 0.397018
v -0.745234 -0.061641 0.365823
v -0.751980 0.330673 0.369428
v -0.737622 0.319292 0.404091
v -0.724390 0.300810 0.436036
v -0.712792 0.275937 0.464037
v -0.703274 0.245630 0.487016
v -0.696201 0.211052 0.504091
v -0.691845 0.173534 0.514606
v -0.690375 0.134516 0.518156
v -0.691845 0.095498 0.514606
v -0.696201 0.057979 0.504091
v -0.703274 0.023402 0.487016
v -0.712792 -0.006906 0.464037
v -0.724390 -0.031778 0.436036
v -0.737622 -0.050260 0.404091
v -0.751980 -0.061641 0.369428
v -0.759299 0.330673 0.371649
v -0.751980 0.319292 0.408446
v -0.745234 0.300810 0.442359
v -0.739322 0.275937 0.472084
v -0.734469 0.245630 0.496479
v -0.730864 0.211052 0.514606
v -0.728643 0.173534 0.525768
v -0.727894 0.134516 0.529537
v -0.728643 0.095498 0.525768
v -0.730864 0.057979 0.514606
v -0.734469 0.023402 0.496479
v -0.739322 -0.006906 0.472084
v -0.745234 -0.031778 0.442359
v -0.751980 -0.050260 0.408446
v -0.759299 -0.061641 0.371649
v -0.766911 0.330673 0.372398
v -0.766911 0.319292 0.409917
v -0.766911 0.275937 0.474802
v -0.766911 0.211052 0.518156
v -0.766911 0.057979 0.518156
v -0.766911 -0.006906 0.474802
v -0.766912 -0.031778 0.444494
v -0.766911 -0.050260 0.409917
v -0.766911 -0.061641 0.372398
v -0.317002 0.000000 0.500000
v -0.317002 -0.097545 0.490393
v -0.317002 -0.191342 0.461940
v -0.317002 -0.277785 0.415735
v -0.317002 -0.353553 0.353553
v -0.317002 -0.415735 0.277785
v -0.317002 -0.461940 0.191342
v -0.317002 -0.490393 0.097545
v -0.317002 -0.500000 0.000000
v -0.317002 -0.490393 -0.097545
v -0.317002 -0.461940 -0.191342
v -0.317002 -0.415735 -0.277785
v -0.317002 -0.353553 -0.353553
v -0.317002 -0.277785 -0.415735
v -0.317002 -0.191342 -0.461940
v -0.317002 -0.097545 -0.490393
v -0.317002 0.000000 -0.500000
v -0.317002 0.097545 -0.490393
v -0.317002 0.191342 -0.461940
v -0.317002 0.277785 -0.415735
v -0.317002 0.353553 -0.353553
v -0.317002 0.415735 -0.277785
v -0.317002 0.461940 -0.191342
v -0.317002 0.490393 -0.097545
v -0.317002 0.500000 0.000000
v -0.317002 0.490393 0.097545
v -0.317002 0.461940 0.191342
v -0.317002 0.415735 0.277785
v -0.317002 0.353553 0.353553
v -0.317002 0.277785 0.415735
v -0.317002 0.191342 0.461940
v -0.317002 0.097545 0.490393
v -1.317002 -0.000000 0.000000
vn -0.0938 -0.2890 0.9527
vn -0.0464 0.8810 0.4709
vn -0.0865 -0.4696 0.8786
vn -0.0624 0.7715 0.6332
vn -0.0759 -0.6326 0.7708
vn -0.0759 0.6326 0.7708
vn -0.0624 -0.7715 0.6332
vn -0.0865 0.4696 0.8786
vn -0.0464 -0.8810 0.4709
vn -0.0938 0.2890 0.9527
vn -0.0286 -0.9565 0.2902
vn -0.0975 0.0975 0.9904
vn -0.0097 0.9951 0.0980
vn -0.0097 -0.9951 0.0980
vn -0.0975 -0.0976 0.9904
vn -0.0286 0.9565 0.2902
vn -0.2889 -0.0976 0.9524
vn -0.0846 0.9565 0.2790
vn -0.2779 -0.2890 0.9161
vn -0.1374 0.8810 0.4528
vn -0.2563 -0.4696 0.8448
vn -0.1847 0.7715 0.6088
vn -0.2248 -0.6326 0.7412
vn -0.2248 0.6326 0.7412
vn -0.1847 -0.7715 0.6088
vn -0.2563 0.4696 0.8448
vn -0.1374 -0.8810 0.4528
vn -0.2779 0.2890 0.9161
vn -0.0846 -0.9565 0.2790
vn -0.2889 0.0976 0.9524
vn -0.0286 0.9951 0.0942
vn -0.0286 -0.9951 0.0942
vn -0.2999 -0.7715 0.5611
vn -0.4162 0.4696 0.7786
vn -0.2230 -0.8810 0.4173
vn -0.4513 0.2890 0.8443
vn -0.1374 -0.9565 0.2571
vn -0.4691 0.0975 0.8777
vn -0.0464 0.9951 0.0869
vn -0.0464 -0.9951 0.0869
vn -0.4691 -0.0975 0.8777
vn -0.1374 0.9565 0.2571
vn -0.4513 -0.2890 0.8443
vn -0.2231 0.8810 0.4173
vn -0.4162 -0.4696 0.7786
vn -0.2999 0.7715 0.5611
vn -0.3651 -0.6326 0.6831
vn -0.3651 0.6326 0.6831
vn -0.1850 0.9565 0.2254
vn -0.6073 -0.2890 0.7400
vn -0.3002 0.8810 0.3658
vn -0.5601 -0.4696 0.6825
vn -0.4036 0.7715 0.4918
vn -0.4913 -0.6326 0.5987
vn -0.4913 0.6326 0.5987
vn -0.4036 -0.7715 0.4918
vn -0.5601 0.4696 0.6825
vn -0.3002 -0.8810 0.3658
vn -0.6073 0.2890 0.7400
vn -0.1850 -0.9565 0.2254
vn -0.6314 0.0975 0.7693
vn -0.0625 0.9951 0.0761
vn -0.0625 -0.9951 0.0761
vn -0.6314 -0.0975 0.7693
vn -0.6825 0.4696 0.5601
vn -0.3658 -0.8810 0.3002
vn -0.7400 0.2890 0.6073
vn -0.2254 -0.9566 0.1850
vn -0.7693 0.0975 0.6314
vn -0.0761 0.9951 0.0625
vn -0.0761 -0.9951 0.0625
vn -0.7693 -0.0975 0.6314
vn -0.2254 0.9565 0.1850
vn -0.7400 -0.2890 0.6073
vn -0.3658 0.8810 0.3002
vn -0.6825 -0.4696 0.5601
vn -0.4918 0.7715 0.4036
vn -0.5987 -0.6326 0.4913
vn -0.5987 0.6326 0.4913
vn -0.4918 -0.7715 0.4036
vn -0.8443 -0.2890 0.4513
vn -0.4173 0.8810 0.2230
vn -0.7786 -0.4696 0.4162
vn -0.5611 0.7715 0.2999
vn -0.6831 -0.6326 0.3651
vn -0.6831 0.6326 0.3651
vn -0.5611 -0.7715 0.2999
vn -0.7786 0.4696 0.4162
vn -0.4173 -0.8810 0.2230
vn -0.8443 0.2890 0.4513
vn -0.2571 -0.9565 0.1374
vn -0.8777 0.0975 0.4691
vn -0.0869 0.9951 0.0464
vn -0.0869 -0.9951 0.0464
vn -0.8777 -0.0975 0.4691
vn -0.2571 0.9565 0.1374
vn -0.4528 -0.8810 0.1374
vn -0.9161 0.2890 0.2779
vn -0.2790 -0.9565 0.0846
vn -0.9524 0.0975 0.2889
vn -0.0942 0.9951 0.0286
vn -0.0942 -0.9951 0.0286
vn -0.9524 -0.0975 0.2889
vn -0.2790 0.9565 0.0846
vn -0.9161 -0.2890 0.2779
vn -0.4528 0.8810 0.1374
vn -0.8448 -0.4696 0.2563
vn -0.6088 0.7715 0.1847
vn -0.7412 -0.6326 0.2248
vn -0.7412 0.6326 0.2248
vn -0.6088 -0.7715 0.1847
vn -0.8448 0.4696 0.2563
vn -0.8786 -0.4696 0.0865
vn -0.6332 0.7715 0.0624
vn -0.7708 -0.6326 0.0759
vn -0.7708 0.6326 0.0759
vn -0.6332 -0.7715 0.0624
vn -0.8786 0.4696 0.0865
vn -0.4709 -0.8810 0.0464
vn -0.9527 0.2890 0.0938
vn -0.2902 -0.9565 0.0286
vn -0.9904 0.0975 0.0975
vn -0.0980 0.9951 0.0097
vn -0.0980 -0.9951 0.0097
vn -0.9904 -0.0975 0.0975
vn -0.2902 0.9565 0.0286
vn -0.9527 -0.2890 0.0938
vn -0.4709 0.8810 0.0464
vn -0.2902 -0.9565 -0.0286
vn -0.9904 0.0975 -0.0976
vn -0.0980 0.9951 -0.0097
vn -0.0980 -0.9951 -0.0097
vn -0.9904 -0.0975 -0.0976
vn -0.2902 0.9565 -0.0286
vn -0.9527 -0.2890 -0.0938
vn -0.4709 0.8810 -0.0464
vn -0.8786 -0.4696 -0.0865
vn -0.6332 0.7715 -0.0624
vn -0.7708 -0.6326 -0.0759
vn -0.7708 0.6326 -0.0759
vn -0.6332 -0.7715 -0.0624
vn -0.8786 0.4696 -0.0865
vn -0.4709 -0.8810 -0.0464
vn -0.9527 0.2890 -0.0938
vn -0.6088 0.7715 -0.1847
vn -0.7412 -0.6326 -0.2248
vn -0.7412 0.6326 -0.2248
vn -0.6088 -0.7715 -0.1847
vn -0.8448 0.4696 -0.2563
vn -0.4528 -0.8810 -0.1374
vn -0.9161 0.2890 -0.2779
vn -0.2790 -0.9565 -0.0846
vn -0.9524 0.0975 -0.2889
vn -0.0942 0.9951 -0.0286
vn -0.0942 -0.9951 -0.0286
vn -0.9524 -0.0975 -0.2889
vn -0.2790 0.9565 -0.0846
vn -0.9161 -0.2890 -0.2779
vn -0.4528 0.8810 -0.1374
vn -0.8448 -0.4696 -0.2563
vn -0.8777 0.0975 -0.4691
vn -0.0869 0.9951 -0.0464
vn -0.0869 -0.9951 -0.0464
vn -0.8777 -0.0975 -0.4691
vn -0.2571 0.9565 -0.1374
vn -0.8443 -0.2890 -0.4513
vn -0.4173 0.8810 -0.2231
vn -0.7786 -0.4696 -0.4162
vn -0.5611 0.7715 -0.2999
vn -0.6831 -0.6326 -0.3651
vn -0.6831 0.6326 -0.3651
vn -0.5611 -0.7715 -0.2999
vn -0.7786 0.4696 -0.4162
vn -0.4173 -0.8810 -0.2230
vn -0.8443 0.2890 -0.4513
vn -0.2571 -0.9565 -0.1374
vn -0.5987 -0.6326 -0.4913
vn -0.5987 0.6326 -0.4913
vn -0.4918 -0.7715 -0.4036
vn -0.6825 0.4696 -0.5601
vn -0.3658 -0.8810 -0.3002
vn -0.7400 0.2890 -0.6073
vn -0.2254 -0.9565 -0.1850
vn -0.7693 0.0975 -0.6314
vn -0.0761 0.9951 -0.0625
vn -0.0761 -0.9951 -0.0625
vn -0.7693 -0.0975 -0.6314
vn -0.2254 0.9565 -0.1850
vn -0.7400 -0.2890 -0.6073
vn -0.3658 0.8810 -0.3002
vn -0.6825 -0.4696 -0.5601
vn -0.4918 0.7715 -0.4036
vn -0.0625 0.9951 -0.0761
vn -0.0625 -0.9951 -0.0761
vn -0.6314 -0.0975 -0.7693
vn -0.1850 0.9565 -0.2254
vn -0.6073 -0.2890 -0.7400
vn -0.3002 0.8810 -0.3658
vn -0.5601 -0.4696 -0.6825
vn -0.4036 0.7715 -0.4918
vn -0.4913 -0.6326 -0.5987
vn -0.4913 0.6326 -0.5987
vn -0.4036 -0.7715 -0.4918
vn -0.5601 0.4696 -0.6825
vn -0.3002 -0.8810 -0.3658
vn -0.6073 0.2890 -0.7400
vn -0.1850 -0.9565 -0.2254
vn -0.6314 0.0975 -0.7693
vn -0.3651 0.6326 -0.6831
vn -0.2999 -0.7715 -0.5611
vn -0.4162 0.4696 -0.7786
vn -0.2230 -0.8810 -0.4173
vn -0.4513 0.2890 -0.8443
vn -0.1374 -0.9565 -0.2571
vn -0.4691 0.0975 -0.8777
vn -0.0464 0.9951 -0.0869
vn -0.0464 -0.9951 -0.0869
vn -0.4691 -0.0975 -0.8777
vn -0.1374 0.9565 -0.2571
vn -0.4513 -0.2890 -0.8443
vn -0.2230 0.8810 -0.4173
vn -0.4162 -0.4696 -0.7786
vn -0.2999 0.7715 -0.5611
vn -0.3651 -0.6326 -0.6831
vn -0.2889 -0.0975 -0.9524
vn -0.0846 0.9565 -0.2790
vn -0.2779 -0.2890 -0.9161
vn -0.1374 0.8810 -0.4528
vn -0.2563 -0.4696 -0.8448
vn -0.1847 0.7715 -0.6088
vn -0.2248 -0.6326 -0.7412
vn -0.2248 0.6326 -0.7412
vn -0.1847 -0.7715 -0.6088
vn -0.2563 0.4696 -0.8448
vn -0.1374 -0.8810 -0.4528
vn -0.2779 0.2890 -0.9161
vn -0.0846 -0.9565 -0.2790
vn -0.2889 0.0975 -0.9524
vn -0.0286 0.9951 -0.0942
vn -0.0286 -0.9951 -0.0942
vn -0.0624 -0.7715 -0.6332
vn -0.0865 0.4696 -0.8786
vn -0.0464 -0.8810 -0.4709
vn -0.0938 0.2890 -0.9527
vn -0.0286 -0.9565 -0.2902
vn -0.0975 0.0975 -0.9904
vn -0.0097 0.9951 -0.0980
vn -0.0097 -0.9951 -0.0980
vn -0.0975 -0.0975 -0.9904
vn -0.0286 0.9565 -0.2902
vn -0.0938 -0.2890 -0.9527
vn -0.0464 0.8810 -0.4709
vn -0.0865 -0.4696 -0.8786
vn -0.0624 0.7715 -0.6332
vn -0.0759 -0.6326 -0.7708
vn -0.0759 0.6326 -0.7708
vn 0.0938 -0.2890 -0.9527
vn 0.0464 0.8810 -0.4709
vn 0.0865 -0.4696 -0.8786
vn 0.0624 0.7715 -0.6332
vn 0.0759 -0.6326 -0.7708
vn 0.0759 0.6326 -0.7708
vn 0.0624 -0.7715 -0.6332
vn 0.0865 0.4696 -0.8786
vn 0.0464 -0.8810 -0.4709
vn 0.0938 0.2890 -0.9527
vn 0.0286 -0.9565 -0.2902
vn 0.0976 0.0975 -0.9904
vn 0.0097 0.9951 -0.0980
vn 0.0097 -0.9951 -0.0980
vn 0.0975 -0.0975 -0.9904
vn 0.0286 0.9565 -0.2902
vn 0.1374 -0.8810 -0.4528
vn 0.2779 0.2890 -0.9161
vn 0.0846 -0.9565 -0.2790
vn 0.2889 0.0975 -0.9524
vn 0.0286 0.9951 -0.0942
vn 0.0286 -0.9951 -0.0942
vn 0.2889 -0.0975 -0.9524
vn 0.0846 0.9565 -0.2790
vn 0.2779 -0.2890 -0.9161
vn 0.1374 0.8810 -0.4528
vn 0.2563 -0.4696 -0.8448
vn 0.1847 0.7715 -0.6088
vn 0.2248 -0.6326 -0.7412
vn 0.2248 0.6326 -0.7412
vn 0.1847 -0.7715 -0.6088
vn 0.2563 0.4696 -0.8448
vn 0.2230 0.8810 -0.4173
vn 0.4162 -0.4696 -0.7786
vn 0.2999 0.7715 -0.5611
vn 0.3651 -0.6326 -0.6831
vn 0.3651 0.6326 -0.6831
vn 0.2999 -0.7715 -0.5611
vn 0.4162 0.4696 -0.7786
vn 0.2230 -0.8810 -0.4173
vn 0.4513 0.2890 -0.8443
vn 0.1374 -0.9565 -0.2571
vn 0.4691 0.0975 -0.8777
vn 0.0464 0.9951 -0.0869
vn 0.0464 -0.9951 -0.0869
vn 0.4691 -0.0975 -0.8777
vn 0.1374 0.9565 -0.2571
vn 0.4513 -0.2890 -0.8443
vn 0.6073 0.2890 -0.7400
vn 0.1850 -0.9565 -0.2254
vn 0.6314 0.0975 -0.7693
vn 0.0625 0.9951 -0.0761
vn 0.0625 -0.9951 -0.0761
vn 0.6314 -0.0975 -0.7693
vn 0.1850 0.9565 -0.2254
vn 0.6073 -0.2890 -0.7400
vn 0.3002 0.8810 -0.3658
vn 0.5601 -0.4696 -0.6825
vn 0.4036 0.7715 -0.4918
vn 0.4913 -0.6326 -0.5987
vn 0.4913 0.6326 -0.5987
vn 0.4036 -0.7715 -0.4918
vn 0.5601 0.4696 -0.6825
vn 0.3002 -0.8810 -0.3658
vn 0.6825 -0.4696 -0.5601
vn 0.4918 0.7715 -0.4036
vn 0.5987 -0.6326 -0.4913
vn 0.5987 0.6326 -0.4913
vn 0.4918 -0.7715 -0.4036
vn 0.6825 0.4696 -0.5601
vn 0.3658 -0.8810 -0.3002
vn 0.7400 0.2890 -0.6073
vn 0.2254 -0.9566 -0.1850
vn 0.7693 0.0975 -0.6314
vn 0.0761 0.9951 -0.0625
vn 0.0761 -0.9951 -0.0625
vn 0.7693 -0.0975 -0.6314
vn 0.2254 0.9565 -0.1850
vn 0.7400 -0.2890 -0.6073
vn 0.3658 0.8810 -0.3002
vn 0.2571 -0.9565 -0.1374
vn 0.8777 0.0975 -0.4691
vn 0.0869 0.9951 -0.0464
vn 0.0869 -0.9951 -0.0464
vn 0.8777 -0.0975 -0.4691
vn 0.2571 0.9565 -0.1374
vn 0.8443 -0.2890 -0.4513
vn 0.4173 0.8810 -0.2230
vn 0.7786 -0.4696 -0.4162
vn 0.5611 0.7715 -0.2999
vn 0.6831 -0.6326 -0.3651
vn 0.6831 0.6326 -0.3651
vn 0.5611 -0.7715 -0.2999
vn 0.7786 0.4696 -0.4162
vn 0.4173 -0.8810 -0.2231
vn 0.8443 0.2890 -0.4513
vn 0.6088 0.7715 -0.1847
vn 0.7412 -0.6326 -0.2248
vn 0.7412 0.6326 -0.2248
vn 0.6088 -0.7715 -0.1847
vn 0.8448 0.4696 -0.2563
vn 0.4528 -0.8810 -0.1374
vn 0.9161 0.2890 -0.2779
vn 0.2790 -0.9565 -0.0846
vn 0.9524 0.0975 -0.2889
vn 0.0942 0.9951 -0.0286
vn 0.0942 -0.9951 -0.0286
vn 0.9524 -0.0975 -0.2889
vn 0.2790 0.9565 -0.0846
vn 0.9161 -0.2890 -0.2779
vn 0.4528 0.8810 -0.1374
vn 0.8448 -0.4696 -0.2563
vn 0.9904 0.0975 -0.0975
vn 0.0980 0.9951 -0.0097
vn 0.0980 -0.9951 -0.0097
vn 0.9904 -0.0975 -0.0976
vn 0.2902 0.9565 -0.0286
vn 0.9527 -0.2890 -0.0938
vn 0.4709 0.8810 -0.0464
vn 0.8786 -0.4696 -0.0865
vn 0.6332 0.7715 -0.0624
vn 0.7708 -0.6326 -0.0759
vn 0.7708 0.6326 -0.0759
vn 0.6332 -0.7715 -0.0624
vn 0.8786 0.4696 -0.0865
vn 0.4709 -0.8810 -0.0464
vn 0.9527 0.2890 -0.0938
vn 0.2902 -0.9565 -0.0286
vn 0.7708 -0.6326 0.0759
vn 0.7708 0.6326 0.0759
vn 0.6332 -0.7715 0.0624
vn 0.8786 0.4696 0.0865
vn 0.4709 -0.8810 0.0464
vn 0.9527 0.2890 0.0938
vn 0.2902 -0.9565 0.0286
vn 0.9904 0.0975 0.0975
vn 0.0980 0.9951 0.0097
vn 0.0980 -0.9951 0.0097
vn 0.9904 -0.0975 0.0976
vn 0.2902 0.9565 0.0286
vn 0.9527 -0.2890 0.0938
vn 0.4709 0.8810 0.0464
vn 0.8786 -0.4696 0.0865
vn 0.6332 0.7715 0.0624
vn 0.0942 -0.9951 0.0286
vn 0.9524 -0.0975 0.2889
vn 0.2790 0.9565 0.0846
vn 0.9161 -0.2890 0.2779
vn 0.4528 0.8810 0.1374
vn 0.8448 -0.4696 0.2563
vn 0.6088 0.7715 0.1847
vn 0.7412 -0.6326 0.2248
vn 0.7412 0.6326 0.2248
vn 0.6088 -0.7715 0.1847
vn 0.8448 0.4696 0.2563
vn 0.4528 -0.8810 0.1374
vn 0.9161 0.2890 0.2779
vn 0.2790 -0.9565 0.0846
vn 0.9524 0.0975 0.2889
vn 0.0942 0.9951 0.0286
vn 0.5611 -0.7715 0.2999
vn 0.7786 0.4696 0.4162
vn 0.4173 -0.8810 0.2231
vn 0.8443 0.2890 0.4513
vn 0.2571 -0.9565 0.1374
vn 0.8777 0.0975 0.4691
vn 0.0869 0.9951 0.0464
vn 0.0869 -0.9951 0.0464
vn 0.8777 -0.0975 0.4691
vn 0.2571 0.9565 0.1374
vn 0.8443 -0.2890 0.4513
vn 0.4173 0.8810 0.2231
vn 0.7786 -0.4696 0.4162
vn 0.5611 0.7715 0.2999
vn 0.6831 -0.6326 0.3651
vn 0.6831 0.6326 0.3651
vn 0.2254 0.9565 0.1850
vn 0.7400 -0.2890 0.6073
vn 0.3658 0.8810 0.3002
vn 0.6825 -0.4696 0.5601
vn 0.4918 0.7715 0.4036
vn 0.5987 -0.6326 0.4913
vn 0.5987 0.6326 0.4913
vn 0.4918 -0.7715 0.4036
vn 0.6825 0.4696 0.5601
vn 0.3658 -0.8810 0.3002
vn 0.7400 0.2890 0.6073
vn 0.2254 -0.9565 0.1850
vn 0.7693 0.0975 0.6314
vn 0.0761 0.9951 0.0625
vn 0.0761 -0.9951 0.0625
vn 0.7693 -0.0975 0.6314
vn 0.5601 0.4696 0.6825
vn 0.3002 -0.8810 0.3658
vn 0.6073 0.2890 0.7400
vn 0.1850 -0.9565 0.2254
vn 0.6314 0.0975 0.7693
vn 0.0625 0.9951 0.0761
vn 0.0625 -0.9951 0.0761
vn 0.6314 -0.0975 0.7693
vn 0.1850 0.9565 0.2254
vn 0.6073 -0.2890 0.7400
vn 0.3002 0.8810 0.3658
vn 0.5601 -0.4696 0.6825
vn 0.4036 0.7715 0.4918
vn 0.4913 -0.6326 0.5987
vn 0.4913 0.6326 0.5987
vn 0.4036 -0.7715 0.4918
vn 0.4513 -0.2890 0.8443
vn 0.2230 0.8810 0.4173
vn 0.4162 -0.4696 0.7786
vn 0.2999 0.7715 0.5611
vn 0.3651 -0.6326 0.6831
vn 0.3651 0.6326 0.6831
vn 0.2999 -0.7715 0.5611
vn 0.4162 0.4696 0.7786
vn 0.2230 -0.8810 0.4173
vn 0.4513 0.2890 0.8443
vn 0.1374 -0.9565 0.2571
vn 0.4691 0.0975 0.8777
vn 0.0464 0.9951 0.0869
vn 0.0464 -0.9951 0.0869
vn 0.4691 -0.0975 0.8777
vn 0.1374 0.9565 0.2571
vn 0.1374 -0.8810 0.4528
vn 0.2779 0.2890 0.9161
vn 0.0846 -0.9565 0.2790
vn 0.2889 0.0975 0.9524
vn 0.0286 0.9951 0.0942
vn 0.0286 -0.9951 0.0942
vn 0.2889 -0.0975 0.9524
vn 0.0846 0.9565 0.2790
vn 0.2779 -0.2890 0.9161
vn 0.1374 0.8810 0.4528
vn 0.2563 -0.4696 0.8448
vn 0.1847 0.7715 0.6088
vn 0.2248 -0.6326 0.7412
vn 0.2248 0.6326 0.7412
vn 0.1847 -0.7715 0.6088
vn 0.2563 0.4696 0.8448
vn 0.0464 0.8810 0.4709
vn 0.0865 -0.4696 0.8786
vn 0.0624 0.7715 0.6332
vn 0.0759 -0.6326 0.7708
vn 0.0759 0.6326 0.7708
vn 0.0624 -0.7715 0.6332
vn 0.0865 0.4696 0.8786
vn 0.0464 -0.8810 0.4709
vn 0.0938 0.2890 0.9527
vn 0.0286 -0.9565 0.2902
vn 0.0976 0.0975 0.9904
vn 0.0097 0.9951 0.0980
vn 0.0097 -0.9951 0.0980
vn 0.0976 -0.0975 0.9904
vn 0.0286 0.9565 0.2902
vn 0.0938 -0.2890 0.9527
vn -0.0650 0.4667 0.8820
vn -0.0234 -0.8825 0.4698
vn -0.0683 0.2858 0.9558
vn -0.0102 -0.9575 0.2884
vn -0.0689 0.0943 0.9932
vn -0.0168 0.9948 0.1008
vn 0.0033 -0.9954 0.0957
vn -0.0669 -0.1008 0.9927
vn -0.0296 0.9555 0.2934
vn -0.0624 -0.2921 0.9543
vn -0.0412 0.8794 0.4744
vn -0.0555 -0.4725 0.8796
vn -0.0512 0.7694 0.6367
vn -0.0465 -0.6351 0.7711
vn -0.0593 0.6300 0.7743
vn -0.0356 -0.7736 0.6327
vn -0.1962 -0.6365 0.7459
vn -0.2090 0.6285 0.7492
vn -0.1586 -0.7747 0.6121
vn -0.2357 0.4651 0.8533
vn -0.1149 -0.8834 0.4544
vn -0.2533 0.2841 0.9247
vn -0.0666 -0.9580 0.2789
vn -0.2613 0.0924 0.9608
vn -0.0358 0.9946 0.0976
vn -0.0157 -0.9956 0.0925
vn -0.2593 -0.1027 0.9603
vn -0.0859 0.9550 0.2839
vn -0.2475 -0.2939 0.9232
vn -0.1327 0.8785 0.4590
vn -0.2262 -0.4742 0.8509
vn -0.1742 0.7682 0.6161
vn -0.0337 -0.9958 0.0856
vn -0.4417 -0.1043 0.8911
vn -0.1394 0.9545 0.2636
vn -0.4229 -0.2955 0.8566
vn -0.2194 0.8777 0.4261
vn -0.3880 -0.4756 0.7895
vn -0.2908 0.7671 0.5718
vn -0.3381 -0.6378 0.6920
vn -0.3509 0.6272 0.6953
vn -0.2752 -0.7758 0.5678
vn -0.3975 0.4636 0.7919
vn -0.2016 -0.8842 0.4215
vn -0.4288 0.2825 0.8581
vn -0.1200 -0.9585 0.2586
vn -0.4437 0.0907 0.8916
vn -0.0539 0.9944 0.0908
vn -0.3809 -0.7767 0.5016
vn -0.5442 0.4623 0.7001
vn -0.2802 -0.8848 0.3723
vn -0.5879 0.2811 0.7586
vn -0.1685 -0.9589 0.2283
vn -0.6091 0.0893 0.7881
vn -0.0702 0.9943 0.0805
vn -0.0501 -0.9959 0.0754
vn -0.6071 -0.1057 0.7876
vn -0.1878 0.9541 0.2333
vn -0.5820 -0.2969 0.7571
vn -0.2980 0.8770 0.3768
vn -0.5347 -0.4769 0.6976
vn -0.3965 0.7662 0.5056
vn -0.4668 -0.6389 0.6114
vn -0.4796 0.6261 0.6147
vn -0.2294 0.9538 0.1941
vn -0.7186 -0.2979 0.6284
vn -0.3655 0.8765 0.3132
vn -0.6607 -0.4778 0.5790
vn -0.4873 0.7655 0.4201
vn -0.5773 -0.6398 0.5073
vn -0.5901 0.6253 0.5106
vn -0.4717 -0.7774 0.4161
vn -0.6702 0.4614 0.5814
vn -0.3477 -0.8853 0.3087
vn -0.7244 0.2801 0.6299
vn -0.2101 -0.9592 0.1891
vn -0.7511 0.0883 0.6543
vn -0.0843 0.9942 0.0673
vn -0.0642 -0.9960 0.0621
vn -0.7491 -0.1068 0.6538
vn -0.7706 0.4607 0.4404
vn -0.4015 -0.8857 0.2331
vn -0.8333 0.2793 0.4770
vn -0.2432 -0.9594 0.1426
vn -0.8643 0.0875 0.4954
vn -0.0955 0.9941 0.0516
vn -0.0754 -0.9961 0.0464
vn -0.8623 -0.1076 0.4949
vn -0.2626 0.9536 0.1475
vn -0.8275 -0.2986 0.4755
vn -0.4193 0.8762 0.2377
vn -0.7611 -0.4785 0.4380
vn -0.5597 0.7651 0.3185
vn -0.6654 -0.6403 0.3837
vn -0.6782 0.6247 0.3870
vn -0.5441 -0.7779 0.3145
vn -0.9044 -0.2990 0.3044
vn -0.4574 0.8760 0.1531
vn -0.8320 -0.4788 0.2802
vn -0.6108 0.7648 0.2048
vn -0.7277 -0.6406 0.2452
vn -0.7405 0.6245 0.2485
vn -0.5952 -0.7781 0.2008
vn -0.8415 0.4604 0.2826
vn -0.4396 -0.8859 0.1485
vn -0.9103 0.2790 0.3058
vn -0.2667 -0.9595 0.0904
vn -0.9443 0.0872 0.3174
vn -0.1034 0.9941 0.0340
vn -0.0833 -0.9961 0.0288
vn -0.9423 -0.1079 0.3169
vn -0.2860 0.9535 0.0954
vn -0.4604 -0.8858 0.0581
vn -0.9524 0.2791 0.1230
vn -0.2795 -0.9595 0.0347
vn -0.9880 0.0872 0.1273
vn -0.1077 0.9941 0.0152
vn -0.0876 -0.9961 0.0100
vn -0.9860 -0.1079 0.1268
vn -0.2988 0.9535 0.0397
vn -0.9465 -0.2989 0.1215
vn -0.4782 0.8760 0.0627
vn -0.8708 -0.4788 0.1115
vn -0.6388 0.7649 0.0832
vn -0.7617 -0.6406 0.0972
vn -0.7745 0.6245 0.1005
vn -0.6232 -0.7781 0.0792
vn -0.8803 0.4605 0.1139
vn -0.4809 0.8762 -0.0300
vn -0.8760 -0.4784 -0.0615
vn -0.6425 0.7652 -0.0414
vn -0.7663 -0.6402 -0.0545
vn -0.7791 0.6248 -0.0512
vn -0.6269 -0.7778 -0.0454
vn -0.8855 0.4609 -0.0591
vn -0.4631 -0.8856 -0.0346
vn -0.9580 0.2795 -0.0646
vn -0.2812 -0.9594 -0.0224
vn -0.9938 0.0877 -0.0677
vn -0.1083 0.9941 -0.0041
vn -0.0882 -0.9961 -0.0093
vn -0.9919 -0.1074 -0.0682
vn -0.3005 0.9536 -0.0174
vn -0.9521 -0.2985 -0.0661
vn -0.9269 0.2803 -0.2497
vn -0.2717 -0.9591 -0.0788
vn -0.9615 0.0885 -0.2601
vn -0.1051 0.9942 -0.0232
vn -0.0850 -0.9960 -0.0284
vn -0.9595 -0.1066 -0.2606
vn -0.2911 0.9538 -0.0738
vn -0.9210 -0.2977 -0.2512
vn -0.4656 0.8766 -0.1215
vn -0.8473 -0.4776 -0.2322
vn -0.6218 0.7657 -0.1644
vn -0.7411 -0.6396 -0.2043
vn -0.7539 0.6255 -0.2010
vn -0.6062 -0.7772 -0.1684
vn -0.8568 0.4616 -0.2297
vn -0.4478 -0.8852 -0.1261
vn -0.7859 -0.4766 -0.3940
vn -0.5776 0.7664 -0.2810
vn -0.6872 -0.6386 -0.3462
vn -0.7000 0.6264 -0.3429
vn -0.5620 -0.7765 -0.2850
vn -0.7954 0.4626 -0.3915
vn -0.4148 -0.8847 -0.2128
vn -0.8603 0.2814 -0.4251
vn -0.2514 -0.9588 -0.1322
vn -0.8923 0.0897 -0.4425
vn -0.0983 0.9943 -0.0412
vn -0.0781 -0.9959 -0.0464
vn -0.8903 -0.1054 -0.4430
vn -0.2708 0.9542 -0.1272
vn -0.8544 -0.2966 -0.4266
vn -0.4327 0.8772 -0.2082
vn -0.2211 -0.9584 -0.1807
vn -0.7888 0.0912 -0.6079
vn -0.0880 0.9945 -0.0576
vn -0.0679 -0.9957 -0.0628
vn -0.7868 -0.1039 -0.6084
vn -0.2405 0.9546 -0.1757
vn -0.7549 -0.2951 -0.5857
vn -0.3835 0.8779 -0.2868
vn -0.6941 -0.4753 -0.5407
vn -0.5114 0.7674 -0.3868
vn -0.6067 -0.6375 -0.4749
vn -0.6195 0.6276 -0.4716
vn -0.4958 -0.7755 -0.3908
vn -0.7036 0.4639 -0.5383
vn -0.3656 -0.8840 -0.2914
vn -0.7607 0.2828 -0.5842
vn -0.5026 -0.6362 -0.5854
vn -0.5154 0.6289 -0.5821
vn -0.4103 -0.7744 -0.4816
vn -0.5849 0.4655 -0.6642
vn -0.3020 -0.8831 -0.3589
vn -0.6320 0.2845 -0.7208
vn -0.1819 -0.9579 -0.2222
vn -0.6550 0.0929 -0.7499
vn -0.0748 0.9946 -0.0717
vn -0.0547 -0.9955 -0.0768
vn -0.6530 -0.1022 -0.7504
vn -0.2013 0.9551 -0.2173
vn -0.6262 -0.2935 -0.7223
vn -0.3199 0.8787 -0.3544
vn -0.5754 -0.4737 -0.6667
vn -0.4259 0.7685 -0.4775
vn -0.0591 0.9948 -0.0828
vn -0.0389 -0.9954 -0.0880
vn -0.4941 -0.1003 -0.8636
vn -0.1547 0.9557 -0.2504
vn -0.4733 -0.2916 -0.8312
vn -0.2443 0.8796 -0.4082
vn -0.4345 -0.4721 -0.7671
vn -0.3243 0.7697 -0.5499
vn -0.3789 -0.6347 -0.6735
vn -0.3917 0.6304 -0.6702
vn -0.3087 -0.7732 -0.5539
vn -0.4440 0.4672 -0.7646
vn -0.2265 -0.8822 -0.4127
vn -0.4792 0.2863 -0.8297
vn -0.1354 -0.9573 -0.2554
vn -0.4961 0.0948 -0.8631
vn -0.2532 0.6319 -0.7325
vn -0.1950 -0.7719 -0.6050
vn -0.2861 0.4689 -0.8356
vn -0.1419 -0.8813 -0.4508
vn -0.3080 0.2883 -0.9067
vn -0.0832 -0.9567 -0.2789
vn -0.3182 0.0968 -0.9431
vn -0.0415 0.9950 -0.0908
vn -0.0213 -0.9952 -0.0959
vn -0.3162 -0.0983 -0.9436
vn -0.1026 0.9563 -0.2739
vn -0.3022 -0.2897 -0.9082
vn -0.1597 0.8806 -0.4462
vn -0.2766 -0.4703 -0.8380
vn -0.2106 0.7710 -0.6010
vn -0.2404 -0.6331 -0.7358
vn -0.1261 -0.0963 -0.9873
vn -0.0469 0.9569 -0.2867
vn -0.1193 -0.2878 -0.9502
vn -0.0693 0.8815 -0.4670
vn -0.1080 -0.4685 -0.8769
vn -0.0890 0.7723 -0.6290
vn -0.0925 -0.6315 -0.7698
vn -0.1053 0.6335 -0.7665
vn -0.0734 -0.7706 -0.6330
vn -0.1175 0.4707 -0.8744
vn -0.0515 -0.8803 -0.4716
vn -0.1252 0.2902 -0.9487
vn -0.0276 -0.9561 -0.2917
vn -0.1281 0.0988 -0.9868
vn -0.0226 0.9952 -0.0951
vn -0.0025 -0.9950 -0.1003
vn 0.0512 -0.7694 -0.6367
vn 0.0555 0.4725 -0.8796
vn 0.0412 -0.8794 -0.4744
vn 0.0624 0.2921 -0.9543
vn 0.0296 -0.9555 -0.2934
vn 0.0669 0.1008 -0.9927
vn -0.0034 0.9954 -0.0957
vn 0.0168 -0.9948 -0.1008
vn 0.0689 -0.0943 -0.9932
vn 0.0102 0.9575 -0.2884
vn 0.0683 -0.2858 -0.9558
vn 0.0234 0.8825 -0.4698
vn 0.0650 -0.4667 -0.8820
vn 0.0356 0.7736 -0.6327
vn 0.0593 -0.6300 -0.7743
vn 0.0465 0.6351 -0.7711
vn 0.0666 0.9580 -0.2789
vn 0.2533 -0.2841 -0.9247
vn 0.1149 0.8834 -0.4544
vn 0.2357 -0.4651 -0.8533
vn 0.1586 0.7747 -0.6121
vn 0.2090 -0.6285 -0.7492
vn 0.1962 0.6365 -0.7459
vn 0.1742 -0.7682 -0.6161
vn 0.2262 0.4742 -0.8509
vn 0.1327 -0.8785 -0.4590
vn 0.2475 0.2939 -0.9232
vn 0.0859 -0.9550 -0.2839
vn 0.2593 0.1027 -0.9603
vn 0.0157 0.9956 -0.0925
vn 0.0358 -0.9946 -0.0976
vn 0.2613 -0.0924 -0.9608
vn 0.3880 0.4756 -0.7895
vn 0.2194 -0.8777 -0.4261
vn 0.4229 0.2955 -0.8566
vn 0.1394 -0.9545 -0.2636
vn 0.4417 0.1043 -0.8911
vn 0.0337 0.9958 -0.0856
vn 0.0539 -0.9944 -0.0908
vn 0.4437 -0.0907 -0.8916
vn 0.1200 0.9585 -0.2586
vn 0.4288 -0.2825 -0.8581
vn 0.2016 0.8842 -0.4215
vn 0.3975 -0.4636 -0.7919
vn 0.2752 0.7758 -0.5678
vn 0.3509 -0.6272 -0.6953
vn 0.3381 0.6378 -0.6920
vn 0.2908 -0.7671 -0.5718
vn 0.5879 -0.2811 -0.7586
vn 0.2802 0.8848 -0.3723
vn 0.5442 -0.4623 -0.7001
vn 0.3809 0.7767 -0.5016
vn 0.4796 -0.6261 -0.6147
vn 0.4668 0.6389 -0.6114
vn 0.3965 -0.7662 -0.5056
vn 0.5347 0.4769 -0.6976
vn 0.2980 -0.8770 -0.3768
vn 0.5820 0.2969 -0.7571
vn 0.1878 -0.9541 -0.2333
vn 0.6071 0.1057 -0.7876
vn 0.0501 0.9959 -0.0754
vn 0.0702 -0.9943 -0.0805
vn 0.6091 -0.0893 -0.7881
vn 0.1685 0.9589 -0.2283
vn 0.3655 -0.8765 -0.3132
vn 0.7186 0.2979 -0.6284
vn 0.2294 -0.9538 -0.1941
vn 0.7491 0.1068 -0.6538
vn 0.0642 0.9960 -0.0621
vn 0.0843 -0.9942 -0.0673
vn 0.7511 -0.0883 -0.6543
vn 0.2101 0.9592 -0.1891
vn 0.7244 -0.2801 -0.6299
vn 0.3477 0.8853 -0.3087
vn 0.6702 -0.4614 -0.5814
vn 0.4717 0.7774 -0.4161
vn 0.5901 -0.6253 -0.5106
vn 0.5773 0.6398 -0.5073
vn 0.4873 -0.7655 -0.4201
vn 0.6607 0.4778 -0.5790
vn 0.7706 -0.4607 -0.4404
vn 0.5441 0.7779 -0.3145
vn 0.6782 -0.6247 -0.3870
vn 0.6654 0.6403 -0.3837
vn 0.5597 -0.7651 -0.3185
vn 0.7611 0.4785 -0.4380
vn 0.4193 -0.8762 -0.2377
vn 0.8275 0.2986 -0.4755
vn 0.2626 -0.9536 -0.1475
vn 0.8623 0.1076 -0.4949
vn 0.0754 0.9961 -0.0464
vn 0.0955 -0.9941 -0.0516
vn 0.8643 -0.0875 -0.4954
vn 0.2432 0.9594 -0.1426
vn 0.8333 -0.2794 -0.4770
vn 0.4015 0.8857 -0.2331
vn 0.2860 -0.9535 -0.0954
vn 0.9423 0.1079 -0.3169
vn 0.0833 0.9961 -0.0288
vn 0.1034 -0.9941 -0.0340
vn 0.9443 -0.0872 -0.3174
vn 0.2667 0.9595 -0.0904
vn 0.9103 -0.2790 -0.3059
vn 0.4396 0.8859 -0.1485
vn 0.8415 -0.4604 -0.2826
vn 0.5952 0.7781 -0.2008
vn 0.7405 -0.6245 -0.2485
vn 0.7277 0.6406 -0.2452
vn 0.6108 -0.7648 -0.2048
vn 0.8320 0.4788 -0.2801
vn 0.4574 -0.8760 -0.1531
vn 0.9044 0.2990 -0.3044
vn 0.6232 0.7781 -0.0792
vn 0.7745 -0.6245 -0.1005
vn 0.7617 0.6406 -0.0972
vn 0.6388 -0.7649 -0.0832
vn 0.8708 0.4788 -0.1115
vn 0.4782 -0.8760 -0.0627
vn 0.9465 0.2989 -0.1215
vn 0.2988 -0.9535 -0.0397
vn 0.9860 0.1079 -0.1268
vn 0.0876 0.9961 -0.0100
vn 0.1077 -0.9941 -0.0152
vn 0.9880 -0.0872 -0.1273
vn 0.2795 0.9595 -0.0347
vn 0.9524 -0.2791 -0.1230
vn 0.4604 0.8858 -0.0581
vn 0.8803 -0.4605 -0.1139
vn 0.9919 0.1074 0.0682
vn 0.0882 0.9961 0.0093
vn 0.1083 -0.9941 0.0041
vn 0.9938 -0.0877 0.0677
vn 0.2812 0.9594 0.0224
vn 0.9580 -0.2795 0.0646
vn 0.4631 0.8856 0.0346
vn 0.8855 -0.4609 0.0591
vn 0.6269 0.7778 0.0454
vn 0.7791 -0.6248 0.0512
vn 0.7663 0.6402 0.0545
vn 0.6425 -0.7652 0.0414
vn 0.8760 0.4784 0.0615
vn 0.4810 -0.8762 0.0300
vn 0.9521 0.2985 0.0661
vn 0.3006 -0.9536 0.0174
vn 0.7539 -0.6255 0.2010
vn 0.7411 0.6396 0.2043
vn 0.6218 -0.7657 0.1644
vn 0.8473 0.4776 0.2322
vn 0.4656 -0.8766 0.1215
vn 0.9210 0.2977 0.2512
vn 0.2911 -0.9539 0.0738
vn 0.9595 0.1066 0.2606
vn 0.0850 0.9960 0.0284
vn 0.1051 -0.9942 0.0232
vn 0.9615 -0.0885 0.2601
vn 0.2717 0.9591 0.0788
vn 0.9269 -0.2803 0.2497
vn 0.4478 0.8852 0.1261
vn 0.8568 -0.4616 0.2297
vn 0.6062 0.7772 0.1684
vn 0.0781 0.9959 0.0464
vn 0.0983 -0.9943 0.0412
vn 0.8923 -0.0897 0.4425
vn 0.2514 0.9588 0.1322
vn 0.8603 -0.2814 0.4251
vn 0.4148 0.8847 0.2128
vn 0.7954 -0.4626 0.3915
vn 0.5620 0.7765 0.2850
vn 0.7000 -0.6264 0.3429
vn 0.6872 0.6386 0.3462
vn 0.5776 -0.7664 0.2810
vn 0.7859 0.4766 0.3940
vn 0.4327 -0.8772 0.2082
vn 0.8544 0.2966 0.4266
vn 0.2708 -0.9542 0.1272
vn 0.8903 0.1054 0.4430
vn 0.6067 0.6375 0.4749
vn 0.5114 -0.7674 0.3868
vn 0.6941 0.4753 0.5407
vn 0.3835 -0.8779 0.2868
vn 0.7549 0.2951 0.5857
vn 0.2405 -0.9546 0.1757
vn 0.7868 0.1039 0.6084
vn 0.0679 0.9957 0.0628
vn 0.0880 -0.9945 0.0576
vn 0.7888 -0.0912 0.6079
vn 0.2211 0.9584 0.1806
vn 0.7607 -0.2828 0.5842
vn 0.3656 0.8840 0.2914
vn 0.7036 -0.4639 0.5383
vn 0.4958 0.7755 0.3908
vn 0.6195 -0.6276 0.4716
vn 0.6550 -0.0929 0.7499
vn 0.1819 0.9579 0.2223
vn 0.6320 -0.2845 0.7208
vn 0.3020 0.8831 0.3589
vn 0.5849 -0.4655 0.6642
vn 0.4103 0.7744 0.4816
vn 0.5154 -0.6289 0.5821
vn 0.5026 0.6362 0.5854
vn 0.4259 -0.7685 0.4775
vn 0.5754 0.4737 0.6667
vn 0.3199 -0.8787 0.3544
vn 0.6262 0.2935 0.7223
vn 0.2013 -0.9551 0.2173
vn 0.6530 0.1022 0.7504
vn 0.0547 0.9955 0.0768
vn 0.0748 -0.9946 0.0716
vn 0.3243 -0.7697 0.5499
vn 0.4345 0.4721 0.7671
vn 0.2443 -0.8796 0.4082
vn 0.4733 0.2916 0.8312
vn 0.1547 -0.9557 0.2504
vn 0.4941 0.1003 0.8636
vn 0.0389 0.9954 0.0880
vn 0.0591 -0.9948 0.0828
vn 0.4961 -0.0948 0.8631
vn 0.1354 0.9573 0.2554
vn 0.4792 -0.2863 0.8297
vn 0.2265 0.8822 0.4127
vn 0.4440 -0.4672 0.7646
vn 0.3087 0.7732 0.5539
vn 0.3917 -0.6304 0.6702
vn 0.3789 0.6347 0.6735
vn 0.3080 -0.2883 0.9067
vn 0.1419 0.8813 0.4508
vn 0.2861 -0.4689 0.8356
vn 0.1950 0.7720 0.6050
vn 0.2532 -0.6319 0.7325
vn 0.2404 0.6331 0.7358
vn 0.2106 -0.7710 0.6010
vn 0.2766 0.4703 0.8380
vn 0.1597 -0.8806 0.4462
vn 0.3022 0.2897 0.9082
vn 0.1026 -0.9563 0.2739
vn 0.3162 0.0983 0.9436
vn 0.0213 0.9952 0.0959
vn 0.0415 -0.9950 0.0908
vn 0.3182 -0.0968 0.9431
vn 0.0833 0.9567 0.2789
vn 0.0693 -0.8815 0.4670
vn 0.1193 0.2878 0.9502
vn 0.0469 -0.9569 0.2867
vn 0.1261 0.0963 0.9873
vn 0.0025 0.9950 0.1003
vn 0.0226 -0.9952 0.0951
vn 0.1281 -0.0988 0.9868
vn 0.0276 0.9561 0.2917
vn 0.1252 -0.2902 0.9487
vn 0.0515 0.8803 0.4716
vn 0.1175 -0.4707 0.8744
vn 0.0734 0.7706 0.6330
vn 0.1053 -0.6335 0.7665
vn 0.0925 0.6315 0.7698
vn 0.0890 -0.7723 0.6290
vn 0.1080 0.4685 0.8769
vn -0.0975 0.0976 0.9904
vn -0.0096 0.9951 0.0980
vn -0.0976 -0.0975 0.9904
vn -0.2889 -0.0975 0.9524
vn -0.4691 -0.0976 0.8777
vn -0.1374 0.9566 0.2571
vn -0.2230 0.8810 0.4173
vn -0.1374 -0.9565 0.2572
vn -0.4691 0.0976 0.8777
vn -0.6314 -0.0976 0.7693
vn -0.2254 -0.9565 0.1850
vn -0.7693 -0.0976 0.6314
vn -0.4528 -0.8810 0.1373
vn -0.2902 -0.9566 0.0286
vn -0.9904 -0.0975 0.0976
vn -0.9904 0.0975 -0.0975
vn -0.9904 -0.0975 -0.0975
vn -0.2790 -0.9566 -0.0846
vn -0.4173 -0.8810 -0.2231
vn -0.8777 0.0975 -0.4692
vn -0.2571 0.9566 -0.1374
vn -0.1850 -0.9566 -0.2254
vn -0.1374 -0.9565 -0.2572
vn -0.0846 -0.9566 -0.2790
vn 0.0976 -0.0975 -0.9904
vn 0.0846 -0.9566 -0.2790
vn 0.2231 -0.8810 -0.4173
vn 0.4692 0.0975 -0.8777
vn 0.1850 -0.9566 -0.2254
vn 0.2254 -0.9565 -0.1850
vn 0.8777 -0.0975 -0.4692
vn 0.4173 0.8810 -0.2231
vn 0.9904 -0.0975 -0.0975
vn 0.9904 0.0975 0.0976
vn 0.9904 -0.0975 0.0975
vn 0.2571 0.9566 0.1374
vn 0.2571 -0.9566 0.1374
vn 0.8777 0.0975 0.4692
vn 0.1850 -0.9566 0.2254
vn 0.2231 -0.8810 0.4173
vn 0.0846 0.9566 0.2790
vn 0.0286 0.9566 0.2902
vn -0.4455 -0.0878 0.8910
vn -0.4455 -0.2599 0.8567
vn -0.4455 -0.4220 0.7896
vn -0.4455 -0.5680 0.6921
vn -0.4455 -0.6921 0.5680
vn -0.4455 -0.7896 0.4220
vn -0.4455 -0.8567 0.2599
vn -0.4455 -0.8910 0.0878
vn -0.4455 -0.8910 -0.0878
vn -0.4455 -0.8567 -0.2599
vn -0.4455 -0.7896 -0.4220
vn -0.4455 -0.6921 -0.5680
vn -0.4455 -0.5680 -0.6921
vn -0.4455 -0.4220 -0.7896
vn -0.4455 -0.2599 -0.8567
vn -0.4455 -0.0878 -0.8910
vn -0.4455 0.0878 -0.8910
vn -0.4455 0.2599 -0.8567
vn -0.4455 0.4220 -0.7896
vn -0.4455 0.5680 -0.6921
vn -0.4455 0.6921 -0.5680
vn -0.4455 0.7896 -0.4220
vn -0.4455 0.8567 -0.2599
vn -0.4455 0.8910 -0.0878
vn -0.4455 0.8910 0.0878
vn -0.4455 0.8567 0.2599
vn -0.4455 0.7896 0.4220
vn -0.4455 0.6921 0.5680
vn -0.4455 0.5680 0.6921
vn -0.4455 0.4220 0.7896
vn 1.0000 -0.0000 -0.0000
vn -0.4455 0.2599 0.8567
vn -0.4455 0.0878 0.8910
vn -0.0975 -0.0975 0.9904
vn -0.2231 -0.8810 0.4173
vn -0.4173 0.8810 -0.2230
vn -0.2231 -0.8810 -0.4173
vn 0.0975 0.0975 -0.9904
vn 0.2231 0.8810 -0.4173
vn 0.4173 -0.8810 -0.2230
vn 0.9904 0.0975 -0.0976
vn -0.0412 0.8794 0.4743
vn -0.5878 0.2811 0.7586
vn -0.7245 0.2801 0.6299
vn -0.8333 0.2794 0.4770
vn -0.9044 -0.2990 0.3043
vn -0.8320 -0.4788 0.2801
vn -0.9103 0.2790 0.3059
vn -0.4810 0.8762 -0.0300
vn -0.1819 -0.9579 -0.2223
vn -0.4440 0.4671 -0.7646
vn -0.0833 -0.9567 -0.2788
vn 0.4668 0.6389 -0.6115
vn 0.2911 -0.9538 0.0738
vn 0.1819 0.9579 0.2222
vn 0.4103 0.7744 0.4815
vn 0.1950 0.7719 0.6050
vn 0.0832 0.9567 0.2789
vn -0.0976 0.0975 0.9904
vn -0.0846 -0.9566 0.2790
vn -0.2889 0.0975 0.9524
vn -0.0846 0.9566 0.2790
vn -0.1374 0.9565 0.2572
vn -0.1374 -0.9566 0.2571
vn -0.6314 0.0976 0.7693
vn -0.4173 -0.8810 0.2231
vn -0.2571 0.9565 0.1375
vn -0.4173 0.8810 0.2231
vn -0.4528 0.8810 0.1373
vn -0.2790 0.9566 -0.0846
vn -0.4528 0.8810 -0.1373
vn -0.4528 -0.8810 -0.1373
vn -0.8777 -0.0975 -0.4692
vn -0.2571 0.9565 -0.1375
vn -0.1374 0.9565 -0.2572
vn -0.2231 0.8810 -0.4173
vn -0.0846 0.9566 -0.2790
vn 0.0286 -0.9566 -0.2902
vn 0.0846 0.9566 -0.2790
vn 0.4692 -0.0975 -0.8777
vn 0.1850 0.9566 -0.2254
vn 0.8777 0.0975 -0.4692
vn 0.8777 -0.0975 0.4692
vn 0.4173 0.8810 0.2230
vn 0.4173 -0.8810 0.2230
vn 0.1850 0.9566 0.2254
vn 0.2231 0.8810 0.4173
vn 0.2563 0.4696 0.8449
vn 0.0846 -0.9566 0.2790
vt 0.239939 0.296215
vt 0.221462 0.318986
vt 0.218167 0.299128
vt 0.380756 0.316807
vt 0.407063 0.345298
vt 0.375022 0.332881
vt 0.199934 0.322842
vt 0.195496 0.304001
vt 0.353183 0.307082
vt 0.348172 0.325088
vt 0.176668 0.328669
vt 0.171143 0.311263
vt 0.327941 0.300939
vt 0.324438 0.320138
vt 0.150799 0.337305
vt 0.144691 0.321880
vt 0.304869 0.297064
vt 0.302489 0.317236
vt 0.120106 0.350495
vt 0.113770 0.337820
vt 0.282832 0.295135
vt 0.281907 0.315800
vt 0.078580 0.371602
vt 0.073883 0.362625
vt 0.261845 0.315597
vt 0.261307 0.295021
vt 0.456536 0.356359
vt 0.504293 0.384264
vt 0.452026 0.366162
vt 0.030435 0.391076
vt 0.241843 0.316622
vt 0.413189 0.331916
vt 0.243356 0.335791
vt 0.402121 0.358613
vt 0.223964 0.337651
vt 0.370454 0.348519
vt 0.203425 0.340761
vt 0.344147 0.342389
vt 0.181399 0.345533
vt 0.321549 0.338485
vt 0.155742 0.352410
vt 0.300778 0.336160
vt 0.125325 0.363251
vt 0.281246 0.335113
vt 0.082489 0.380945
vt 0.262287 0.334965
vt 0.499181 0.394011
vt 0.447517 0.375848
vt 0.032876 0.396216
vt 0.184848 0.361794
vt 0.159929 0.367212
vt 0.299450 0.354206
vt 0.129586 0.376036
vt 0.280771 0.353456
vt 0.085660 0.390582
vt 0.262685 0.353359
vt 0.495847 0.400126
vt 0.443723 0.385694
vt 0.034913 0.401940
vt 0.244579 0.354039
vt 0.398162 0.371797
vt 0.226000 0.355521
vt 0.366537 0.363795
vt 0.206321 0.358022
vt 0.341062 0.359026
vt 0.319387 0.355966
vt 0.394668 0.384825
vt 0.227620 0.372743
vt 0.363664 0.378687
vt 0.208567 0.374697
vt 0.338870 0.375132
vt 0.187603 0.377643
vt 0.317649 0.372856
vt 0.163210 0.381801
vt 0.298446 0.371538
vt 0.132999 0.388827
vt 0.280428 0.371001
vt 0.088138 0.400462
vt 0.262988 0.371059
vt 0.493073 0.406658
vt 0.440591 0.395674
vt 0.036493 0.408165
vt 0.245556 0.371583
vt 0.297743 0.388339
vt 0.165711 0.396221
vt 0.135657 0.401608
vt 0.280231 0.388019
vt 0.089964 0.410552
vt 0.263276 0.388148
vt 0.490725 0.413370
vt 0.438110 0.405745
vt 0.037580 0.414821
vt 0.246333 0.388570
vt 0.391942 0.397785
vt 0.228876 0.389457
vt 0.361555 0.393272
vt 0.210284 0.390937
vt 0.337279 0.390805
vt 0.189722 0.393164
vt 0.316394 0.389249
vt 0.229815 0.405804
vt 0.360000 0.407698
vt 0.211540 0.406864
vt 0.335982 0.406228
vt 0.191264 0.408443
vt 0.315731 0.405227
vt 0.167512 0.410500
vt 0.297338 0.404739
vt 0.137526 0.414350
vt 0.280166 0.404626
vt 0.092120 0.420531
vt 0.263548 0.404814
vt 0.488674 0.420201
vt 0.436265 0.415838
vt 0.040135 0.426537
vt 0.246942 0.405153
vt 0.390388 0.410682
vt 0.168669 0.424685
vt 0.138709 0.427023
vt 0.297177 0.420873
vt 0.280222 0.420960
vt 0.093662 0.430487
vt 0.263810 0.421208
vt 0.487100 0.427238
vt 0.435019 0.425925
vt 0.042102 0.433378
vt 0.247404 0.421474
vt 0.389531 0.423449
vt 0.230471 0.421910
vt 0.359080 0.422012
vt 0.212383 0.422586
vt 0.335421 0.421436
vt 0.192271 0.423562
vt 0.315308 0.421015
vt 0.230866 0.437898
vt 0.212838 0.438210
vt 0.335336 0.436518
vt 0.192772 0.438607
vt 0.315289 0.436660
vt 0.169216 0.438822
vt 0.297264 0.436873
vt 0.139190 0.439644
vt 0.280398 0.437154
vt 0.094602 0.440394
vt 0.264065 0.437462
vt 0.486121 0.434379
vt 0.434350 0.436008
vt 0.043592 0.440235
vt 0.247732 0.437663
vt 0.388957 0.436145
vt 0.358894 0.436204
vt 0.094007 0.450324
vt 0.280699 0.453329
vt 0.264321 0.453705
vt 0.485570 0.441433
vt 0.434272 0.446056
vt 0.043648 0.442326
vt 0.247934 0.453846
vt 0.389057 0.448821
vt 0.231009 0.453885
vt 0.359299 0.450315
vt 0.212917 0.453841
vt 0.335735 0.451542
vt 0.192779 0.453665
vt 0.315654 0.452267
vt 0.169170 0.452982
vt 0.297602 0.452844
vt 0.139026 0.452259
vt 0.336634 0.466600
vt 0.192285 0.468820
vt 0.316407 0.467943
vt 0.168536 0.467233
vt 0.298203 0.468905
vt 0.138129 0.464927
vt 0.281137 0.469608
vt 0.092820 0.460310
vt 0.264584 0.470063
vt 0.485321 0.448377
vt 0.434792 0.456012
vt 0.042474 0.449259
vt 0.248015 0.470147
vt 0.390270 0.461418
vt 0.230903 0.469989
vt 0.360186 0.464447
vt 0.212618 0.469582
vt 0.281725 0.486122
vt 0.264862 0.486669
vt 0.485707 0.455225
vt 0.435914 0.465882
vt 0.041128 0.461141
vt 0.091997 0.470362
vt 0.247974 0.486698
vt 0.391776 0.474028
vt 0.230536 0.486332
vt 0.361851 0.478656
vt 0.211924 0.485541
vt 0.338088 0.481797
vt 0.191257 0.484158
vt 0.317569 0.483796
vt 0.167131 0.481591
vt 0.299089 0.485175
vt 0.136835 0.477680
vt 0.189673 0.499749
vt 0.340157 0.497187
vt 0.319164 0.499924
vt 0.165184 0.496104
vt 0.300296 0.501782
vt 0.134427 0.490474
vt 0.282487 0.503011
vt 0.089628 0.480149
vt 0.265162 0.503667
vt 0.486528 0.461801
vt 0.437670 0.475632
vt 0.040884 0.463168
vt 0.247804 0.503638
vt 0.394033 0.486652
vt 0.229891 0.503045
vt 0.364199 0.492952
vt 0.210804 0.501829
vt 0.487656 0.468090
vt 0.440085 0.485194
vt 0.038519 0.469545
vt 0.086596 0.489871
vt 0.247494 0.521126
vt 0.397505 0.499170
vt 0.228935 0.520278
vt 0.367175 0.507390
vt 0.209207 0.518584
vt 0.342679 0.512874
vt 0.187459 0.515727
vt 0.321433 0.516488
vt 0.162489 0.510900
vt 0.301890 0.518886
vt 0.131191 0.503345
vt 0.283451 0.520431
vt 0.265493 0.521216
vt 0.346196 0.528996
vt 0.324166 0.533562
vt 0.184514 0.532199
vt 0.158820 0.526039
vt 0.303893 0.536608
vt 0.127451 0.516382
vt 0.284653 0.538553
vt 0.082882 0.499476
vt 0.265865 0.539501
vt 0.489390 0.474052
vt 0.443187 0.494555
vt 0.035738 0.475728
vt 0.247023 0.539344
vt 0.401481 0.511742
vt 0.227620 0.538196
vt 0.371188 0.522090
vt 0.207061 0.535947
vt 0.246362 0.558508
vt 0.406480 0.524288
vt 0.225878 0.556997
vt 0.376190 0.537027
vt 0.204266 0.554074
vt 0.350580 0.545595
vt 0.180729 0.549246
vt 0.327655 0.551337
vt 0.154189 0.541509
vt 0.306419 0.555169
vt 0.122632 0.529546
vt 0.286146 0.557595
vt 0.079230 0.509227
vt 0.266289 0.558746
vt 0.491499 0.479530
vt 0.447023 0.503649
vt 0.031313 0.485718
vt 0.175946 0.566987
vt 0.148536 0.557303
vt 0.309589 0.574788
vt 0.116395 0.542645
vt 0.288003 0.577818
vt 0.074053 0.518281
vt 0.266781 0.579222
vt 0.493993 0.484435
vt 0.451648 0.512401
vt 0.030445 0.487345
vt 0.245469 0.578883
vt 0.412609 0.536776
vt 0.223613 0.576917
vt 0.382378 0.552230
vt 0.200681 0.573156
vt 0.356033 0.562788
vt 0.332044 0.569980
vt 0.220686 0.598255
vt 0.389828 0.567647
vt 0.196105 0.593434
vt 0.362798 0.580679
vt 0.169913 0.585605
vt 0.337550 0.589697
vt 0.141465 0.573585
vt 0.313573 0.595743
vt 0.108920 0.555726
vt 0.290323 0.599543
vt 0.068023 0.526987
vt 0.267360 0.601272
vt 0.496667 0.488725
vt 0.457101 0.520692
vt 0.026625 0.491874
vt 0.244282 0.600803
vt 0.420357 0.548964
vt 0.099988 0.568699
vt 0.318604 0.618382
vt 0.293242 0.623186
vt 0.061101 0.535240
vt 0.268050 0.625338
vt 0.497943 0.489747
vt 0.463887 0.528033
vt 0.022461 0.495800
vt 0.242709 0.624694
vt 0.429164 0.560988
vt 0.216904 0.621383
vt 0.399173 0.583452
vt 0.190265 0.615190
vt 0.371244 0.599448
vt 0.162320 0.605250
vt 0.344476 0.610749
vt 0.132712 0.590360
vt 0.410578 0.599500
vt 0.211988 0.646778
vt 0.182777 0.638764
vt 0.381779 0.619162
vt 0.152745 0.626078
vt 0.353237 0.633421
vt 0.121914 0.607600
vt 0.325010 0.643147
vt 0.089359 0.581413
vt 0.296953 0.649286
vt 0.053249 0.542901
vt 0.268883 0.652002
vt 0.502104 0.492277
vt 0.471557 0.534773
vt 0.018096 0.499015
vt 0.240621 0.651117
vt 0.439711 0.572610
vt 0.333262 0.670609
vt 0.301732 0.678570
vt 0.076770 0.593638
vt 0.044443 0.549793
vt 0.269904 0.682050
vt 0.506211 0.494056
vt 0.480122 0.540726
vt 0.013685 0.501425
vt 0.237821 0.680824
vt 0.452452 0.583428
vt 0.205533 0.675062
vt 0.424301 0.615480
vt 0.173090 0.664571
vt 0.394979 0.639878
vt 0.140604 0.648242
vt 0.364426 0.658057
vt 0.108593 0.625210
vt 0.196928 0.707073
vt 0.160399 0.693124
vt 0.411744 0.661709
vt 0.125079 0.671857
vt 0.378907 0.685100
vt 0.092134 0.642972
vt 0.344063 0.701541
vt 0.061935 0.605026
vt 0.307990 0.712036
vt 0.034683 0.555701
vt 0.271173 0.716567
vt 0.511904 0.496068
vt 0.489397 0.546048
vt 0.009423 0.502958
vt 0.234013 0.714851
vt 0.467132 0.593341
vt 0.441470 0.631456
vt 0.024011 0.560366
vt 0.316333 0.751097
vt 0.272776 0.757075
vt 0.514519 0.496384
vt 0.499518 0.549980
vt 0.005551 0.503593
vt 0.228751 0.754673
vt 0.484341 0.601580
vt 0.185230 0.743979
vt 0.462110 0.646467
vt 0.143507 0.725036
vt 0.433142 0.684459
vt 0.105009 0.696952
vt 0.397930 0.715008
vt 0.071768 0.660456
vt 0.358472 0.736994
vt 0.044565 0.615074
vt 0.461006 0.707933
vt 0.078681 0.723382
vt 0.423383 0.748272
vt 0.046582 0.676838
vt 0.378215 0.778558
vt 0.024416 0.623066
vt 0.327636 0.797825
vt 0.012536 0.563486
vt 0.274834 0.805644
vt 0.516499 0.495932
vt 0.510335 0.552249
vt 0.002360 0.503384
vt 0.221393 0.802452
vt 0.503755 0.607515
vt 0.168888 0.787541
vt 0.487859 0.659996
vt 0.120603 0.760961
vt 0.342982 0.855380
vt 0.277502 0.864594
vt 0.517465 0.495073
vt 0.521572 0.552545
vt 0.000173 0.502505
vt 0.000460 0.564725
vt 0.211210 0.861482
vt 0.525462 0.610032
vt 0.144922 0.841107
vt 0.519170 0.670196
vt 0.089063 0.801019
vt 0.497991 0.731476
vt 0.043327 0.750798
vt 0.457873 0.784724
vt 0.015709 0.690538
vt 0.406565 0.829234
vt 0.001355 0.628029
vt 0.068145 0.087634
vt 0.066578 0.164692
vt 0.031359 0.142148
vt 0.441961 0.071279
vt 0.450478 0.149840
vt 0.409228 0.112297
vt 0.007307 0.201204
vt 0.038857 0.212369
vt 0.360924 0.085047
vt 0.384790 0.034121
vt 0.022039 0.265068
vt 0.000173 0.262323
vt 0.321423 0.008904
vt 0.308422 0.069037
vt 0.015073 0.321093
vt 0.003818 0.320785
vt 0.250521 0.000173
vt 0.253402 0.065103
vt 0.529218 0.308713
vt 0.529539 0.370701
vt 0.517188 0.309955
vt 0.007878 0.378354
vt 0.199074 0.073729
vt 0.180869 0.015353
vt 0.505343 0.250494
vt 0.528257 0.245724
vt 0.148613 0.094014
vt 0.120640 0.046088
vt 0.515124 0.182231
vt 0.483205 0.196671
vt 0.103603 0.124793
vt 0.484608 0.123453
vt 0.008609 0.378201
vt 0.026038 0.323434
vt 0.211201 0.121134
vt 0.485038 0.258491
vt 0.168716 0.135334
vt 0.458062 0.213043
vt 0.129203 0.157961
vt 0.424356 0.176136
vt 0.093933 0.188086
vt 0.385960 0.148180
vt 0.064029 0.226139
vt 0.344106 0.128451
vt 0.041868 0.271223
vt 0.300221 0.117583
vt 0.255483 0.115290
vt 0.527514 0.369889
vt 0.505748 0.313101
vt 0.115296 0.211103
vt 0.084971 0.241580
vt 0.332091 0.165603
vt 0.058893 0.279711
vt 0.294652 0.157897
vt 0.036216 0.327130
vt 0.257066 0.156423
vt 0.524513 0.369744
vt 0.495107 0.317822
vt 0.012274 0.377203
vt 0.219801 0.160662
vt 0.467462 0.268528
vt 0.183361 0.171015
vt 0.437821 0.230451
vt 0.148311 0.187921
vt 0.404264 0.201326
vt 0.368855 0.180106
vt 0.452675 0.280074
vt 0.194284 0.202246
vt 0.421152 0.248335
vt 0.162860 0.215116
vt 0.388632 0.225146
vt 0.132073 0.233198
vt 0.356003 0.208779
vt 0.102051 0.257681
vt 0.323298 0.197907
vt 0.073674 0.289870
vt 0.290702 0.192275
vt 0.045508 0.332502
vt 0.258305 0.191289
vt 0.520754 0.370316
vt 0.485403 0.323801
vt 0.013458 0.377221
vt 0.226145 0.194477
vt 0.316728 0.226462
vt 0.086325 0.301087
vt 0.287820 0.222258
vt 0.053862 0.338990
vt 0.259297 0.221590
vt 0.516614 0.371811
vt 0.476675 0.330774
vt 0.016589 0.378362
vt 0.230953 0.224045
vt 0.440182 0.292494
vt 0.202602 0.230001
vt 0.407657 0.266063
vt 0.174117 0.239964
vt 0.376390 0.247519
vt 0.145354 0.254228
vt 0.346188 0.234752
vt 0.116020 0.273975
vt 0.209036 0.255025
vt 0.396627 0.283457
vt 0.182949 0.262856
vt 0.366761 0.268530
vt 0.155943 0.274205
vt 0.338585 0.258508
vt 0.127477 0.290193
vt 0.311745 0.252092
vt 0.097090 0.312984
vt 0.285680 0.248913
vt 0.061270 0.346373
vt 0.260103 0.248466
vt 0.512302 0.374217
vt 0.468918 0.338518
vt 0.019901 0.380472
vt 0.234670 0.250389
vt 0.429722 0.305424
vt 0.106210 0.325294
vt 0.307950 0.275399
vt 0.284074 0.273001
vt 0.067757 0.354474
vt 0.260764 0.272728
vt 0.511126 0.375391
vt 0.462562 0.347415
vt 0.023189 0.383518
vt 0.237587 0.274244
vt 0.420478 0.318534
vt 0.214053 0.277866
vt 0.387808 0.300296
vt 0.189991 0.284149
vt 0.359233 0.288273
vt 0.164416 0.293197
vt 0.332594 0.280475
vt 0.136900 0.306190
vt 0.505175 0.382632
vt 0.029236 0.389796
vt 0.883386 0.581591
vt 0.888422 0.578395
vt 0.887942 0.582391
vt 0.919918 0.577340
vt 0.924852 0.571551
vt 0.926150 0.574091
vt 0.892515 0.578701
vt 0.892337 0.582771
vt 0.933262 0.567107
vt 0.934236 0.568942
vt 0.896507 0.578744
vt 0.896599 0.582816
vt 0.858472 0.570517
vt 0.849468 0.564874
vt 0.859396 0.568661
vt 0.943111 0.563054
vt 0.900494 0.578522
vt 0.900864 0.582595
vt 0.866697 0.575407
vt 0.867891 0.572827
vt 0.905212 0.581986
vt 0.904539 0.578013
vt 0.872998 0.578391
vt 0.874198 0.575249
vt 0.908844 0.577235
vt 0.909742 0.581000
vt 0.878480 0.580313
vt 0.879475 0.576783
vt 0.913436 0.576014
vt 0.914592 0.579511
vt 0.884112 0.577794
vt 0.918650 0.574243
vt 0.912527 0.572666
vt 0.880211 0.573410
vt 0.884703 0.574176
vt 0.917582 0.571232
vt 0.888791 0.574634
vt 0.923717 0.569024
vt 0.892643 0.574875
vt 0.932292 0.565292
vt 0.896418 0.574897
vt 0.850538 0.563050
vt 0.860317 0.566835
vt 0.942033 0.561255
vt 0.900171 0.574691
vt 0.868911 0.570274
vt 0.904032 0.574306
vt 0.875127 0.572203
vt 0.908102 0.573653
vt 0.941342 0.560163
vt 0.931469 0.563438
vt 0.899932 0.571075
vt 0.869721 0.567734
vt 0.903604 0.570745
vt 0.875866 0.569223
vt 0.907507 0.570224
vt 0.880823 0.570148
vt 0.911793 0.569434
vt 0.885115 0.570741
vt 0.916714 0.568285
vt 0.889057 0.571078
vt 0.922779 0.566495
vt 0.892745 0.571232
vt 0.896340 0.571245
vt 0.851252 0.561954
vt 0.861092 0.564982
vt 0.916020 0.565396
vt 0.889255 0.567651
vt 0.921986 0.563964
vt 0.892802 0.567743
vt 0.930947 0.561479
vt 0.896250 0.567735
vt 0.851451 0.561605
vt 0.861564 0.563046
vt 0.941202 0.559799
vt 0.899710 0.567601
vt 0.870361 0.565200
vt 0.903272 0.567341
vt 0.876445 0.566301
vt 0.907028 0.566919
vt 0.881228 0.567001
vt 0.911217 0.566298
vt 0.885442 0.567418
vt 0.862078 0.561137
vt 0.870813 0.562683
vt 0.899528 0.564233
vt 0.902985 0.564025
vt 0.876813 0.563427
vt 0.906669 0.563703
vt 0.881570 0.563913
vt 0.910746 0.563224
vt 0.885664 0.564190
vt 0.915524 0.562540
vt 0.889363 0.564342
vt 0.921451 0.561423
vt 0.892823 0.564385
vt 0.930387 0.559539
vt 0.896171 0.564342
vt 0.852086 0.559469
vt 0.940563 0.557648
vt 0.889420 0.561105
vt 0.915101 0.559716
vt 0.921054 0.558902
vt 0.892817 0.561104
vt 0.929955 0.557590
vt 0.896104 0.561048
vt 0.852245 0.559094
vt 0.862288 0.559189
vt 0.940112 0.556362
vt 0.899381 0.560943
vt 0.871130 0.560173
vt 0.902758 0.560788
vt 0.877044 0.560602
vt 0.906401 0.560551
vt 0.881795 0.560878
vt 0.910428 0.560203
vt 0.885795 0.561030
vt 0.902609 0.557604
vt 0.877198 0.557804
vt 0.906185 0.557434
vt 0.881894 0.557881
vt 0.910185 0.557210
vt 0.885834 0.557919
vt 0.914873 0.556905
vt 0.889422 0.557917
vt 0.920798 0.556395
vt 0.892786 0.557877
vt 0.929646 0.555638
vt 0.896025 0.557802
vt 0.852302 0.557774
vt 0.862373 0.557223
vt 0.939757 0.555041
vt 0.899264 0.557719
vt 0.871312 0.557663
vt 0.920667 0.553897
vt 0.892709 0.554676
vt 0.929642 0.553653
vt 0.895947 0.554592
vt 0.852253 0.556433
vt 0.862333 0.555243
vt 0.939772 0.554623
vt 0.899172 0.554520
vt 0.871274 0.555155
vt 0.902506 0.554442
vt 0.877248 0.555009
vt 0.906080 0.554344
vt 0.881859 0.554908
vt 0.910028 0.554229
vt 0.885818 0.554834
vt 0.914697 0.554106
vt 0.889385 0.554756
vt 0.871192 0.552650
vt 0.877084 0.552216
vt 0.906017 0.551254
vt 0.881761 0.551941
vt 0.910015 0.551250
vt 0.885721 0.551750
vt 0.914670 0.551305
vt 0.889289 0.551602
vt 0.920605 0.551391
vt 0.892624 0.551478
vt 0.929559 0.551664
vt 0.895859 0.551382
vt 0.852139 0.555058
vt 0.862176 0.553261
vt 0.939750 0.552236
vt 0.899103 0.551322
vt 0.902448 0.551283
vt 0.889143 0.548429
vt 0.892514 0.548262
vt 0.929598 0.549684
vt 0.895783 0.548147
vt 0.851993 0.552708
vt 0.862089 0.551273
vt 0.939676 0.550872
vt 0.899060 0.548100
vt 0.870962 0.550143
vt 0.902443 0.548100
vt 0.876868 0.549420
vt 0.906064 0.548146
vt 0.881529 0.548959
vt 0.910054 0.548261
vt 0.885544 0.548651
vt 0.914763 0.548502
vt 0.920674 0.548873
vt 0.902488 0.544875
vt 0.906160 0.545002
vt 0.881224 0.545954
vt 0.910244 0.545241
vt 0.885294 0.545514
vt 0.914961 0.545679
vt 0.888942 0.545211
vt 0.920966 0.546354
vt 0.892373 0.545000
vt 0.929764 0.547725
vt 0.895701 0.544873
vt 0.851986 0.552302
vt 0.861697 0.549331
vt 0.939674 0.549553
vt 0.899043 0.544826
vt 0.870525 0.547644
vt 0.876484 0.546611
vt 0.930237 0.545802
vt 0.892204 0.541659
vt 0.895627 0.541518
vt 0.851601 0.550999
vt 0.861181 0.547403
vt 0.939809 0.549174
vt 0.899055 0.541482
vt 0.870027 0.545131
vt 0.902593 0.541577
vt 0.876002 0.543765
vt 0.906339 0.541794
vt 0.880816 0.542890
vt 0.910515 0.542176
vt 0.884923 0.542310
vt 0.915362 0.542816
vt 0.888678 0.541919
vt 0.921388 0.543830
vt 0.910900 0.539029
vt 0.880240 0.539764
vt 0.884481 0.539029
vt 0.915842 0.539911
vt 0.888349 0.538534
vt 0.921986 0.541294
vt 0.891999 0.538207
vt 0.930665 0.543856
vt 0.895552 0.538060
vt 0.850998 0.548818
vt 0.860712 0.545452
vt 0.940379 0.547016
vt 0.899093 0.538039
vt 0.869354 0.542611
vt 0.902774 0.538165
vt 0.875366 0.540881
vt 0.906646 0.538489
vt 0.850898 0.548444
vt 0.859945 0.543604
vt 0.940565 0.546660
vt 0.931398 0.541987
vt 0.899183 0.534448
vt 0.868525 0.540082
vt 0.902986 0.534663
vt 0.874562 0.537952
vt 0.907060 0.535068
vt 0.879522 0.536559
vt 0.911473 0.535784
vt 0.883919 0.535640
vt 0.916524 0.536942
vt 0.887937 0.535023
vt 0.922662 0.538733
vt 0.891749 0.534632
vt 0.895463 0.534425
vt 0.878671 0.533270
vt 0.883218 0.532111
vt 0.912206 0.532435
vt 0.917369 0.533915
vt 0.887427 0.531336
vt 0.923631 0.536168
vt 0.891452 0.530875
vt 0.932120 0.540086
vt 0.895367 0.530632
vt 0.850240 0.547368
vt 0.859029 0.541791
vt 0.941458 0.544721
vt 0.899297 0.530670
vt 0.867421 0.537571
vt 0.903323 0.530957
vt 0.873526 0.534981
vt 0.907581 0.531512
vt 0.899464 0.526653
vt 0.866171 0.535050
vt 0.903762 0.527036
vt 0.872297 0.531929
vt 0.908266 0.527768
vt 0.877568 0.529831
vt 0.913098 0.528972
vt 0.882346 0.528407
vt 0.918512 0.530811
vt 0.886804 0.527463
vt 0.924811 0.533604
vt 0.891063 0.526856
vt 0.932998 0.538248
vt 0.895263 0.526587
vt 0.849247 0.545582
vt 0.858107 0.539964
vt 0.941937 0.543647
vt 0.914281 0.525315
vt 0.919848 0.527632
vt 0.886018 0.523302
vt 0.926238 0.531061
vt 0.890617 0.522564
vt 0.934042 0.536490
vt 0.895153 0.522244
vt 0.848726 0.544625
vt 0.857024 0.538231
vt 0.942489 0.542691
vt 0.899699 0.522334
vt 0.864673 0.532553
vt 0.904337 0.522838
vt 0.870797 0.528812
vt 0.909159 0.523786
vt 0.876214 0.526245
vt 0.881263 0.524483
vt 0.855668 0.536695
vt 0.862905 0.530103
vt 0.905089 0.518290
vt 0.868972 0.525634
vt 0.910309 0.519518
vt 0.874529 0.522478
vt 0.915770 0.521465
vt 0.879922 0.520306
vt 0.921550 0.524349
vt 0.885038 0.518806
vt 0.927890 0.528527
vt 0.890059 0.517876
vt 0.935262 0.534829
vt 0.895032 0.517544
vt 0.848508 0.544379
vt 0.943123 0.541883
vt 0.900019 0.517613
vt 0.883781 0.513868
vt 0.929872 0.526059
vt 0.889362 0.512750
vt 0.936751 0.533381
vt 0.894894 0.512235
vt 0.847291 0.543356
vt 0.854215 0.535195
vt 0.943394 0.541706
vt 0.900455 0.512424
vt 0.860787 0.527728
vt 0.906073 0.513314
vt 0.866687 0.522413
vt 0.911789 0.514907
vt 0.872541 0.518578
vt 0.917650 0.517398
vt 0.878195 0.515784
vt 0.923646 0.520994
vt 0.907370 0.507793
vt 0.863973 0.519167
vt 0.913707 0.509872
vt 0.869894 0.514381
vt 0.920043 0.513078
vt 0.875994 0.510838
vt 0.926241 0.517575
vt 0.882240 0.508438
vt 0.932270 0.523689
vt 0.888491 0.506985
vt 0.938371 0.531992
vt 0.894750 0.506302
vt 0.846656 0.542895
vt 0.852576 0.533874
vt 0.944647 0.540949
vt 0.901047 0.506639
vt 0.858305 0.525481
vt 0.929396 0.514196
vt 0.935157 0.521520
vt 0.880183 0.502356
vt 0.887291 0.500304
vt 0.940189 0.530818
vt 0.894567 0.499513
vt 0.846067 0.542631
vt 0.850752 0.532777
vt 0.945271 0.540679
vt 0.901859 0.499946
vt 0.855358 0.523464
vt 0.909099 0.501538
vt 0.860629 0.515974
vt 0.916215 0.504317
vt 0.866677 0.510047
vt 0.923122 0.508473
vt 0.873232 0.505499
vt 0.911454 0.494346
vt 0.919519 0.498182
vt 0.862431 0.505417
vt 0.927055 0.503622
vt 0.869573 0.499563
vt 0.933464 0.510838
vt 0.877414 0.495292
vt 0.938461 0.519629
vt 0.885761 0.492606
vt 0.942202 0.529971
vt 0.894355 0.491556
vt 0.845535 0.542550
vt 0.848755 0.531950
vt 0.945517 0.540663
vt 0.902983 0.492152
vt 0.852006 0.521738
vt 0.856524 0.512896
vt 0.942340 0.518179
vt 0.944368 0.529419
vt 0.894112 0.482011
vt 0.845145 0.542631
vt 0.846613 0.531452
vt 0.946097 0.540749
vt 0.904555 0.482816
vt 0.848166 0.520477
vt 0.914779 0.485790
vt 0.851500 0.510137
vt 0.924112 0.491184
vt 0.857040 0.500749
vt 0.932091 0.498671
vt 0.864525 0.492787
vt 0.938387 0.507737
vt 0.873610 0.486963
vt 0.883690 0.483345
vt 0.849762 0.495974
vt 0.930452 0.483237
vt 0.939151 0.493384
vt 0.857808 0.485481
vt 0.944389 0.505211
vt 0.868181 0.476803
vt 0.946783 0.517335
vt 0.880915 0.471919
vt 0.946679 0.529222
vt 0.893870 0.470461
vt 0.845006 0.542653
vt 0.844407 0.531354
vt 0.946531 0.541109
vt 0.906759 0.471444
vt 0.843893 0.519894
vt 0.919354 0.475689
vt 0.845348 0.508012
vt 0.898152 0.642332
vt 0.886618 0.628069
vt 0.897770 0.629050
vt 0.844088 0.579393
vt 0.844329 0.567216
vt 0.846457 0.579208
vt 0.948081 0.565351
vt 0.948804 0.577272
vt 0.946476 0.577186
vt 0.908834 0.627409
vt 0.912464 0.639464
vt 0.843893 0.591572
vt 0.848389 0.590784
vt 0.919097 0.623278
vt 0.924981 0.633270
vt 0.852351 0.601467
vt 0.846068 0.603960
vt 0.928298 0.617189
vt 0.935321 0.624462
vt 0.858412 0.610972
vt 0.851176 0.616022
vt 0.935786 0.609125
vt 0.942800 0.613694
vt 0.859506 0.626987
vt 0.866439 0.618834
vt 0.947756 0.601810
vt 0.941365 0.599488
vt 0.876054 0.624602
vt 0.870956 0.634835
vt 0.944945 0.588770
vt 0.949422 0.589388
vt 0.883724 0.640256
vt 0.930167 0.604308
vt 0.863883 0.605881
vt 0.871350 0.611727
vt 0.936311 0.596692
vt 0.879652 0.615906
vt 0.940891 0.587491
vt 0.888456 0.618269
vt 0.944207 0.576678
vt 0.897487 0.618861
vt 0.844808 0.567548
vt 0.848690 0.578666
vt 0.947930 0.565360
vt 0.906455 0.617767
vt 0.852375 0.589353
vt 0.915071 0.614938
vt 0.857373 0.598447
vt 0.923076 0.610404
vt 0.845011 0.567529
vt 0.850782 0.577740
vt 0.947110 0.565528
vt 0.942098 0.575903
vt 0.904781 0.609768
vt 0.855874 0.587486
vt 0.912144 0.607725
vt 0.861503 0.595115
vt 0.919225 0.604340
vt 0.867992 0.601031
vt 0.925882 0.599668
vt 0.874927 0.605432
vt 0.932011 0.593520
vt 0.882216 0.608493
vt 0.937412 0.585748
vt 0.889706 0.610169
vt 0.897268 0.610551
vt 0.877606 0.599775
vt 0.922514 0.595218
vt 0.928572 0.590270
vt 0.884085 0.602063
vt 0.934363 0.583709
vt 0.890589 0.603301
vt 0.940149 0.574868
vt 0.897093 0.603518
vt 0.846100 0.567367
vt 0.852707 0.576634
vt 0.946401 0.565442
vt 0.903551 0.602950
vt 0.858808 0.585311
vt 0.909971 0.601428
vt 0.864901 0.591669
vt 0.916307 0.598855
vt 0.871196 0.596394
vt 0.902620 0.597026
vt 0.854450 0.575326
vt 0.861354 0.582971
vt 0.908321 0.595850
vt 0.867583 0.588268
vt 0.914053 0.593858
vt 0.873696 0.592026
vt 0.919849 0.590988
vt 0.879644 0.594645
vt 0.925763 0.586994
vt 0.885481 0.596370
vt 0.931734 0.581474
vt 0.891231 0.597252
vt 0.938374 0.573623
vt 0.896925 0.597498
vt 0.846908 0.567085
vt 0.945611 0.565194
vt 0.917721 0.586977
vt 0.923405 0.583718
vt 0.886526 0.591285
vt 0.929549 0.579079
vt 0.891708 0.591971
vt 0.936784 0.572215
vt 0.896804 0.592072
vt 0.847786 0.566662
vt 0.856006 0.573867
vt 0.944760 0.564805
vt 0.901894 0.591748
vt 0.863439 0.580496
vt 0.907043 0.590830
vt 0.869814 0.584888
vt 0.912283 0.589261
vt 0.875659 0.587908
vt 0.881219 0.589952
vt 0.906046 0.586254
vt 0.871586 0.581611
vt 0.910857 0.584981
vt 0.877188 0.584035
vt 0.915966 0.583136
vt 0.882464 0.585605
vt 0.921530 0.580496
vt 0.887320 0.586660
vt 0.927710 0.576608
vt 0.892062 0.587156
vt 0.935373 0.570681
vt 0.896696 0.587290
vt 0.848635 0.566063
vt 0.857381 0.572288
vt 0.943905 0.564253
vt 0.901314 0.586942
vt 0.865246 0.577981
vt 0.848894 0.565837
vt 0.943675 0.564011
vt 0.887569 0.755330
vt 0.883784 0.750727
vt 0.888085 0.751356
vt 0.919441 0.750768
vt 0.924473 0.745103
vt 0.925709 0.747651
vt 0.892154 0.751695
vt 0.891918 0.755757
vt 0.932817 0.740932
vt 0.933743 0.742745
vt 0.896171 0.755847
vt 0.896134 0.751756
vt 0.858145 0.743539
vt 0.849146 0.738026
vt 0.859044 0.741687
vt 0.942529 0.737115
vt 0.900108 0.751617
vt 0.900412 0.755657
vt 0.866360 0.748326
vt 0.867543 0.745737
vt 0.904151 0.751173
vt 0.904773 0.755159
vt 0.873850 0.748167
vt 0.872662 0.751300
vt 0.908427 0.750456
vt 0.909265 0.754218
vt 0.878135 0.753223
vt 0.879094 0.749716
vt 0.913075 0.749345
vt 0.914136 0.752833
vt 0.883027 0.754514
vt 0.918236 0.747664
vt 0.907764 0.746882
vt 0.912174 0.745980
vt 0.879897 0.746330
vt 0.884380 0.747124
vt 0.917292 0.744649
vt 0.888450 0.747626
vt 0.923380 0.742565
vt 0.892325 0.747864
vt 0.932046 0.739048
vt 0.896079 0.747930
vt 0.849630 0.736929
vt 0.859789 0.739769
vt 0.942040 0.736055
vt 0.899842 0.747802
vt 0.868587 0.743163
vt 0.903707 0.747471
vt 0.874772 0.745120
vt 0.941668 0.734883
vt 0.931420 0.737101
vt 0.899624 0.744171
vt 0.860547 0.737878
vt 0.869334 0.740578
vt 0.903330 0.743912
vt 0.875530 0.742124
vt 0.907236 0.743454
vt 0.880532 0.743059
vt 0.911533 0.742746
vt 0.884813 0.743686
vt 0.916456 0.741685
vt 0.888750 0.744060
vt 0.922555 0.739999
vt 0.892462 0.744240
vt 0.896043 0.744266
vt 0.850522 0.734953
vt 0.915859 0.738764
vt 0.885160 0.740350
vt 0.888993 0.740614
vt 0.921922 0.737447
vt 0.892541 0.740759
vt 0.930763 0.735184
vt 0.896007 0.740786
vt 0.850691 0.734584
vt 0.860999 0.735902
vt 0.940870 0.732788
vt 0.899467 0.740689
vt 0.870006 0.738014
vt 0.903027 0.740477
vt 0.876079 0.739196
vt 0.906822 0.740131
vt 0.880979 0.739884
vt 0.911000 0.739583
vt 0.861319 0.733885
vt 0.870438 0.735438
vt 0.902786 0.737150
vt 0.876509 0.736301
vt 0.906514 0.736894
vt 0.881310 0.736778
vt 0.910589 0.736483
vt 0.885424 0.737104
vt 0.915414 0.735884
vt 0.889138 0.737297
vt 0.921434 0.734907
vt 0.892610 0.737383
vt 0.930411 0.733192
vt 0.895976 0.737384
vt 0.850871 0.733264
vt 0.940748 0.732396
vt 0.899343 0.737320
vt 0.889232 0.734043
vt 0.915037 0.733032
vt 0.921096 0.732375
vt 0.892649 0.734083
vt 0.930180 0.731168
vt 0.895943 0.734081
vt 0.850979 0.731874
vt 0.861512 0.731839
vt 0.940620 0.731003
vt 0.899239 0.734017
vt 0.870730 0.732875
vt 0.902634 0.733908
vt 0.876814 0.733429
vt 0.906277 0.733721
vt 0.881526 0.733727
vt 0.910315 0.733434
vt 0.885602 0.733924
vt 0.902526 0.730709
vt 0.876975 0.730585
vt 0.906125 0.730594
vt 0.881679 0.730708
vt 0.910146 0.730424
vt 0.885670 0.730795
vt 0.914808 0.730197
vt 0.889282 0.730834
vt 0.920837 0.729856
vt 0.892640 0.730842
vt 0.929863 0.729164
vt 0.895909 0.730816
vt 0.851290 0.729422
vt 0.861787 0.729809
vt 0.940250 0.728548
vt 0.899164 0.730777
vt 0.870956 0.730325
vt 0.920722 0.727343
vt 0.889276 0.727660
vt 0.892622 0.727620
vt 0.929662 0.727172
vt 0.895866 0.727585
vt 0.851561 0.728017
vt 0.861941 0.727789
vt 0.939923 0.727139
vt 0.899115 0.727559
vt 0.871055 0.727779
vt 0.902466 0.727530
vt 0.877023 0.727764
vt 0.906041 0.727485
vt 0.881678 0.727718
vt 0.910052 0.727435
vt 0.885697 0.727688
vt 0.914761 0.727380
vt 0.876915 0.724948
vt 0.902460 0.724351
vt 0.906062 0.724379
vt 0.881659 0.724727
vt 0.910043 0.724439
vt 0.885619 0.724587
vt 0.914763 0.724569
vt 0.889220 0.724485
vt 0.920727 0.724823
vt 0.892581 0.724407
vt 0.929767 0.725181
vt 0.895836 0.724352
vt 0.851553 0.727601
vt 0.861779 0.725769
vt 0.939872 0.726716
vt 0.899094 0.724342
vt 0.870955 0.725237
vt 0.892513 0.721170
vt 0.929991 0.723179
vt 0.895804 0.721099
vt 0.851418 0.725181
vt 0.861696 0.723746
vt 0.940089 0.725323
vt 0.899099 0.721102
vt 0.870714 0.722707
vt 0.902501 0.721153
vt 0.876750 0.722122
vt 0.906127 0.721254
vt 0.881467 0.721717
vt 0.910175 0.721429
vt 0.885492 0.721463
vt 0.914894 0.721745
vt 0.889117 0.721290
vt 0.920864 0.722288
vt 0.902598 0.717906
vt 0.906263 0.718093
vt 0.881175 0.718679
vt 0.910417 0.718392
vt 0.885284 0.718302
vt 0.915151 0.718897
vt 0.888960 0.718050
vt 0.921151 0.719742
vt 0.892416 0.717884
vt 0.930147 0.721167
vt 0.895771 0.717799
vt 0.851389 0.723774
vt 0.861495 0.721745
vt 0.940337 0.722964
vt 0.899127 0.717815
vt 0.870420 0.720173
vt 0.876433 0.719275
vt 0.930430 0.719194
vt 0.892289 0.714524
vt 0.895735 0.714422
vt 0.851269 0.722430
vt 0.861167 0.719773
vt 0.940350 0.721626
vt 0.899181 0.714454
vt 0.869980 0.717636
vt 0.902730 0.714597
vt 0.875988 0.716407
vt 0.906533 0.714857
vt 0.880813 0.715602
vt 0.910712 0.715310
vt 0.884957 0.715078
vt 0.915580 0.716026
vt 0.888738 0.714738
vt 0.921670 0.717207
vt 0.911172 0.712143
vt 0.884561 0.711780
vt 0.916114 0.713096
vt 0.888452 0.711334
vt 0.922253 0.714657
vt 0.892129 0.711061
vt 0.931015 0.717293
vt 0.895699 0.710937
vt 0.851085 0.721152
vt 0.860707 0.717841
vt 0.940422 0.721231
vt 0.899265 0.710989
vt 0.869296 0.715117
vt 0.902957 0.711169
vt 0.875424 0.713504
vt 0.906871 0.711535
vt 0.880272 0.712462
vt 0.850777 0.719944
vt 0.860110 0.715953
vt 0.940971 0.720052
vt 0.931741 0.715412
vt 0.899408 0.707360
vt 0.868509 0.712588
vt 0.903246 0.707625
vt 0.874601 0.710553
vt 0.907322 0.708102
vt 0.879605 0.709244
vt 0.911734 0.708900
vt 0.884053 0.708373
vt 0.916886 0.710117
vt 0.888082 0.707792
vt 0.923022 0.712086
vt 0.891932 0.707464
vt 0.895660 0.707302
vt 0.883377 0.704816
vt 0.912545 0.705521
vt 0.917796 0.707075
vt 0.887614 0.704087
vt 0.923983 0.709493
vt 0.891661 0.703669
vt 0.932615 0.713565
vt 0.895610 0.703477
vt 0.850596 0.719616
vt 0.859218 0.714176
vt 0.941602 0.718947
vt 0.899568 0.703560
vt 0.867534 0.710060
vt 0.903635 0.703891
vt 0.873596 0.707559
vt 0.907878 0.704533
vt 0.878801 0.705930
vt 0.899781 0.699521
vt 0.866244 0.707563
vt 0.904101 0.699962
vt 0.872453 0.704514
vt 0.908669 0.700729
vt 0.877752 0.702475
vt 0.913498 0.702019
vt 0.882527 0.701075
vt 0.918919 0.703967
vt 0.887020 0.700166
vt 0.925241 0.706913
vt 0.891330 0.699640
vt 0.933649 0.711764
vt 0.895552 0.699407
vt 0.849611 0.717917
vt 0.858309 0.712382
vt 0.942322 0.717943
vt 0.914742 0.698346
vt 0.920327 0.700766
vt 0.886272 0.695974
vt 0.926753 0.704345
vt 0.890918 0.695313
vt 0.934718 0.709960
vt 0.895486 0.695025
vt 0.849394 0.717641
vt 0.857118 0.710751
vt 0.943387 0.716314
vt 0.900066 0.695172
vt 0.864790 0.705068
vt 0.904736 0.695733
vt 0.870917 0.701383
vt 0.909592 0.696742
vt 0.876446 0.698882
vt 0.881502 0.697150
vt 0.863024 0.702609
vt 0.905554 0.691144
vt 0.869114 0.698186
vt 0.910779 0.692470
vt 0.874777 0.695079
vt 0.916292 0.694474
vt 0.880166 0.692921
vt 0.922101 0.697459
vt 0.885364 0.691487
vt 0.928463 0.701785
vt 0.890402 0.690611
vt 0.936070 0.708349
vt 0.895408 0.690244
vt 0.848201 0.716365
vt 0.855858 0.709126
vt 0.943610 0.716051
vt 0.900436 0.690435
vt 0.884152 0.686543
vt 0.930520 0.699279
vt 0.889722 0.685377
vt 0.937606 0.706853
vt 0.895319 0.684941
vt 0.847960 0.716176
vt 0.854339 0.707727
vt 0.944470 0.715438
vt 0.900920 0.685212
vt 0.860943 0.700227
vt 0.906558 0.686174
vt 0.866904 0.694936
vt 0.912335 0.687817
vt 0.872769 0.691117
vt 0.918246 0.690365
vt 0.878470 0.688354
vt 0.924277 0.694070
vt 0.907943 0.680573
vt 0.858461 0.697965
vt 0.864179 0.691643
vt 0.914347 0.682723
vt 0.870185 0.686913
vt 0.920650 0.686063
vt 0.876341 0.683416
vt 0.926901 0.690656
vt 0.882593 0.681038
vt 0.933039 0.696907
vt 0.888880 0.679558
vt 0.939268 0.705424
vt 0.895214 0.678976
vt 0.846746 0.715462
vt 0.852693 0.706400
vt 0.945729 0.714619
vt 0.901571 0.679329
vt 0.935975 0.694706
vt 0.880557 0.674851
vt 0.887759 0.672893
vt 0.941128 0.704214
vt 0.895084 0.672125
vt 0.846500 0.715388
vt 0.850830 0.705369
vt 0.946371 0.714303
vt 0.902445 0.672603
vt 0.855529 0.695934
vt 0.909753 0.674281
vt 0.860882 0.688408
vt 0.916918 0.677164
vt 0.866930 0.682489
vt 0.923794 0.681456
vt 0.873572 0.677991
vt 0.930157 0.687227
vt 0.912209 0.667042
vt 0.920334 0.670987
vt 0.862737 0.677822
vt 0.927852 0.676558
vt 0.869938 0.672008
vt 0.934174 0.683891
vt 0.877827 0.667758
vt 0.939372 0.692790
vt 0.886246 0.665103
vt 0.943183 0.703340
vt 0.894920 0.664079
vt 0.845528 0.715268
vt 0.848807 0.704528
vt 0.946612 0.714260
vt 0.903645 0.664734
vt 0.852111 0.694193
vt 0.856820 0.685308
vt 0.945390 0.702771
vt 0.884175 0.655758
vt 0.894709 0.654416
vt 0.845338 0.715260
vt 0.846657 0.704058
vt 0.947190 0.714314
vt 0.905312 0.655277
vt 0.848267 0.692905
vt 0.915662 0.658467
vt 0.851778 0.682490
vt 0.925097 0.663911
vt 0.857361 0.673063
vt 0.933080 0.671507
vt 0.864921 0.665201
vt 0.939194 0.680768
vt 0.874033 0.659391
vt 0.943260 0.691307
vt 0.850368 0.668316
vt 0.939912 0.666411
vt 0.858249 0.657950
vt 0.945343 0.678135
vt 0.868578 0.649223
vt 0.947781 0.690433
vt 0.881343 0.644242
vt 0.947745 0.702556
vt 0.894430 0.642678
vt 0.844919 0.715595
vt 0.844384 0.703940
vt 0.947663 0.714679
vt 0.907612 0.643599
vt 0.843893 0.692284
vt 0.920682 0.647991
vt 0.845487 0.680173
vt 0.931491 0.656303
vt 0.897025 0.814027
vt 0.885997 0.800227
vt 0.896794 0.801272
vt 0.844060 0.752591
vt 0.844271 0.740618
vt 0.846388 0.752404
vt 0.947454 0.739419
vt 0.948013 0.751332
vt 0.945689 0.751214
vt 0.907528 0.799871
vt 0.910764 0.811430
vt 0.843893 0.764565
vt 0.848366 0.763799
vt 0.917593 0.796195
vt 0.922758 0.805766
vt 0.845887 0.776966
vt 0.852191 0.774352
vt 0.933268 0.798003
vt 0.926762 0.790483
vt 0.858389 0.783719
vt 0.851551 0.788735
vt 0.934459 0.782700
vt 0.941495 0.787685
vt 0.866383 0.791275
vt 0.859754 0.799215
vt 0.940406 0.773233
vt 0.946804 0.775700
vt 0.875755 0.796840
vt 0.870843 0.806749
vt 0.944049 0.762594
vt 0.948527 0.763247
vt 0.883164 0.811973
vt 0.929175 0.777853
vt 0.863626 0.778687
vt 0.871148 0.784291
vt 0.935370 0.770318
vt 0.879256 0.788375
vt 0.940070 0.761272
vt 0.887837 0.790717
vt 0.943492 0.750731
vt 0.896636 0.791384
vt 0.844704 0.740947
vt 0.848581 0.751859
vt 0.947052 0.739766
vt 0.905399 0.790458
vt 0.852287 0.762368
vt 0.913878 0.787885
vt 0.857246 0.771276
vt 0.921839 0.783626
vt 0.845262 0.741018
vt 0.850623 0.751009
vt 0.946851 0.739790
vt 0.941432 0.749871
vt 0.903903 0.782606
vt 0.855673 0.760481
vt 0.911179 0.780746
vt 0.861330 0.767954
vt 0.918280 0.777601
vt 0.867753 0.773791
vt 0.924973 0.773088
vt 0.874574 0.778156
vt 0.931177 0.767092
vt 0.881770 0.781138
vt 0.936619 0.759477
vt 0.889111 0.782809
vt 0.896518 0.783267
vt 0.870875 0.769220
vt 0.877258 0.772528
vt 0.927852 0.763788
vt 0.883629 0.774807
vt 0.933653 0.757375
vt 0.890031 0.776047
vt 0.939552 0.748733
vt 0.896423 0.776374
vt 0.845495 0.740979
vt 0.852472 0.749822
vt 0.946297 0.739713
vt 0.902800 0.775878
vt 0.858584 0.758289
vt 0.909156 0.774476
vt 0.864633 0.764554
vt 0.915465 0.772053
vt 0.921680 0.768556
vt 0.901965 0.769997
vt 0.854125 0.748417
vt 0.861055 0.755912
vt 0.907614 0.768920
vt 0.867324 0.761142
vt 0.913303 0.767034
vt 0.873403 0.764859
vt 0.919147 0.764320
vt 0.879236 0.767500
vt 0.925087 0.760460
vt 0.885024 0.769218
vt 0.931140 0.755082
vt 0.890711 0.770145
vt 0.937823 0.747474
vt 0.896344 0.770379
vt 0.846132 0.740686
vt 0.945114 0.739283
vt 0.917056 0.760274
vt 0.922825 0.757163
vt 0.886089 0.764181
vt 0.928990 0.752661
vt 0.891223 0.764889
vt 0.936340 0.745950
vt 0.896277 0.765059
vt 0.846804 0.740183
vt 0.855585 0.746839
vt 0.944854 0.739146
vt 0.901322 0.764763
vt 0.863137 0.753424
vt 0.906428 0.763931
vt 0.869522 0.757777
vt 0.911672 0.762477
vt 0.875345 0.760777
vt 0.880824 0.762835
vt 0.905500 0.759368
vt 0.864935 0.750901
vt 0.871271 0.754509
vt 0.910333 0.758206
vt 0.876880 0.756917
vt 0.915433 0.756461
vt 0.882066 0.758528
vt 0.920974 0.753931
vt 0.886907 0.759594
vt 0.927198 0.750173
vt 0.891613 0.760133
vt 0.934955 0.744393
vt 0.896219 0.760255
vt 0.848067 0.739054
vt 0.856953 0.745231
vt 0.943592 0.738104
vt 0.900816 0.760019
vt 0.848919 0.738308
vt 0.942756 0.737387
vt 0.973085 0.123843
vt 0.764856 0.235144
vt 0.947370 0.085359
vt 0.914641 0.052630
vt 0.876156 0.026915
vt 0.833394 0.009203
vt 0.787998 0.000173
vt 0.741713 0.000173
vt 0.696317 0.009203
vt 0.653555 0.026915
vt 0.615070 0.052630
vt 0.582342 0.085359
vt 0.556627 0.123844
vt 0.538914 0.166606
vt 0.529885 0.212001
vt 0.529885 0.258287
vt 0.538915 0.303683
vt 0.556627 0.346445
vt 0.582342 0.384930
vt 0.615070 0.417658
vt 0.653555 0.443373
vt 0.696317 0.461085
vt 0.741713 0.470115
vt 0.787999 0.470115
vt 0.833395 0.461085
vt 0.876157 0.443373
vt 0.914641 0.417658
vt 0.947370 0.384929
vt 0.973085 0.346445
vt 0.990797 0.303683
vt 0.999827 0.258287
vt 0.999827 0.212001
vt 0.535912 0.581546
vt 0.732462 0.476488
vt 0.837520 0.673038
vt 0.990797 0.166605
vt 0.825698 0.701580
vt 0.808535 0.727267
vt 0.786690 0.749111
vt 0.761004 0.766275
vt 0.732462 0.778097
vt 0.702163 0.784124
vt 0.671269 0.784124
vt 0.640970 0.778097
vt 0.612429 0.766275
vt 0.586742 0.749111
vt 0.564897 0.727267
vt 0.547734 0.701580
vt 0.535912 0.673038
vt 0.529885 0.642739
vt 0.529885 0.611846
vt 0.547734 0.553005
vt 0.564897 0.527318
vt 0.586742 0.505473
vt 0.612429 0.488310
vt 0.640970 0.476488
vt 0.671269 0.470461
vt 0.702163 0.470461
vt 0.761004 0.488310
vt 0.786690 0.505474
vt 0.808535 0.527318
vt 0.825698 0.553005
vt 0.837520 0.581546
vt 0.843547 0.611846
vt 0.843547 0.642739
s 0
usemtl マテリアル.003
f 5/1/1 16/2/1 478/3/1
f 1/4/2 8/5/2 9/6/2
f 478/3/3 17/7/3 6/8/3
f 476/9/4 9/6/4 10/10/4
f 6/8/5 18/11/5 479/12/5
f 2/13/6 10/10/6 11/14/6
f 479/12/7 19/15/7 480/16/7
f 477/17/8 11/14/8 12/18/8
f 480/16/9 20/19/9 481/20/9
f 3/21/10 12/18/10 13/22/10
f 481/20/11 21/23/11 482/24/11
f 3/21/12 14/25/12 4/26/12
f 474/27/13 82/28/13 7/29/13
f 308/30/14 482/24/14 21/23/14
f 4/26/15 15/31/15 5/1/15
f 475/32/16 7/29/16 8/5/16
f 14/25/17 30/33/17 15/31/17
f 7/29/18 23/34/18 8/5/18
f 15/31/19 31/35/19 16/2/19
f 8/5/20 24/36/20 9/6/20
f 16/2/21 32/37/21 17/7/21
f 9/6/22 25/38/22 10/10/22
f 17/7/23 33/39/23 18/11/23
f 10/10/24 26/40/24 11/14/24
f 19/15/25 33/39/25 34/41/25
f 11/14/26 27/42/26 12/18/26
f 20/19/27 34/41/27 35/43/27
f 13/22/28 27/42/28 28/44/28
f 20/19/29 36/45/29 21/23/29
f 13/22/30 29/46/30 14/25/30
f 7/29/31 82/47/31 22/48/31
f 308/49/32 21/23/32 36/45/32
f 34/41/33 48/50/33 49/51/33
f 26/40/34 42/52/34 27/42/34
f 34/41/35 50/53/35 35/43/35
f 27/42/36 43/54/36 28/44/36
f 35/43/37 51/55/37 36/45/37
f 28/44/38 44/56/38 29/46/38
f 22/48/39 82/57/39 37/58/39
f 308/59/40 36/45/40 51/55/40
f 30/33/41 44/56/41 45/60/41
f 22/48/42 38/61/42 23/34/42
f 30/33/43 46/62/43 31/35/43
f 23/34/44 39/63/44 24/36/44
f 32/37/45 46/62/45 47/64/45
f 24/36/46 40/65/46 25/38/46
f 33/39/47 47/64/47 48/50/47
f 25/38/48 41/66/48 26/40/48
f 37/58/49 53/67/49 38/61/49
f 45/60/50 61/68/50 46/62/50
f 38/61/51 54/69/51 39/63/51
f 47/64/52 61/68/52 62/70/52
f 39/63/53 55/71/53 40/65/53
f 47/64/54 63/72/54 48/50/54
f 40/65/55 56/73/55 41/66/55
f 48/50/56 64/74/56 49/51/56
f 41/66/57 57/75/57 42/52/57
f 49/51/58 65/76/58 50/53/58
f 43/54/59 57/75/59 58/77/59
f 50/53/60 66/78/60 51/55/60
f 44/56/61 58/77/61 59/79/61
f 37/58/62 82/80/62 52/81/62
f 308/82/63 51/55/63 66/78/63
f 44/56/64 60/83/64 45/60/64
f 56/73/65 72/84/65 57/75/65
f 65/76/66 79/85/66 80/86/66
f 58/77/67 72/84/67 73/87/67
f 65/76/68 81/88/68 66/78/68
f 59/79/69 73/87/69 74/89/69
f 52/81/70 82/90/70 67/91/70
f 308/92/71 66/78/71 81/88/71
f 59/79/72 75/93/72 60/83/72
f 52/81/73 68/94/73 53/67/73
f 60/83/74 76/95/74 61/68/74
f 53/67/75 69/96/75 54/69/75
f 62/70/76 76/95/76 77/97/76
f 54/69/77 70/98/77 55/71/77
f 62/70/78 78/99/78 63/72/78
f 56/73/79 70/98/79 71/100/79
f 63/72/80 79/85/80 64/74/80
f 75/93/81 92/101/81 76/95/81
f 68/94/82 85/102/82 69/96/82
f 77/97/83 92/101/83 93/103/83
f 69/96/84 86/104/84 70/98/84
f 77/97/85 94/105/85 78/99/85
f 71/100/86 86/104/86 87/106/86
f 78/99/87 95/107/87 79/85/87
f 71/100/88 88/108/88 72/84/88
f 79/85/89 96/109/89 80/86/89
f 73/87/90 88/108/90 89/110/90
f 81/88/91 96/109/91 97/111/91
f 74/89/92 89/110/92 90/112/92
f 67/91/93 82/113/93 83/114/93
f 308/115/94 81/88/94 97/111/94
f 74/89/95 91/116/95 75/93/95
f 67/91/96 84/117/96 68/94/96
f 96/109/97 110/118/97 111/119/97
f 89/110/98 103/120/98 104/121/98
f 96/109/99 112/122/99 97/111/99
f 90/112/100 104/121/100 105/123/100
f 83/114/101 82/124/101 98/125/101
f 308/126/102 97/111/102 112/122/102
f 90/112/103 106/127/103 91/116/103
f 84/117/104 98/125/104 99/128/104
f 91/116/105 107/129/105 92/101/105
f 84/117/106 100/130/106 85/102/106
f 93/103/107 107/129/107 108/131/107
f 85/102/108 101/132/108 86/104/108
f 93/103/109 109/133/109 94/105/109
f 87/106/110 101/132/110 102/134/110
f 95/107/111 109/133/111 110/118/111
f 87/106/112 103/120/112 88/108/112
f 108/131/113 122/135/113 123/136/113
f 100/130/114 116/137/114 101/132/114
f 108/131/115 124/138/115 109/133/115
f 102/134/116 116/137/116 117/139/116
f 110/118/117 124/138/117 125/140/117
f 102/134/118 118/141/118 103/120/118
f 110/118/119 126/142/119 111/119/119
f 104/121/120 118/141/120 119/143/120
f 111/119/121 127/144/121 112/122/121
f 105/123/122 119/143/122 120/145/122
f 98/125/123 82/146/123 113/147/123
f 308/148/124 112/122/124 127/144/124
f 105/123/125 121/149/125 106/127/125
f 99/128/126 113/147/126 114/150/126
f 106/127/127 122/135/127 107/129/127
f 99/128/128 115/151/128 100/130/128
f 126/142/129 142/152/129 127/144/129
f 120/145/130 134/153/130 135/154/130
f 113/147/131 82/155/131 128/156/131
f 308/157/132 127/144/132 142/152/132
f 120/145/133 136/158/133 121/149/133
f 113/147/134 129/159/134 114/150/134
f 121/149/135 137/160/135 122/135/135
f 114/150/136 130/161/136 115/151/136
f 123/136/137 137/160/137 138/162/137
f 115/151/138 131/163/138 116/137/138
f 123/136/139 139/164/139 124/138/139
f 117/139/140 131/163/140 132/165/140
f 125/140/141 139/164/141 140/166/141
f 117/139/142 133/167/142 118/141/142
f 125/140/143 141/168/143 126/142/143
f 119/143/144 133/167/144 134/153/144
f 130/161/145 146/169/145 131/163/145
f 138/162/146 154/170/146 139/164/146
f 132/165/147 146/169/147 147/171/147
f 140/166/148 154/170/148 155/172/148
f 132/165/149 148/173/149 133/167/149
f 140/166/150 156/174/150 141/168/150
f 134/153/151 148/173/151 149/175/151
f 142/152/152 156/174/152 157/176/152
f 135/154/153 149/175/153 150/177/153
f 128/156/154 82/178/154 143/179/154
f 308/180/155 142/152/155 157/176/155
f 135/154/156 151/181/156 136/158/156
f 128/156/157 144/182/157 129/159/157
f 136/158/158 152/183/158 137/160/158
f 130/161/159 144/182/159 145/184/159
f 138/162/160 152/183/160 153/185/160
f 150/177/161 164/186/161 165/187/161
f 143/179/162 82/188/162 158/189/162
f 308/190/163 157/176/163 172/191/163
f 150/177/164 166/192/164 151/181/164
f 143/179/165 159/193/165 144/182/165
f 151/181/166 167/194/166 152/183/166
f 145/184/167 159/193/167 160/195/167
f 153/185/168 167/194/168 168/196/168
f 145/184/169 161/197/169 146/169/169
f 153/185/170 169/198/170 154/170/170
f 147/171/171 161/197/171 162/199/171
f 155/172/172 169/198/172 170/200/172
f 147/171/173 163/201/173 148/173/173
f 155/172/174 171/202/174 156/174/174
f 149/175/175 163/201/175 164/186/175
f 156/174/176 172/191/176 157/176/176
f 168/196/177 184/203/177 169/198/177
f 162/199/178 176/204/178 177/205/178
f 169/198/179 185/206/179 170/200/179
f 162/199/180 178/207/180 163/201/180
f 171/202/181 185/206/181 186/208/181
f 164/186/182 178/207/182 179/209/182
f 172/191/183 186/208/183 187/210/183
f 165/187/184 179/209/184 180/211/184
f 158/189/185 82/212/185 173/213/185
f 308/214/186 172/191/186 187/210/186
f 165/187/187 181/215/187 166/192/187
f 158/189/188 174/216/188 159/193/188
f 166/192/189 182/217/189 167/194/189
f 159/193/190 175/218/190 160/195/190
f 168/196/191 182/217/191 183/219/191
f 160/195/192 176/204/192 161/197/192
f 173/213/193 82/220/193 188/221/193
f 308/222/194 187/210/194 202/223/194
f 180/211/195 196/224/195 181/215/195
f 174/216/196 188/221/196 189/225/196
f 181/215/197 197/226/197 182/217/197
f 175/218/198 189/225/198 190/227/198
f 183/219/199 197/226/199 198/228/199
f 175/218/200 191/229/200 176/204/200
f 183/219/201 199/230/201 184/203/201
f 177/205/202 191/229/202 192/231/202
f 185/206/203 199/230/203 200/232/203
f 177/205/204 193/233/204 178/207/204
f 185/206/205 201/234/205 186/208/205
f 179/209/206 193/233/206 194/235/206
f 186/208/207 202/223/207 187/210/207
f 180/211/208 194/235/208 195/236/208
f 192/231/209 206/237/209 207/238/209
f 200/232/210 214/239/210 215/240/210
f 192/231/211 208/241/211 193/233/211
f 200/232/212 216/242/212 201/234/212
f 194/235/213 208/241/213 209/243/213
f 201/234/214 217/244/214 202/223/214
f 195/236/215 209/243/215 210/245/215
f 188/221/216 82/246/216 203/247/216
f 308/248/217 202/223/217 217/244/217
f 195/236/218 211/249/218 196/224/218
f 188/221/219 204/250/219 189/225/219
f 196/224/220 212/251/220 197/226/220
f 189/225/221 205/252/221 190/227/221
f 198/228/222 212/251/222 213/253/222
f 190/227/223 206/237/223 191/229/223
f 198/228/224 214/239/224 199/230/224
f 210/245/225 226/254/225 211/249/225
f 203/247/226 219/255/226 204/250/226
f 211/249/227 227/256/227 212/251/227
f 204/250/228 220/257/228 205/252/228
f 213/253/229 227/256/229 228/258/229
f 205/252/230 221/259/230 206/237/230
f 213/253/231 229/260/231 214/239/231
f 207/238/232 221/259/232 222/261/232
f 215/240/233 229/260/233 230/262/233
f 207/238/234 223/263/234 208/241/234
f 215/240/235 231/264/235 216/242/235
f 209/243/236 223/263/236 224/265/236
f 216/242/237 232/266/237 217/244/237
f 210/245/238 224/265/238 225/267/238
f 203/247/239 82/268/239 218/269/239
f 308/270/240 217/244/240 232/266/240
f 230/262/241 244/271/241 245/272/241
f 222/261/242 238/273/242 223/263/242
f 230/262/243 246/274/243 231/264/243
f 224/265/244 238/273/244 239/275/244
f 232/266/245 246/274/245 247/276/245
f 225/267/246 239/275/246 240/277/246
f 218/269/247 82/278/247 233/279/247
f 308/280/248 232/266/248 247/276/248
f 225/267/249 241/281/249 226/254/249
f 218/269/250 234/282/250 219/255/250
f 226/254/251 242/283/251 227/256/251
f 220/257/252 234/282/252 235/284/252
f 228/258/253 242/283/253 243/285/253
f 220/257/254 236/286/254 221/259/254
f 228/258/255 244/271/255 229/260/255
f 222/261/256 236/286/256 237/287/256
f 241/281/257 257/288/257 242/283/257
f 234/282/258 250/289/258 235/284/258
f 243/285/259 257/288/259 258/290/259
f 235/284/260 251/291/260 236/286/260
f 243/285/261 259/292/261 244/271/261
f 237/287/262 251/291/262 252/293/262
f 245/272/263 259/292/263 260/294/263
f 237/287/264 253/295/264 238/273/264
f 245/272/265 261/296/265 246/274/265
f 239/275/266 253/295/266 254/297/266
f 246/274/267 262/298/267 247/276/267
f 240/277/268 254/297/268 255/299/268
f 233/279/269 82/300/269 248/301/269
f 308/302/270 247/276/270 262/298/270
f 240/277/271 256/303/271 241/281/271
f 233/279/272 249/304/272 234/282/272
f 260/294/273 276/305/273 261/296/273
f 254/297/274 268/306/274 269/307/274
f 261/296/275 277/308/275 262/298/275
f 255/299/276 269/307/276 270/309/276
f 248/301/277 82/310/277 263/311/277
f 308/312/278 262/298/278 277/308/278
f 255/299/279 271/313/279 256/303/279
f 249/304/280 263/311/280 264/314/280
f 256/303/281 272/315/281 257/288/281
f 249/304/282 265/316/282 250/289/282
f 258/290/283 272/315/283 273/317/283
f 250/289/284 266/318/284 251/291/284
f 258/290/285 274/319/285 259/292/285
f 252/293/286 266/318/286 267/320/286
f 260/294/287 274/319/287 275/321/287
f 252/293/288 268/306/288 253/295/288
f 264/314/289 280/322/289 265/316/289
f 273/317/290 287/323/290 288/324/290
f 265/316/291 281/325/291 266/318/291
f 273/317/292 289/326/292 274/319/292
f 267/320/293 281/325/293 282/327/293
f 275/321/294 289/326/294 290/328/294
f 267/320/295 283/329/295 268/306/295
f 275/321/296 291/330/296 276/305/296
f 269/307/297 283/329/297 284/331/297
f 277/308/298 291/330/298 292/332/298
f 270/309/299 284/331/299 285/333/299
f 263/311/300 82/334/300 278/335/300
f 308/336/301 277/308/301 292/332/301
f 270/309/302 286/337/302 271/313/302
f 264/314/303 278/335/303 279/338/303
f 271/313/304 287/323/304 272/315/304
f 284/331/305 298/339/305 299/340/305
f 292/332/306 306/341/306 307/342/306
f 285/333/307 299/340/307 300/343/307
f 278/335/308 82/344/308 293/345/308
f 308/346/309 292/332/309 307/342/309
f 285/333/310 301/347/310 286/337/310
f 278/335/311 294/348/311 279/338/311
f 286/337/312 302/349/312 287/323/312
f 279/338/313 295/350/313 280/322/313
f 288/324/314 302/349/314 303/351/314
f 280/322/315 296/352/315 281/325/315
f 288/324/316 304/353/316 289/326/316
f 282/327/317 296/352/317 297/354/317
f 290/328/318 304/353/318 305/355/318
f 282/327/319 298/339/319 283/329/319
f 290/328/320 306/341/320 291/330/320
f 303/351/321 318/356/321 319/357/321
f 295/350/322 312/358/322 296/352/322
f 303/351/323 320/359/323 304/353/323
f 297/354/324 312/358/324 313/360/324
f 305/355/325 320/359/325 321/361/325
f 297/354/326 314/362/326 298/339/326
f 305/355/327 322/363/327 306/341/327
f 299/340/328 314/362/328 315/364/328
f 306/341/329 323/365/329 307/342/329
f 300/343/330 315/364/330 316/366/330
f 293/345/331 82/367/331 309/368/331
f 308/369/332 307/342/332 323/365/332
f 300/343/333 317/370/333 301/347/333
f 293/345/334 310/371/334 294/348/334
f 301/347/335 318/356/335 302/349/335
f 294/348/336 311/372/336 295/350/336
f 322/363/337 338/373/337 323/365/337
f 316/366/338 330/374/338 331/375/338
f 309/368/339 82/376/339 324/377/339
f 308/378/340 323/365/340 338/373/340
f 316/366/341 332/379/341 317/370/341
f 309/368/342 325/380/342 310/371/342
f 317/370/343 333/381/343 318/356/343
f 310/371/344 326/382/344 311/372/344
f 319/357/345 333/381/345 334/383/345
f 311/372/346 327/384/346 312/358/346
f 319/357/347 335/385/347 320/359/347
f 312/358/348 328/386/348 313/360/348
f 321/361/349 335/385/349 336/387/349
f 313/360/350 329/388/350 314/362/350
f 321/361/351 337/389/351 322/363/351
f 315/364/352 329/388/352 330/374/352
f 326/382/353 342/390/353 327/384/353
f 334/383/354 350/391/354 335/385/354
f 328/386/355 342/390/355 343/392/355
f 336/387/356 350/391/356 351/393/356
f 328/386/357 344/394/357 329/388/357
f 336/387/358 352/395/358 337/389/358
f 330/374/359 344/394/359 345/396/359
f 337/389/360 353/397/360 338/373/360
f 331/375/361 345/396/361 346/398/361
f 324/377/362 82/399/362 339/400/362
f 308/401/363 338/373/363 353/397/363
f 331/375/364 347/402/364 332/379/364
f 324/377/365 340/403/365 325/380/365
f 332/379/366 348/404/366 333/381/366
f 325/380/367 341/405/367 326/382/367
f 334/383/368 348/404/368 349/406/368
f 346/398/369 360/407/369 361/408/369
f 339/400/370 82/409/370 354/410/370
f 308/411/371 353/397/371 368/412/371
f 346/398/372 362/413/372 347/402/372
f 339/400/373 355/414/373 340/403/373
f 347/402/374 363/415/374 348/404/374
f 341/405/375 355/414/375 356/416/375
f 349/406/376 363/415/376 364/417/376
f 341/405/377 357/418/377 342/390/377
f 349/406/378 365/419/378 350/391/378
f 343/392/379 357/418/379 358/420/379
f 351/393/380 365/419/380 366/421/380
f 343/392/381 359/422/381 344/394/381
f 351/393/382 367/423/382 352/395/382
f 345/396/383 359/422/383 360/407/383
f 352/395/384 368/412/384 353/397/384
f 364/424/385 380/425/385 365/426/385
f 358/427/386 372/428/386 373/429/386
f 366/430/387 380/425/387 381/431/387
f 358/427/388 374/432/388 359/433/388
f 366/430/389 382/434/389 367/435/389
f 360/436/390 374/432/390 375/437/390
f 367/435/391 383/438/391 368/439/391
f 361/440/392 375/437/392 376/441/392
f 354/442/393 82/443/393 369/444/393
f 308/445/394 368/439/394 383/438/394
f 361/440/395 377/446/395 362/447/395
f 354/442/396 370/448/396 355/449/396
f 362/447/397 378/450/397 363/451/397
f 356/452/398 370/448/398 371/453/398
f 364/424/399 378/450/399 379/454/399
f 356/452/400 372/428/400 357/455/400
f 308/456/401 383/438/401 398/457/401
f 376/441/402 392/458/402 377/446/402
f 369/444/403 385/459/403 370/448/403
f 377/446/404 393/460/404 378/450/404
f 371/453/405 385/459/405 386/461/405
f 379/454/406 393/460/406 394/462/406
f 371/453/407 387/463/407 372/428/407
f 379/454/408 395/464/408 380/425/408
f 373/429/409 387/463/409 388/465/409
f 381/431/410 395/464/410 396/466/410
f 373/429/411 389/467/411 374/432/411
f 381/431/412 397/468/412 382/434/412
f 375/437/413 389/467/413 390/469/413
f 382/434/414 398/457/414 383/438/414
f 376/441/415 390/469/415 391/470/415
f 369/444/416 82/471/416 384/472/416
f 396/466/417 410/473/417 411/474/417
f 388/465/418 404/475/418 389/467/418
f 397/468/419 411/474/419 412/476/419
f 390/469/420 404/475/420 405/477/420
f 397/468/421 413/478/421 398/457/421
f 391/470/422 405/477/422 406/479/422
f 384/472/423 82/480/423 399/481/423
f 308/482/424 398/457/424 413/478/424
f 391/470/425 407/483/425 392/458/425
f 385/459/426 399/481/426 400/484/426
f 392/458/427 408/485/427 393/460/427
f 385/459/428 401/486/428 386/461/428
f 394/462/429 408/485/429 409/487/429
f 386/461/430 402/488/430 387/463/430
f 394/462/431 410/473/431 395/464/431
f 388/465/432 402/488/432 403/489/432
f 399/481/433 415/490/433 400/484/433
f 407/483/434 423/491/434 408/485/434
f 401/486/435 415/490/435 416/492/435
f 409/487/436 423/491/436 424/493/436
f 401/486/437 417/494/437 402/488/437
f 409/487/438 425/495/438 410/473/438
f 403/489/439 417/494/439 418/496/439
f 411/474/440 425/495/440 426/497/440
f 403/489/441 419/498/441 404/475/441
f 411/474/442 427/499/442 412/476/442
f 405/477/443 419/498/443 420/500/443
f 412/476/444 428/501/444 413/478/444
f 406/479/445 420/500/445 421/502/445
f 399/481/446 82/503/446 414/504/446
f 308/505/447 413/478/447 428/501/447
f 406/479/448 422/506/448 407/483/448
f 418/496/449 434/507/449 419/498/449
f 426/497/450 442/508/450 427/499/450
f 420/500/451 434/507/451 435/509/451
f 427/499/452 443/510/452 428/501/452
f 421/502/453 435/509/453 436/511/453
f 414/504/454 82/512/454 429/513/454
f 308/514/455 428/501/455 443/510/455
f 421/502/456 437/515/456 422/506/456
f 414/504/457 430/516/457 415/490/457
f 422/506/458 438/517/458 423/491/458
f 416/492/459 430/516/459 431/518/459
f 424/493/460 438/517/460 439/519/460
f 416/492/461 432/520/461 417/494/461
f 424/493/462 440/521/462 425/495/462
f 418/496/463 432/520/463 433/522/463
f 426/497/464 440/521/464 441/523/464
f 437/515/465 453/524/465 438/517/465
f 430/516/466 446/525/466 431/518/466
f 439/519/467 453/524/467 454/526/467
f 431/518/468 447/527/468 432/520/468
f 439/519/469 455/528/469 440/521/469
f 433/522/470 447/527/470 448/529/470
f 441/523/471 455/528/471 456/530/471
f 433/522/472 449/531/472 434/507/472
f 441/523/473 457/532/473 442/508/473
f 435/509/474 449/531/474 450/533/474
f 442/508/475 458/534/475 443/510/475
f 436/511/476 450/533/476 451/535/476
f 429/513/477 82/536/477 444/537/477
f 308/538/478 443/510/478 458/534/478
f 436/511/479 452/539/479 437/515/479
f 430/516/480 444/537/480 445/540/480
f 456/530/481 472/541/481 457/532/481
f 450/533/482 464/542/482 465/543/482
f 458/534/483 472/541/483 473/544/483
f 451/535/484 465/543/484 466/545/484
f 444/537/485 82/546/485 459/547/485
f 308/548/486 458/534/486 473/544/486
f 451/535/487 467/549/487 452/539/487
f 444/537/488 460/550/488 445/540/488
f 452/539/489 468/551/489 453/524/489
f 446/525/490 460/550/490 461/552/490
f 454/526/491 468/551/491 469/553/491
f 446/525/492 462/554/492 447/527/492
f 454/526/493 470/555/493 455/528/493
f 448/529/494 462/554/494 463/556/494
f 456/530/495 470/555/495 471/557/495
f 448/529/496 464/542/496 449/531/496
f 461/552/497 475/32/497 1/4/497
f 468/551/498 6/8/498 469/553/498
f 462/554/499 1/4/499 476/9/499
f 469/553/500 479/12/500 470/555/500
f 463/556/501 476/9/501 2/13/501
f 471/557/502 479/12/502 480/16/502
f 464/542/503 2/13/503 477/17/503
f 471/557/504 481/20/504 472/541/504
f 465/543/505 477/17/505 3/21/505
f 472/541/506 482/24/506 473/544/506
f 466/545/507 3/21/507 4/26/507
f 459/547/508 82/558/508 474/27/508
f 308/559/509 473/544/509 482/24/509
f 466/545/510 5/1/510 467/549/510
f 460/550/511 474/27/511 475/32/511
f 467/549/512 478/3/512 468/551/512
f 5/1/1 15/31/1 16/2/1
f 1/4/2 475/32/2 8/5/2
f 478/3/3 16/2/3 17/7/3
f 476/9/4 1/4/4 9/6/4
f 6/8/5 17/7/5 18/11/5
f 2/13/6 476/9/6 10/10/6
f 479/12/7 18/11/7 19/15/7
f 477/17/8 2/13/8 11/14/8
f 480/16/9 19/15/9 20/19/9
f 3/21/10 477/17/10 12/18/10
f 481/20/11 20/19/11 21/23/11
f 3/21/1025 13/22/1025 14/25/1025
f 4/26/1100 14/25/1100 15/31/1100
f 475/32/16 474/27/16 7/29/16
f 14/25/17 29/46/17 30/33/17
f 7/29/18 22/48/18 23/34/18
f 15/31/19 30/33/19 31/35/19
f 8/5/20 23/34/20 24/36/20
f 16/2/21 31/35/21 32/37/21
f 9/6/22 24/36/22 25/38/22
f 17/7/23 32/37/23 33/39/23
f 10/10/24 25/38/24 26/40/24
f 19/15/25 18/11/25 33/39/25
f 11/14/26 26/40/26 27/42/26
f 20/19/27 19/15/27 34/41/27
f 13/22/28 12/18/28 27/42/28
f 20/19/29 35/43/29 36/45/29
f 13/22/30 28/44/30 29/46/30
f 34/41/33 33/39/33 48/50/33
f 26/40/34 41/66/34 42/52/34
f 34/41/1101 49/51/1101 50/53/1101
f 27/42/36 42/52/36 43/54/36
f 35/43/37 50/53/37 51/55/37
f 28/44/38 43/54/38 44/56/38
f 30/33/41 29/46/41 44/56/41
f 22/48/42 37/58/42 38/61/42
f 30/33/43 45/60/43 46/62/43
f 23/34/1031 38/61/1031 39/63/1031
f 32/37/45 31/35/45 46/62/45
f 24/36/46 39/63/46 40/65/46
f 33/39/47 32/37/47 47/64/47
f 25/38/48 40/65/48 41/66/48
f 37/58/49 52/81/49 53/67/49
f 45/60/50 60/83/50 61/68/50
f 38/61/51 53/67/51 54/69/51
f 47/64/52 46/62/52 61/68/52
f 39/63/53 54/69/53 55/71/53
f 47/64/54 62/70/54 63/72/54
f 40/65/55 55/71/55 56/73/55
f 48/50/56 63/72/56 64/74/56
f 41/66/57 56/73/57 57/75/57
f 49/51/58 64/74/58 65/76/58
f 43/54/59 42/52/59 57/75/59
f 50/53/60 65/76/60 66/78/60
f 44/56/61 43/54/61 58/77/61
f 44/56/64 59/79/64 60/83/64
f 56/73/65 71/100/65 72/84/65
f 65/76/66 64/74/66 79/85/66
f 58/77/67 57/75/67 72/84/67
f 65/76/1035 80/86/1035 81/88/1035
f 59/79/69 58/77/69 73/87/69
f 59/79/72 74/89/72 75/93/72
f 52/81/73 67/91/73 68/94/73
f 60/83/74 75/93/74 76/95/74
f 53/67/75 68/94/75 69/96/75
f 62/70/76 61/68/76 76/95/76
f 54/69/77 69/96/77 70/98/77
f 62/70/78 77/97/78 78/99/78
f 56/73/79 55/71/79 70/98/79
f 63/72/80 78/99/80 79/85/80
f 75/93/81 91/116/81 92/101/81
f 68/94/82 84/117/82 85/102/82
f 77/97/83 76/95/83 92/101/83
f 69/96/84 85/102/84 86/104/84
f 77/97/85 93/103/85 94/105/85
f 71/100/86 70/98/86 86/104/86
f 78/99/87 94/105/87 95/107/87
f 71/100/88 87/106/88 88/108/88
f 79/85/89 95/107/89 96/109/89
f 73/87/90 72/84/90 88/108/90
f 81/88/91 80/86/91 96/109/91
f 74/89/92 73/87/92 89/110/92
f 74/89/95 90/112/95 91/116/95
f 67/91/96 83/114/96 84/117/96
f 96/109/97 95/107/97 110/118/97
f 89/110/98 88/108/98 103/120/98
f 96/109/99 111/119/99 112/122/99
f 90/112/100 89/110/100 104/121/100
f 90/112/103 105/123/103 106/127/103
f 84/117/104 83/114/104 98/125/104
f 91/116/105 106/127/105 107/129/105
f 84/117/106 99/128/106 100/130/106
f 93/103/107 92/101/107 107/129/107
f 85/102/108 100/130/108 101/132/108
f 93/103/109 108/131/109 109/133/109
f 87/106/110 86/104/110 101/132/110
f 95/107/111 94/105/111 109/133/111
f 87/106/112 102/134/112 103/120/112
f 108/131/113 107/129/113 122/135/113
f 100/130/114 115/151/114 116/137/114
f 108/131/115 123/136/115 124/138/115
f 102/134/116 101/132/116 116/137/116
f 110/118/117 109/133/117 124/138/117
f 102/134/118 117/139/118 118/141/118
f 110/118/119 125/140/119 126/142/119
f 104/121/120 103/120/120 118/141/120
f 111/119/121 126/142/121 127/144/121
f 105/123/122 104/121/122 119/143/122
f 105/123/125 120/145/125 121/149/125
f 99/128/126 98/125/126 113/147/126
f 106/127/127 121/149/127 122/135/127
f 99/128/128 114/150/128 115/151/128
f 126/142/129 141/168/129 142/152/129
f 120/145/130 119/143/130 134/153/130
f 120/145/133 135/154/133 136/158/133
f 113/147/134 128/156/134 129/159/134
f 121/149/135 136/158/135 137/160/135
f 114/150/136 129/159/136 130/161/136
f 123/136/137 122/135/137 137/160/137
f 115/151/138 130/161/138 131/163/138
f 123/136/139 138/162/139 139/164/139
f 117/139/140 116/137/140 131/163/140
f 125/140/141 124/138/141 139/164/141
f 117/139/142 132/165/142 133/167/142
f 125/140/143 140/166/143 141/168/143
f 119/143/144 118/141/144 133/167/144
f 130/161/145 145/184/145 146/169/145
f 138/162/146 153/185/146 154/170/146
f 132/165/147 131/163/147 146/169/147
f 140/166/148 139/164/148 154/170/148
f 132/165/149 147/171/149 148/173/149
f 140/166/150 155/172/150 156/174/150
f 134/153/151 133/167/151 148/173/151
f 142/152/152 141/168/152 156/174/152
f 135/154/153 134/153/153 149/175/153
f 135/154/156 150/177/156 151/181/156
f 128/156/157 143/179/157 144/182/157
f 136/158/158 151/181/158 152/183/158
f 130/161/159 129/159/159 144/182/159
f 138/162/160 137/160/160 152/183/160
f 150/177/161 149/175/161 164/186/161
f 150/177/164 165/187/164 166/192/164
f 143/179/165 158/189/165 159/193/165
f 151/181/166 166/192/166 167/194/166
f 145/184/1102 144/182/1102 159/193/1102
f 153/185/168 152/183/168 167/194/168
f 145/184/169 160/195/169 161/197/169
f 153/185/170 168/196/170 169/198/170
f 147/171/171 146/169/171 161/197/171
f 155/172/172 154/170/172 169/198/172
f 147/171/173 162/199/173 163/201/173
f 155/172/1043 170/200/1043 171/202/1043
f 149/175/175 148/173/175 163/201/175
f 156/174/176 171/202/176 172/191/176
f 168/196/177 183/219/177 184/203/177
f 162/199/178 161/197/178 176/204/178
f 169/198/179 184/203/179 185/206/179
f 162/199/180 177/205/180 178/207/180
f 171/202/181 170/200/181 185/206/181
f 164/186/182 163/201/182 178/207/182
f 172/191/183 171/202/183 186/208/183
f 165/187/184 164/186/184 179/209/184
f 165/187/187 180/211/187 181/215/187
f 158/189/188 173/213/188 174/216/188
f 166/192/189 181/215/189 182/217/189
f 159/193/190 174/216/190 175/218/190
f 168/196/191 167/194/191 182/217/191
f 160/195/192 175/218/192 176/204/192
f 180/211/195 195/236/195 196/224/195
f 174/216/196 173/213/196 188/221/196
f 181/215/197 196/224/197 197/226/197
f 175/218/198 174/216/198 189/225/198
f 183/219/199 182/217/199 197/226/199
f 175/218/200 190/227/200 191/229/200
f 183/219/201 198/228/201 199/230/201
f 177/205/202 176/204/202 191/229/202
f 185/206/203 184/203/203 199/230/203
f 177/205/204 192/231/204 193/233/204
f 185/206/205 200/232/205 201/234/205
f 179/209/206 178/207/206 193/233/206
f 186/208/207 201/234/207 202/223/207
f 180/211/208 179/209/208 194/235/208
f 192/231/209 191/229/209 206/237/209
f 200/232/210 199/230/210 214/239/210
f 192/231/211 207/238/211 208/241/211
f 200/232/1103 215/240/1103 216/242/1103
f 194/235/213 193/233/213 208/241/213
f 201/234/214 216/242/214 217/244/214
f 195/236/215 194/235/215 209/243/215
f 195/236/218 210/245/218 211/249/218
f 188/221/219 203/247/219 204/250/219
f 196/224/220 211/249/220 212/251/220
f 189/225/221 204/250/221 205/252/221
f 198/228/222 197/226/222 212/251/222
f 190/227/223 205/252/223 206/237/223
f 198/228/224 213/253/224 214/239/224
f 210/245/225 225/267/225 226/254/225
f 203/247/226 218/269/226 219/255/226
f 211/249/227 226/254/227 227/256/227
f 204/250/228 219/255/228 220/257/228
f 213/253/229 212/251/229 227/256/229
f 205/252/230 220/257/230 221/259/230
f 213/253/231 228/258/231 229/260/231
f 207/238/232 206/237/232 221/259/232
f 215/240/233 214/239/233 229/260/233
f 207/238/234 222/261/234 223/263/234
f 215/240/235 230/262/235 231/264/235
f 209/243/236 208/241/236 223/263/236
f 216/242/237 231/264/237 232/266/237
f 210/245/238 209/243/238 224/265/238
f 230/262/241 229/260/241 244/271/241
f 222/261/242 237/287/242 238/273/242
f 230/262/243 245/272/243 246/274/243
f 224/265/244 223/263/244 238/273/244
f 232/266/245 231/264/245 246/274/245
f 225/267/246 224/265/246 239/275/246
f 225/267/249 240/277/249 241/281/249
f 218/269/250 233/279/250 234/282/250
f 226/254/251 241/281/251 242/283/251
f 220/257/252 219/255/252 234/282/252
f 228/258/253 227/256/253 242/283/253
f 220/257/254 235/284/254 236/286/254
f 228/258/255 243/285/255 244/271/255
f 222/261/256 221/259/256 236/286/256
f 241/281/257 256/303/257 257/288/257
f 234/282/258 249/304/258 250/289/258
f 243/285/259 242/283/259 257/288/259
f 235/284/260 250/289/260 251/291/260
f 243/285/261 258/290/261 259/292/261
f 237/287/262 236/286/262 251/291/262
f 245/272/263 244/271/263 259/292/263
f 237/287/264 252/293/264 253/295/264
f 245/272/265 260/294/265 261/296/265
f 239/275/266 238/273/266 253/295/266
f 246/274/267 261/296/267 262/298/267
f 240/277/1104 239/275/1104 254/297/1104
f 240/277/1049 255/299/1049 256/303/1049
f 233/279/272 248/301/272 249/304/272
f 260/294/273 275/321/273 276/305/273
f 254/297/274 253/295/274 268/306/274
f 261/296/275 276/305/275 277/308/275
f 255/299/276 254/297/276 269/307/276
f 255/299/279 270/309/279 271/313/279
f 249/304/280 248/301/280 263/311/280
f 256/303/281 271/313/281 272/315/281
f 249/304/282 264/314/282 265/316/282
f 258/290/283 257/288/283 272/315/283
f 250/289/284 265/316/284 266/318/284
f 258/290/285 273/317/285 274/319/285
f 252/293/286 251/291/286 266/318/286
f 260/294/287 259/292/287 274/319/287
f 252/293/288 267/320/288 268/306/288
f 264/314/1105 279/338/1105 280/322/1105
f 273/317/290 272/315/290 287/323/290
f 265/316/291 280/322/291 281/325/291
f 273/317/292 288/324/292 289/326/292
f 267/320/293 266/318/293 281/325/293
f 275/321/294 274/319/294 289/326/294
f 267/320/295 282/327/295 283/329/295
f 275/321/1051 290/328/1051 291/330/1051
f 269/307/297 268/306/297 283/329/297
f 277/308/298 276/305/298 291/330/298
f 270/309/299 269/307/299 284/331/299
f 270/309/302 285/333/302 286/337/302
f 264/314/303 263/311/303 278/335/303
f 271/313/304 286/337/304 287/323/304
f 284/331/305 283/329/305 298/339/305
f 292/332/306 291/330/306 306/341/306
f 285/333/307 284/331/307 299/340/307
f 285/333/310 300/343/310 301/347/310
f 278/335/311 293/345/311 294/348/311
f 286/337/312 301/347/312 302/349/312
f 279/338/313 294/348/313 295/350/313
f 288/324/314 287/323/314 302/349/314
f 280/322/315 295/350/315 296/352/315
f 288/324/316 303/351/316 304/353/316
f 282/327/317 281/325/317 296/352/317
f 290/328/318 289/326/318 304/353/318
f 282/327/319 297/354/319 298/339/319
f 290/328/320 305/355/320 306/341/320
f 303/351/321 302/349/321 318/356/321
f 295/350/322 311/372/322 312/358/322
f 303/351/323 319/357/323 320/359/323
f 297/354/324 296/352/324 312/358/324
f 305/355/325 304/353/325 320/359/325
f 297/354/326 313/360/326 314/362/326
f 305/355/327 321/361/327 322/363/327
f 299/340/328 298/339/328 314/362/328
f 306/341/1054 322/363/1054 323/365/1054
f 300/343/330 299/340/330 315/364/330
f 300/343/333 316/366/333 317/370/333
f 293/345/334 309/368/334 310/371/334
f 301/347/335 317/370/335 318/356/335
f 294/348/336 310/371/336 311/372/336
f 322/363/337 337/389/337 338/373/337
f 316/366/338 315/364/338 330/374/338
f 316/366/341 331/375/341 332/379/341
f 309/368/342 324/377/342 325/380/342
f 317/370/343 332/379/343 333/381/343
f 310/371/344 325/380/344 326/382/344
f 319/357/345 318/356/345 333/381/345
f 311/372/346 326/382/346 327/384/346
f 319/357/347 334/383/347 335/385/347
f 312/358/348 327/384/348 328/386/348
f 321/361/349 320/359/349 335/385/349
f 313/360/350 328/386/350 329/388/350
f 321/361/1106 336/387/1106 337/389/1106
f 315/364/352 314/362/352 329/388/352
f 326/382/353 341/405/353 342/390/353
f 334/383/354 349/406/354 350/391/354
f 328/386/355 327/384/355 342/390/355
f 336/387/356 335/385/356 350/391/356
f 328/386/357 343/392/357 344/394/357
f 336/387/358 351/393/358 352/395/358
f 330/374/359 329/388/359 344/394/359
f 337/389/360 352/395/360 353/397/360
f 331/375/361 330/374/361 345/396/361
f 331/375/364 346/398/364 347/402/364
f 324/377/365 339/400/365 340/403/365
f 332/379/366 347/402/366 348/404/366
f 325/380/367 340/403/367 341/405/367
f 334/383/368 333/381/368 348/404/368
f 346/398/1107 345/396/1107 360/407/1107
f 346/398/1057 361/408/1057 362/413/1057
f 339/400/373 354/410/373 355/414/373
f 347/402/374 362/413/374 363/415/374
f 341/405/375 340/403/375 355/414/375
f 349/406/376 348/404/376 363/415/376
f 341/405/377 356/416/377 357/418/377
f 349/406/378 364/417/378 365/419/378
f 343/392/379 342/390/379 357/418/379
f 351/393/380 350/391/380 365/419/380
f 343/392/381 358/420/381 359/422/381
f 351/393/382 366/421/382 367/423/382
f 345/396/383 344/394/383 359/422/383
f 352/395/384 367/423/384 368/412/384
f 364/424/385 379/454/385 380/425/385
f 358/427/386 357/455/386 372/428/386
f 366/430/387 365/426/387 380/425/387
f 358/427/388 373/429/388 374/432/388
f 366/430/389 381/431/389 382/434/389
f 360/436/390 359/433/390 374/432/390
f 367/435/391 382/434/391 383/438/391
f 361/440/1058 360/436/1058 375/437/1058
f 361/440/1059 376/441/1059 377/446/1059
f 354/442/396 369/444/396 370/448/396
f 362/447/397 377/446/397 378/450/397
f 356/452/398 355/449/398 370/448/398
f 364/424/399 363/451/399 378/450/399
f 356/452/400 371/453/400 372/428/400
f 376/441/402 391/470/402 392/458/402
f 369/444/403 384/472/403 385/459/403
f 377/446/404 392/458/404 393/460/404
f 371/453/405 370/448/405 385/459/405
f 379/454/406 378/450/406 393/460/406
f 371/453/407 386/461/407 387/463/407
f 379/454/408 394/462/408 395/464/408
f 373/429/409 372/428/409 387/463/409
f 381/431/410 380/425/410 395/464/410
f 373/429/411 388/465/411 389/467/411
f 381/431/412 396/466/412 397/468/412
f 375/437/413 374/432/413 389/467/413
f 382/434/414 397/468/414 398/457/414
f 376/441/415 375/437/415 390/469/415
f 396/466/417 395/464/417 410/473/417
f 388/465/418 403/489/418 404/475/418
f 397/468/419 396/466/419 411/474/419
f 390/469/420 389/467/420 404/475/420
f 397/468/421 412/476/421 413/478/421
f 391/470/422 390/469/422 405/477/422
f 391/470/425 406/479/425 407/483/425
f 385/459/426 384/472/426 399/481/426
f 392/458/427 407/483/427 408/485/427
f 385/459/428 400/484/428 401/486/428
f 394/462/429 393/460/429 408/485/429
f 386/461/430 401/486/430 402/488/430
f 394/462/431 409/487/431 410/473/431
f 388/465/432 387/463/432 402/488/432
f 399/481/433 414/504/433 415/490/433
f 407/483/434 422/506/434 423/491/434
f 401/486/435 400/484/435 415/490/435
f 409/487/436 408/485/436 423/491/436
f 401/486/437 416/492/437 417/494/437
f 409/487/438 424/493/438 425/495/438
f 403/489/439 402/488/439 417/494/439
f 411/474/440 410/473/440 425/495/440
f 403/489/441 418/496/441 419/498/441
f 411/474/442 426/497/442 427/499/442
f 405/477/443 404/475/443 419/498/443
f 412/476/444 427/499/444 428/501/444
f 406/479/445 405/477/445 420/500/445
f 406/479/448 421/502/448 422/506/448
f 418/496/449 433/522/449 434/507/449
f 426/497/450 441/523/450 442/508/450
f 420/500/451 419/498/451 434/507/451
f 427/499/452 442/508/452 443/510/452
f 421/502/453 420/500/453 435/509/453
f 421/502/456 436/511/456 437/515/456
f 414/504/457 429/513/457 430/516/457
f 422/506/458 437/515/458 438/517/458
f 416/492/459 415/490/459 430/516/459
f 424/493/460 423/491/460 438/517/460
f 416/492/461 431/518/461 432/520/461
f 424/493/462 439/519/462 440/521/462
f 418/496/463 417/494/463 432/520/463
f 426/497/464 425/495/464 440/521/464
f 437/515/465 452/539/465 453/524/465
f 430/516/466 445/540/466 446/525/466
f 439/519/467 438/517/467 453/524/467
f 431/518/468 446/525/468 447/527/468
f 439/519/469 454/526/469 455/528/469
f 433/522/470 432/520/470 447/527/470
f 441/523/471 440/521/471 455/528/471
f 433/522/472 448/529/472 449/531/472
f 441/523/473 456/530/473 457/532/473
f 435/509/474 434/507/474 449/531/474
f 442/508/475 457/532/475 458/534/475
f 436/511/476 435/509/476 450/533/476
f 436/511/479 451/535/479 452/539/479
f 430/516/480 429/513/480 444/537/480
f 456/530/481 471/557/481 472/541/481
f 450/533/482 449/531/482 464/542/482
f 458/534/483 457/532/483 472/541/483
f 451/535/484 450/533/484 465/543/484
f 451/535/487 466/545/487 467/549/487
f 444/537/488 459/547/488 460/550/488
f 452/539/489 467/549/489 468/551/489
f 446/525/490 445/540/490 460/550/490
f 454/526/491 453/524/491 468/551/491
f 446/525/492 461/552/492 462/554/492
f 454/526/493 469/553/493 470/555/493
f 448/529/494 447/527/494 462/554/494
f 456/530/495 455/528/495 470/555/495
f 448/529/496 463/556/496 464/542/496
f 461/552/497 460/550/497 475/32/497
f 468/551/498 478/3/498 6/8/498
f 462/554/499 461/552/499 1/4/499
f 469/553/500 6/8/500 479/12/500
f 463/556/501 462/554/501 476/9/501
f 471/557/502 470/555/502 479/12/502
f 464/542/503 463/556/503 2/13/503
f 471/557/504 480/16/504 481/20/504
f 465/543/505 464/542/505 477/17/505
f 472/541/506 481/20/506 482/24/506
f 466/545/507 465/543/507 3/21/507
f 466/545/510 4/26/510 5/1/510
f 460/550/511 459/547/511 474/27/511
f 467/549/512 5/1/512 478/3/512
usemtl マテリアル
f 484/560/513 494/561/513 959/562/513
f 962/563/514 502/564/514 963/565/514
f 959/562/515 495/566/515 485/567/515
f 963/565/516 503/568/516 964/569/516
f 485/567/517 496/570/517 486/571/517
f 956/572/518 564/573/518 489/574/518
f 790/575/519 964/569/519 503/568/519
f 486/571/520 497/576/520 487/577/520
f 957/578/521 489/574/521 490/579/521
f 960/580/522 497/576/522 498/581/522
f 483/582/523 490/579/523 491/583/523
f 960/580/524 499/584/524 488/585/524
f 958/586/525 491/583/525 492/587/525
f 488/585/526 500/588/526 961/589/526
f 958/586/527 493/590/527 484/560/527
f 961/589/528 501/591/528 962/563/528
f 499/584/529 515/592/529 500/588/529
f 493/590/530 507/593/530 508/594/530
f 501/591/531 515/592/531 516/595/531
f 494/561/532 508/594/532 509/596/532
f 501/591/533 517/597/533 502/564/533
f 494/561/534 510/598/534 495/566/534
f 502/564/535 518/599/535 503/568/535
f 495/566/536 511/600/536 496/570/536
f 489/574/537 564/601/537 504/602/537
f 790/603/538 503/568/538 518/599/538
f 497/576/539 511/600/539 512/604/539
f 489/574/540 505/605/540 490/579/540
f 498/581/541 512/604/541 513/606/541
f 490/579/542 506/607/542 491/583/542
f 499/584/543 513/606/543 514/608/543
f 492/587/544 506/607/544 507/593/544
f 790/609/545 518/599/545 533/610/545
f 511/600/546 527/611/546 512/604/546
f 504/602/547 520/612/547 505/605/547
f 512/604/548 528/613/548 513/606/548
f 505/605/549 521/614/549 506/607/549
f 514/608/550 528/613/550 529/615/550
f 506/607/551 522/616/551 507/593/551
f 514/608/552 530/617/552 515/592/552
f 507/593/553 523/618/553 508/594/553
f 515/592/554 531/619/554 516/595/554
f 509/596/555 523/618/555 524/620/555
f 517/597/556 531/619/556 532/621/556
f 510/598/557 524/620/557 525/622/557
f 518/599/558 532/621/558 533/610/558
f 510/598/559 526/623/559 511/600/559
f 504/602/560 564/624/560 519/625/560
f 530/617/561 546/626/561 531/619/561
f 523/618/562 539/627/562 524/620/562
f 532/621/563 546/626/563 547/628/563
f 524/620/564 540/629/564 525/622/564
f 532/621/565 548/630/565 533/610/565
f 526/623/566 540/629/566 541/631/566
f 519/625/567 564/632/567 534/633/567
f 790/634/568 533/610/568 548/630/568
f 526/623/569 542/635/569 527/611/569
f 519/625/570 535/636/570 520/612/570
f 528/613/571 542/635/571 543/637/571
f 520/612/572 536/638/572 521/614/572
f 528/613/573 544/639/573 529/615/573
f 522/616/574 536/638/574 537/640/574
f 529/615/575 545/641/575 530/617/575
f 522/616/576 538/642/576 523/618/576
f 535/636/577 549/643/577 550/644/577
f 543/637/578 557/645/578 558/646/578
f 536/638/579 550/644/579 551/647/579
f 543/637/580 559/648/580 544/639/580
f 536/638/581 552/649/581 537/640/581
f 544/639/582 560/650/582 545/641/582
f 537/640/583 553/651/583 538/642/583
f 545/641/584 561/652/584 546/626/584
f 538/642/585 554/653/585 539/627/585
f 547/628/586 561/652/586 562/654/586
f 539/627/587 555/655/587 540/629/587
f 548/630/588 562/654/588 563/656/588
f 541/631/589 555/655/589 556/657/589
f 534/633/590 564/658/590 549/643/590
f 790/659/591 548/630/591 563/656/591
f 541/631/592 557/645/592 542/635/592
f 553/651/593 570/660/593 554/653/593
f 562/654/594 577/661/594 578/662/594
f 555/655/595 570/660/595 571/663/595
f 563/656/596 578/662/596 579/664/596
f 556/657/597 571/663/597 572/665/597
f 549/643/598 564/666/598 565/667/598
f 790/668/599 563/656/599 579/664/599
f 556/657/600 573/669/600 557/645/600
f 550/644/601 565/667/601 566/670/601
f 557/645/602 574/671/602 558/646/602
f 550/644/603 567/672/603 551/647/603
f 558/646/604 575/673/604 559/648/604
f 552/649/605 567/672/605 568/674/605
f 560/650/606 575/673/606 576/675/606
f 552/649/607 569/676/607 553/651/607
f 560/650/608 577/661/608 561/652/608
f 573/669/609 589/677/609 574/671/609
f 566/670/610 582/678/610 567/672/610
f 575/673/611 589/677/611 590/679/611
f 567/672/612 583/680/612 568/674/612
f 575/673/613 591/681/613 576/675/613
f 568/674/614 584/682/614 569/676/614
f 576/675/615 592/683/615 577/661/615
f 569/676/616 585/684/616 570/660/616
f 578/662/617 592/683/617 593/685/617
f 571/663/618 585/684/618 586/686/618
f 578/662/619 594/687/619 579/664/619
f 571/663/620 587/688/620 572/665/620
f 565/667/621 564/689/621 580/690/621
f 790/691/622 579/664/622 594/687/622
f 572/665/623 588/692/623 573/669/623
f 565/667/624 581/693/624 566/670/624
f 592/683/625 608/694/625 593/685/625
f 585/684/626 601/695/626 586/686/626
f 594/687/627 608/694/627 609/696/627
f 587/688/628 601/695/628 602/697/628
f 580/690/629 564/698/629 595/699/629
f 790/700/630 594/687/630 609/696/630
f 588/692/631 602/697/631 603/701/631
f 580/690/632 596/702/632 581/693/632
f 588/692/633 604/703/633 589/677/633
f 581/693/634 597/704/634 582/678/634
f 590/679/635 604/703/635 605/705/635
f 582/678/636 598/706/636 583/680/636
f 591/681/637 605/705/637 606/707/637
f 584/682/638 598/706/638 599/708/638
f 592/683/639 606/707/639 607/709/639
f 584/682/640 600/710/640 585/684/640
f 597/704/641 611/711/641 612/712/641
f 604/703/642 620/713/642 605/705/642
f 598/706/643 612/712/643 613/714/643
f 605/705/644 621/715/644 606/707/644
f 599/708/645 613/714/645 614/716/645
f 607/709/646 621/715/646 622/717/646
f 600/710/647 614/716/647 615/718/647
f 608/694/648 622/717/648 623/719/648
f 601/695/649 615/718/649 616/720/649
f 608/694/650 624/721/650 609/696/650
f 601/695/651 617/722/651 602/697/651
f 595/699/652 564/723/652 610/724/652
f 790/725/653 609/696/653 624/721/653
f 602/697/654 618/726/654 603/701/654
f 595/699/655 611/711/655 596/702/655
f 603/701/656 619/727/656 604/703/656
f 616/720/657 630/728/657 631/729/657
f 623/719/658 639/730/658 624/721/658
f 616/720/659 632/731/659 617/722/659
f 610/724/660 564/732/660 625/733/660
f 790/734/661 624/721/661 639/730/661
f 618/726/662 632/731/662 633/735/662
f 610/724/663 626/736/663 611/711/663
f 618/726/664 634/737/664 619/727/664
f 612/712/665 626/736/665 627/738/665
f 620/713/666 634/737/666 635/739/666
f 612/712/667 628/740/667 613/714/667
f 620/713/668 636/741/668 621/715/668
f 614/716/669 628/740/669 629/742/669
f 621/715/670 637/743/670 622/717/670
f 614/716/671 630/728/671 615/718/671
f 622/717/672 638/744/672 623/719/672
f 635/739/673 649/745/673 650/746/673
f 627/738/674 643/747/674 628/740/674
f 635/739/675 651/748/675 636/741/675
f 629/742/676 643/747/676 644/749/676
f 636/741/677 652/750/677 637/743/677
f 629/742/678 645/751/678 630/728/678
f 637/743/679 653/752/679 638/744/679
f 631/729/680 645/751/680 646/753/680
f 639/730/681 653/752/681 654/754/681
f 631/729/682 647/755/682 632/731/682
f 625/733/683 564/756/683 640/757/683
f 790/758/684 639/730/684 654/754/684
f 632/731/685 648/759/685 633/735/685
f 625/733/686 641/760/686 626/736/686
f 633/735/687 649/745/687 634/737/687
f 627/738/688 641/760/688 642/761/688
f 653/752/689 669/762/689 654/754/689
f 647/755/690 661/763/690 662/764/690
f 640/757/691 564/765/691 655/766/691
f 790/767/692 654/754/692 669/762/692
f 647/755/693 663/768/693 648/759/693
f 641/760/694 655/766/694 656/769/694
f 648/759/695 664/770/695 649/745/695
f 641/760/696 657/771/696 642/761/696
f 649/745/697 665/772/697 650/746/697
f 642/761/698 658/773/698 643/747/698
f 650/746/699 666/774/699 651/748/699
f 643/747/700 659/775/700 644/749/700
f 651/748/701 667/776/701 652/750/701
f 644/749/702 660/777/702 645/751/702
f 653/752/703 667/776/703 668/778/703
f 645/751/704 661/763/704 646/753/704
f 665/772/705 681/779/705 666/774/705
f 659/775/706 673/780/706 674/781/706
f 667/776/707 681/779/707 682/782/707
f 660/777/708 674/781/708 675/783/708
f 668/778/709 682/782/709 683/784/709
f 661/763/710 675/783/710 676/785/710
f 669/762/711 683/784/711 684/786/711
f 662/764/712 676/785/712 677/787/712
f 655/766/713 564/788/713 670/789/713
f 790/790/714 669/762/714 684/786/714
f 663/768/715 677/787/715 678/791/715
f 655/766/716 671/792/716 656/769/716
f 663/768/717 679/793/717 664/770/717
f 657/771/718 671/792/718 672/794/718
f 665/772/719 679/793/719 680/795/719
f 658/773/720 672/794/720 673/780/720
f 670/789/721 564/796/721 685/797/721
f 790/798/722 684/786/722 699/799/722
f 677/787/723 693/800/723 678/791/723
f 671/792/724 685/797/724 686/801/724
f 678/791/725 694/802/725 679/793/725
f 671/792/726 687/803/726 672/794/726
f 679/793/727 695/804/727 680/795/727
f 672/794/728 688/805/728 673/780/728
f 680/795/729 696/806/729 681/779/729
f 674/781/730 688/805/730 689/807/730
f 682/782/731 696/806/731 697/808/731
f 674/781/732 690/809/732 675/783/732
f 683/784/733 697/808/733 698/810/733
f 676/785/734 690/809/734 691/811/734
f 684/786/735 698/810/735 699/799/735
f 677/787/736 691/811/736 692/812/736
f 689/807/737 703/813/737 704/814/737
f 697/808/738 711/815/738 712/816/738
f 689/807/739 705/817/739 690/809/739
f 698/810/740 712/816/740 713/818/740
f 691/811/741 705/817/741 706/819/741
f 699/799/742 713/818/742 714/820/742
f 691/811/743 707/821/743 692/812/743
f 685/797/744 564/822/744 700/823/744
f 790/824/745 699/799/745 714/820/745
f 692/812/746 708/825/746 693/800/746
f 686/801/747 700/823/747 701/826/747
f 693/800/748 709/827/748 694/802/748
f 686/801/749 702/828/749 687/803/749
f 695/804/750 709/827/750 710/829/750
f 688/805/751 702/828/751 703/813/751
f 695/804/752 711/815/752 696/806/752
f 707/821/753 723/830/753 708/825/753
f 700/823/754 716/831/754 701/826/754
f 709/827/755 723/830/755 724/832/755
f 701/826/756 717/833/756 702/828/756
f 710/829/757 724/832/757 725/834/757
f 702/828/758 718/835/758 703/813/758
f 710/829/759 726/836/759 711/815/759
f 704/814/760 718/835/760 719/837/760
f 712/816/761 726/836/761 727/838/761
f 704/814/762 720/839/762 705/817/762
f 712/816/763 728/840/763 713/818/763
f 706/819/764 720/839/764 721/841/764
f 714/820/765 728/840/765 729/842/765
f 707/821/766 721/841/766 722/843/766
f 700/823/767 564/844/767 715/845/767
f 790/846/768 714/820/768 729/842/768
f 727/838/769 741/847/769 742/848/769
f 719/837/770 735/849/770 720/839/770
f 728/840/771 742/848/771 743/850/771
f 721/841/772 735/849/772 736/851/772
f 728/840/773 744/852/773 729/842/773
f 722/843/774 736/851/774 737/853/774
f 715/845/775 564/854/775 730/855/775
f 790/856/776 729/842/776 744/852/776
f 722/843/777 738/857/777 723/830/777
f 715/845/778 731/858/778 716/831/778
f 723/830/779 739/859/779 724/832/779
f 716/831/780 732/860/780 717/833/780
f 725/834/781 739/859/781 740/861/781
f 717/833/782 733/862/782 718/835/782
f 725/834/783 741/847/783 726/836/783
f 719/837/784 733/862/784 734/863/784
f 731/858/785 745/864/785 746/865/785
f 738/857/786 754/866/786 739/859/786
f 731/858/787 747/867/787 732/860/787
f 740/861/788 754/866/788 755/868/788
f 732/860/789 748/869/789 733/862/789
f 740/861/790 756/870/790 741/847/790
f 734/863/791 748/869/791 749/871/791
f 741/847/792 757/872/792 742/848/792
f 734/863/793 750/873/793 735/849/793
f 743/850/794 757/872/794 758/874/794
f 735/849/795 751/875/795 736/851/795
f 743/850/796 759/876/796 744/852/796
f 737/853/797 751/875/797 752/877/797
f 730/855/798 564/878/798 745/864/798
f 790/879/799 744/852/799 759/876/799
f 737/853/800 753/880/800 738/857/800
f 749/871/801 765/881/801 750/873/801
f 757/872/802 773/882/802 758/874/802
f 751/875/803 765/881/803 766/883/803
f 758/874/804 774/884/804 759/876/804
f 752/877/805 766/883/805 767/885/805
f 745/864/806 564/886/806 760/887/806
f 790/888/807 759/876/807 774/884/807
f 752/877/808 768/889/808 753/880/808
f 746/865/809 760/887/809 761/890/809
f 753/880/810 769/891/810 754/866/810
f 746/865/811 762/892/811 747/867/811
f 755/868/812 769/891/812 770/893/812
f 748/869/813 762/892/813 763/894/813
f 756/870/814 770/893/814 771/895/814
f 748/869/815 764/896/815 749/871/815
f 757/872/816 771/895/816 772/897/816
f 768/889/817 784/898/817 769/891/817
f 761/890/818 777/899/818 762/892/818
f 770/893/819 784/898/819 785/900/819
f 762/892/820 778/901/820 763/894/820
f 770/893/821 786/902/821 771/895/821
f 764/896/822 778/901/822 779/903/822
f 772/897/823 786/902/823 787/904/823
f 765/881/824 779/903/824 780/905/824
f 772/897/825 788/906/825 773/882/825
f 765/881/826 781/907/826 766/883/826
f 774/884/827 788/906/827 789/908/827
f 767/885/828 781/907/828 782/909/828
f 760/887/829 564/910/829 775/911/829
f 790/912/830 774/884/830 789/908/830
f 767/885/831 783/913/831 768/889/831
f 760/887/832 776/914/832 761/890/832
f 788/906/833 803/915/833 804/916/833
f 781/907/834 796/917/834 797/918/834
f 788/906/835 805/919/835 789/908/835
f 782/909/836 797/918/836 798/920/836
f 775/911/837 564/921/837 791/922/837
f 790/923/838 789/908/838 805/919/838
f 782/909/839 799/924/839 783/913/839
f 776/914/840 791/922/840 792/925/840
f 783/913/841 800/926/841 784/898/841
f 777/899/842 792/925/842 793/927/842
f 785/900/843 800/926/843 801/928/843
f 777/899/844 794/929/844 778/901/844
f 785/900/845 802/930/845 786/902/845
f 779/903/846 794/929/846 795/931/846
f 787/904/847 802/930/847 803/915/847
f 779/903/848 796/917/848 780/905/848
f 801/928/849 815/932/849 816/933/849
f 793/927/850 809/934/850 794/929/850
f 801/928/851 817/935/851 802/930/851
f 795/931/852 809/934/852 810/936/852
f 802/930/853 818/937/853 803/915/853
f 796/917/854 810/936/854 811/938/854
f 803/915/855 819/939/855 804/916/855
f 797/918/856 811/938/856 812/940/856
f 805/919/857 819/939/857 820/941/857
f 798/920/858 812/940/858 813/942/858
f 791/922/859 564/943/859 806/944/859
f 790/945/860 805/919/860 820/941/860
f 798/920/861 814/946/861 799/924/861
f 792/925/862 806/944/862 807/947/862
f 799/924/863 815/932/863 800/926/863
f 793/927/864 807/947/864 808/948/864
f 820/941/865 834/949/865 835/950/865
f 812/940/866 828/951/866 813/942/866
f 806/944/867 564/952/867 821/953/867
f 790/954/868 820/941/868 835/950/868
f 813/942/869 829/955/869 814/946/869
f 806/944/870 822/956/870 807/947/870
f 814/946/871 830/957/871 815/932/871
f 807/947/872 823/958/872 808/948/872
f 816/933/873 830/957/873 831/959/873
f 808/948/874 824/960/874 809/934/874
f 816/933/875 832/961/875 817/935/875
f 810/936/876 824/960/876 825/962/876
f 817/935/877 833/963/877 818/937/877
f 810/936/878 826/964/878 811/938/878
f 819/939/879 833/963/879 834/949/879
f 812/940/880 826/964/880 827/965/880
f 823/958/881 839/966/881 824/960/881
f 832/961/882 846/967/882 847/968/882
f 825/962/883 839/966/883 840/969/883
f 833/963/884 847/968/884 848/970/884
f 825/962/885 841/971/885 826/964/885
f 834/949/886 848/970/886 849/972/886
f 827/965/887 841/971/887 842/973/887
f 835/950/888 849/972/888 850/974/888
f 828/951/889 842/973/889 843/975/889
f 821/953/890 564/976/890 836/977/890
f 790/978/891 835/950/891 850/974/891
f 828/951/892 844/979/892 829/955/892
f 821/953/893 837/980/893 822/956/893
f 829/955/894 845/981/894 830/957/894
f 822/956/895 838/982/895 823/958/895
f 831/959/896 845/981/896 846/967/896
f 843/983/897 857/984/897 858/985/897
f 836/986/898 564/987/898 851/988/898
f 790/989/899 850/990/899 865/991/899
f 843/983/900 859/992/900 844/993/900
f 837/994/901 851/988/901 852/995/901
f 844/993/902 860/996/902 845/997/902
f 837/994/903 853/998/903 838/999/903
f 845/997/904 861/1000/904 846/1001/904
f 838/999/905 854/1002/905 839/1003/905
f 846/1001/906 862/1004/906 847/1005/906
f 840/1006/907 854/1002/907 855/1007/907
f 848/1008/908 862/1004/908 863/1009/908
f 840/1006/909 856/1010/909 841/1011/909
f 848/1008/910 864/1012/910 849/1013/910
f 842/1014/911 856/1010/911 857/984/911
f 850/990/912 864/1012/912 865/991/912
f 861/1000/913 877/1015/913 862/1004/913
f 855/1007/914 869/1016/914 870/1017/914
f 862/1004/915 878/1018/915 863/1009/915
f 855/1007/916 871/1019/916 856/1010/916
f 863/1009/917 879/1020/917 864/1012/917
f 857/984/918 871/1019/918 872/1021/918
f 864/1012/919 880/1022/919 865/991/919
f 858/985/920 872/1021/920 873/1023/920
f 851/988/921 564/1024/921 866/1025/921
f 790/1026/922 865/991/922 880/1022/922
f 858/985/923 874/1027/923 859/992/923
f 851/988/924 867/1028/924 852/995/924
f 859/992/925 875/1029/925 860/996/925
f 852/995/926 868/1030/926 853/998/926
f 861/1000/927 875/1029/927 876/1031/927
f 853/998/928 869/1016/928 854/1002/928
f 866/1025/929 564/1032/929 881/1033/929
f 790/1034/930 880/1022/930 895/1035/930
f 873/1023/931 889/1036/931 874/1027/931
f 866/1025/932 882/1037/932 867/1028/932
f 874/1027/933 890/1038/933 875/1029/933
f 868/1030/934 882/1037/934 883/1039/934
f 875/1029/935 891/1040/935 876/1031/935
f 869/1016/936 883/1039/936 884/1041/936
f 876/1031/937 892/1042/937 877/1015/937
f 870/1017/938 884/1041/938 885/1043/938
f 878/1018/939 892/1042/939 893/1044/939
f 870/1017/940 886/1045/940 871/1019/940
f 879/1020/941 893/1044/941 894/1046/941
f 872/1021/942 886/1045/942 887/1047/942
f 879/1020/943 895/1035/943 880/1022/943
f 873/1023/944 887/1047/944 888/1048/944
f 884/1041/945 900/1049/945 885/1043/945
f 893/1044/946 907/1050/946 908/1051/946
f 885/1043/947 901/1052/947 886/1045/947
f 893/1044/948 909/1053/948 894/1046/948
f 887/1047/949 901/1052/949 902/1054/949
f 895/1035/950 909/1053/950 910/1055/950
f 888/1048/951 902/1054/951 903/1056/951
f 881/1033/952 564/1057/952 896/1058/952
f 790/1059/953 895/1035/953 910/1055/953
f 888/1048/954 904/1060/954 889/1036/954
f 882/1037/955 896/1058/955 897/1061/955
f 889/1036/956 905/1062/956 890/1038/956
f 883/1039/957 897/1061/957 898/1063/957
f 891/1040/958 905/1062/958 906/1064/958
f 883/1039/959 899/1065/959 884/1041/959
f 892/1042/960 906/1064/960 907/1050/960
f 903/1056/961 919/1066/961 904/1060/961
f 897/1061/962 911/1067/962 912/1068/962
f 904/1060/963 920/1069/963 905/1062/963
f 898/1063/964 912/1068/964 913/1070/964
f 906/1064/965 920/1069/965 921/1071/965
f 898/1063/966 914/1072/966 899/1065/966
f 906/1064/967 922/1073/967 907/1050/967
f 900/1049/968 914/1072/968 915/1074/968
f 908/1051/969 922/1073/969 923/1075/969
f 900/1049/970 916/1076/970 901/1052/970
f 908/1051/971 924/1077/971 909/1053/971
f 902/1054/972 916/1076/972 917/1078/972
f 910/1055/973 924/1077/973 925/1079/973
f 902/1054/974 918/1080/974 903/1056/974
f 896/1058/975 564/1081/975 911/1067/975
f 790/1082/976 910/1055/976 925/1079/976
f 923/1075/977 937/1083/977 938/1084/977
f 915/1074/978 931/1085/978 916/1076/978
f 924/1077/979 938/1084/979 939/1086/979
f 917/1078/980 931/1085/980 932/1087/980
f 924/1077/981 940/1088/981 925/1079/981
f 917/1078/982 933/1089/982 918/1080/982
f 911/1067/983 564/1090/983 926/1091/983
f 790/1092/984 925/1079/984 940/1088/984
f 918/1080/985 934/1093/985 919/1066/985
f 912/1068/986 926/1091/986 927/1094/986
f 919/1066/987 935/1095/987 920/1069/987
f 913/1070/988 927/1094/988 928/1096/988
f 921/1071/989 935/1095/989 936/1097/989
f 914/1072/990 928/1096/990 929/1098/990
f 921/1071/991 937/1083/991 922/1073/991
f 915/1074/992 929/1098/992 930/1099/992
f 934/1093/993 950/1100/993 935/1095/993
f 927/1094/994 943/1101/994 928/1096/994
f 936/1097/995 950/1100/995 951/1102/995
f 929/1098/996 943/1101/996 944/1103/996
f 936/1097/997 952/1104/997 937/1083/997
f 930/1099/998 944/1103/998 945/1105/998
f 938/1084/999 952/1104/999 953/1106/999
f 930/1099/1000 946/1107/1000 931/1085/1000
f 939/1086/1001 953/1106/1001 954/1108/1001
f 932/1087/1002 946/1107/1002 947/1109/1002
f 940/1088/1003 954/1108/1003 955/1110/1003
f 932/1087/1004 948/1111/1004 933/1089/1004
f 926/1091/1005 564/1112/1005 941/1113/1005
f 790/1114/1006 940/1088/1006 955/1110/1006
f 933/1089/1007 949/1115/1007 934/1093/1007
f 927/1094/1008 941/1113/1008 942/1116/1008
f 953/1106/1009 963/565/1009 954/1108/1009
f 947/1109/1010 959/562/1010 485/567/1010
f 954/1108/1011 964/569/1011 955/1110/1011
f 948/1111/1012 485/567/1012 486/571/1012
f 941/1113/1013 564/1117/1013 956/572/1013
f 790/1118/1014 955/1110/1014 964/569/1014
f 948/1111/1015 487/577/1015 949/1115/1015
f 941/1113/1016 957/578/1016 942/1116/1016
f 949/1115/1017 960/580/1017 950/1100/1017
f 943/1101/1018 957/578/1018 483/582/1018
f 950/1100/1019 488/585/1019 951/1102/1019
f 944/1103/1020 483/582/1020 958/586/1020
f 951/1102/1021 961/589/1021 952/1104/1021
f 945/1105/1022 958/586/1022 484/560/1022
f 953/1106/1023 961/589/1023 962/563/1023
f 946/1107/1024 484/560/1024 959/562/1024
f 484/560/513 493/590/513 494/561/513
f 962/563/514 501/591/514 502/564/514
f 959/562/515 494/561/515 495/566/515
f 963/565/516 502/564/516 503/568/516
f 485/567/517 495/566/517 496/570/517
f 486/571/520 496/570/520 497/576/520
f 957/578/521 956/572/521 489/574/521
f 960/580/522 487/577/522 497/576/522
f 483/582/1108 957/578/1108 490/579/1108
f 960/580/524 498/581/524 499/584/524
f 958/586/525 483/582/525 491/583/525
f 488/585/526 499/584/526 500/588/526
f 958/586/527 492/587/527 493/590/527
f 961/589/528 500/588/528 501/591/528
f 499/584/529 514/608/529 515/592/529
f 493/590/530 492/587/530 507/593/530
f 501/591/531 500/588/531 515/592/531
f 494/561/532 493/590/532 508/594/532
f 501/591/533 516/595/533 517/597/533
f 494/561/534 509/596/534 510/598/534
f 502/564/535 517/597/535 518/599/535
f 495/566/536 510/598/536 511/600/536
f 497/576/539 496/570/539 511/600/539
f 489/574/540 504/602/540 505/605/540
f 498/581/541 497/576/541 512/604/541
f 490/579/542 505/605/542 506/607/542
f 499/584/543 498/581/543 513/606/543
f 492/587/544 491/583/544 506/607/544
f 511/600/546 526/623/546 527/611/546
f 504/602/547 519/625/547 520/612/547
f 512/604/548 527/611/548 528/613/548
f 505/605/549 520/612/549 521/614/549
f 514/608/550 513/606/550 528/613/550
f 506/607/551 521/614/551 522/616/551
f 514/608/552 529/615/552 530/617/552
f 507/593/553 522/616/553 523/618/553
f 515/592/554 530/617/554 531/619/554
f 509/596/555 508/594/555 523/618/555
f 517/597/556 516/595/556 531/619/556
f 510/598/557 509/596/557 524/620/557
f 518/599/558 517/597/558 532/621/558
f 510/598/559 525/622/559 526/623/559
f 530/617/561 545/641/561 546/626/561
f 523/618/562 538/642/562 539/627/562
f 532/621/563 531/619/563 546/626/563
f 524/620/1109 539/627/1109 540/629/1109
f 532/621/565 547/628/565 548/630/565
f 526/623/566 525/622/566 540/629/566
f 526/623/569 541/631/569 542/635/569
f 519/625/570 534/633/570 535/636/570
f 528/613/571 527/611/571 542/635/571
f 520/612/572 535/636/572 536/638/572
f 528/613/573 543/637/573 544/639/573
f 522/616/574 521/614/574 536/638/574
f 529/615/575 544/639/575 545/641/575
f 522/616/576 537/640/576 538/642/576
f 535/636/577 534/633/577 549/643/577
f 543/637/578 542/635/578 557/645/578
f 536/638/579 535/636/579 550/644/579
f 543/637/580 558/646/580 559/648/580
f 536/638/581 551/647/581 552/649/581
f 544/639/582 559/648/582 560/650/582
f 537/640/583 552/649/583 553/651/583
f 545/641/584 560/650/584 561/652/584
f 538/642/585 553/651/585 554/653/585
f 547/628/586 546/626/586 561/652/586
f 539/627/1110 554/653/1110 555/655/1110
f 548/630/588 547/628/588 562/654/588
f 541/631/589 540/629/589 555/655/589
f 541/631/592 556/657/592 557/645/592
f 553/651/593 569/676/593 570/660/593
f 562/654/594 561/652/594 577/661/594
f 555/655/1111 554/653/1111 570/660/1111
f 563/656/596 562/654/596 578/662/596
f 556/657/597 555/655/597 571/663/597
f 556/657/600 572/665/600 573/669/600
f 550/644/601 549/643/601 565/667/601
f 557/645/602 573/669/602 574/671/602
f 550/644/603 566/670/603 567/672/603
f 558/646/604 574/671/604 575/673/604
f 552/649/605 551/647/605 567/672/605
f 560/650/606 559/648/606 575/673/606
f 552/649/607 568/674/607 569/676/607
f 560/650/608 576/675/608 577/661/608
f 573/669/1112 588/692/1112 589/677/1112
f 566/670/610 581/693/610 582/678/610
f 575/673/1113 574/671/1113 589/677/1113
f 567/672/612 582/678/612 583/680/612
f 575/673/613 590/679/613 591/681/613
f 568/674/614 583/680/614 584/682/614
f 576/675/615 591/681/615 592/683/615
f 569/676/616 584/682/616 585/684/616
f 578/662/617 577/661/617 592/683/617
f 571/663/1114 570/660/1114 585/684/1114
f 578/662/619 593/685/619 594/687/619
f 571/663/620 586/686/620 587/688/620
f 572/665/623 587/688/623 588/692/623
f 565/667/624 580/690/624 581/693/624
f 592/683/625 607/709/625 608/694/625
f 585/684/626 600/710/626 601/695/626
f 594/687/627 593/685/627 608/694/627
f 587/688/628 586/686/628 601/695/628
f 588/692/631 587/688/631 602/697/631
f 580/690/632 595/699/632 596/702/632
f 588/692/633 603/701/633 604/703/633
f 581/693/634 596/702/634 597/704/634
f 590/679/635 589/677/635 604/703/635
f 582/678/636 597/704/636 598/706/636
f 591/681/637 590/679/637 605/705/637
f 584/682/638 583/680/638 598/706/638
f 592/683/639 591/681/639 606/707/639
f 584/682/640 599/708/640 600/710/640
f 597/704/1115 596/702/1115 611/711/1115
f 604/703/642 619/727/642 620/713/642
f 598/706/643 597/704/643 612/712/643
f 605/705/644 620/713/644 621/715/644
f 599/708/645 598/706/645 613/714/645
f 607/709/646 606/707/646 621/715/646
f 600/710/647 599/708/647 614/716/647
f 608/694/648 607/709/648 622/717/648
f 601/695/649 600/710/649 615/718/649
f 608/694/650 623/719/650 624/721/650
f 601/695/651 616/720/651 617/722/651
f 602/697/654 617/722/654 618/726/654
f 595/699/655 610/724/655 611/711/655
f 603/701/656 618/726/656 619/727/656
f 616/720/657 615/718/657 630/728/657
f 623/719/658 638/744/658 639/730/658
f 616/720/659 631/729/659 632/731/659
f 618/726/662 617/722/662 632/731/662
f 610/724/663 625/733/663 626/736/663
f 618/726/664 633/735/664 634/737/664
f 612/712/665 611/711/665 626/736/665
f 620/713/666 619/727/666 634/737/666
f 612/712/667 627/738/667 628/740/667
f 620/713/668 635/739/668 636/741/668
f 614/716/669 613/714/669 628/740/669
f 621/715/670 636/741/670 637/743/670
f 614/716/671 629/742/671 630/728/671
f 622/717/672 637/743/672 638/744/672
f 635/739/673 634/737/673 649/745/673
f 627/738/674 642/761/674 643/747/674
f 635/739/675 650/746/675 651/748/675
f 629/742/676 628/740/676 643/747/676
f 636/741/677 651/748/677 652/750/677
f 629/742/678 644/749/678 645/751/678
f 637/743/679 652/750/679 653/752/679
f 631/729/680 630/728/680 645/751/680
f 639/730/681 638/744/681 653/752/681
f 631/729/682 646/753/682 647/755/682
f 632/731/685 647/755/685 648/759/685
f 625/733/686 640/757/686 641/760/686
f 633/735/687 648/759/687 649/745/687
f 627/738/688 626/736/688 641/760/688
f 653/752/689 668/778/689 669/762/689
f 647/755/690 646/753/690 661/763/690
f 647/755/693 662/764/693 663/768/693
f 641/760/694 640/757/694 655/766/694
f 648/759/695 663/768/695 664/770/695
f 641/760/696 656/769/696 657/771/696
f 649/745/697 664/770/697 665/772/697
f 642/761/698 657/771/698 658/773/698
f 650/746/699 665/772/699 666/774/699
f 643/747/700 658/773/700 659/775/700
f 651/748/701 666/774/701 667/776/701
f 644/749/702 659/775/702 660/777/702
f 653/752/703 652/750/703 667/776/703
f 645/751/704 660/777/704 661/763/704
f 665/772/705 680/795/705 681/779/705
f 659/775/706 658/773/706 673/780/706
f 667/776/707 666/774/707 681/779/707
f 660/777/708 659/775/708 674/781/708
f 668/778/709 667/776/709 682/782/709
f 661/763/710 660/777/710 675/783/710
f 669/762/1116 668/778/1116 683/784/1116
f 662/764/712 661/763/712 676/785/712
f 663/768/715 662/764/715 677/787/715
f 655/766/716 670/789/716 671/792/716
f 663/768/717 678/791/717 679/793/717
f 657/771/718 656/769/718 671/792/718
f 665/772/719 664/770/719 679/793/719
f 658/773/720 657/771/720 672/794/720
f 677/787/723 692/812/723 693/800/723
f 671/792/724 670/789/724 685/797/724
f 678/791/725 693/800/725 694/802/725
f 671/792/726 686/801/726 687/803/726
f 679/793/727 694/802/727 695/804/727
f 672/794/728 687/803/728 688/805/728
f 680/795/729 695/804/729 696/806/729
f 674/781/730 673/780/730 688/805/730
f 682/782/731 681/779/731 696/806/731
f 674/781/1117 689/807/1117 690/809/1117
f 683/784/733 682/782/733 697/808/733
f 676/785/734 675/783/734 690/809/734
f 684/786/735 683/784/735 698/810/735
f 677/787/736 676/785/736 691/811/736
f 689/807/737 688/805/737 703/813/737
f 697/808/738 696/806/738 711/815/738
f 689/807/739 704/814/739 705/817/739
f 698/810/740 697/808/740 712/816/740
f 691/811/741 690/809/741 705/817/741
f 699/799/1118 698/810/1118 713/818/1118
f 691/811/743 706/819/743 707/821/743
f 692/812/746 707/821/746 708/825/746
f 686/801/747 685/797/747 700/823/747
f 693/800/748 708/825/748 709/827/748
f 686/801/749 701/826/749 702/828/749
f 695/804/750 694/802/750 709/827/750
f 688/805/751 687/803/751 702/828/751
f 695/804/752 710/829/752 711/815/752
f 707/821/753 722/843/753 723/830/753
f 700/823/754 715/845/754 716/831/754
f 709/827/755 708/825/755 723/830/755
f 701/826/756 716/831/756 717/833/756
f 710/829/757 709/827/757 724/832/757
f 702/828/758 717/833/758 718/835/758
f 710/829/759 725/834/759 726/836/759
f 704/814/760 703/813/760 718/835/760
f 712/816/761 711/815/761 726/836/761
f 704/814/762 719/837/762 720/839/762
f 712/816/763 727/838/763 728/840/763
f 706/819/764 705/817/764 720/839/764
f 714/820/765 713/818/765 728/840/765
f 707/821/766 706/819/766 721/841/766
f 727/838/769 726/836/769 741/847/769
f 719/837/770 734/863/770 735/849/770
f 728/840/771 727/838/771 742/848/771
f 721/841/772 720/839/772 735/849/772
f 728/840/773 743/850/773 744/852/773
f 722/843/774 721/841/774 736/851/774
f 722/843/777 737/853/777 738/857/777
f 715/845/778 730/855/778 731/858/778
f 723/830/779 738/857/779 739/859/779
f 716/831/780 731/858/780 732/860/780
f 725/834/781 724/832/781 739/859/781
f 717/833/782 732/860/782 733/862/782
f 725/834/783 740/861/783 741/847/783
f 719/837/784 718/835/784 733/862/784
f 731/858/785 730/855/785 745/864/785
f 738/857/786 753/880/786 754/866/786
f 731/858/787 746/865/787 747/867/787
f 740/861/788 739/859/788 754/866/788
f 732/860/789 747/867/789 748/869/789
f 740/861/790 755/868/790 756/870/790
f 734/863/791 733/862/791 748/869/791
f 741/847/792 756/870/792 757/872/792
f 734/863/793 749/871/793 750/873/793
f 743/850/794 742/848/794 757/872/794
f 735/849/795 750/873/795 751/875/795
f 743/850/796 758/874/796 759/876/796
f 737/853/797 736/851/797 751/875/797
f 737/853/800 752/877/800 753/880/800
f 749/871/801 764/896/801 765/881/801
f 757/872/802 772/897/802 773/882/802
f 751/875/803 750/873/803 765/881/803
f 758/874/804 773/882/804 774/884/804
f 752/877/805 751/875/805 766/883/805
f 752/877/808 767/885/808 768/889/808
f 746/865/809 745/864/809 760/887/809
f 753/880/810 768/889/810 769/891/810
f 746/865/811 761/890/811 762/892/811
f 755/868/812 754/866/812 769/891/812
f 748/869/813 747/867/813 762/892/813
f 756/870/814 755/868/814 770/893/814
f 748/869/815 763/894/815 764/896/815
f 757/872/816 756/870/816 771/895/816
f 768/889/817 783/913/817 784/898/817
f 761/890/818 776/914/818 777/899/818
f 770/893/819 769/891/819 784/898/819
f 762/892/820 777/899/820 778/901/820
f 770/893/821 785/900/821 786/902/821
f 764/896/1119 763/894/1119 778/901/1119
f 772/897/823 771/895/823 786/902/823
f 765/881/824 764/896/824 779/903/824
f 772/897/825 787/904/825 788/906/825
f 765/881/826 780/905/826 781/907/826
f 774/884/827 773/882/827 788/906/827
f 767/885/828 766/883/828 781/907/828
f 767/885/831 782/909/831 783/913/831
f 760/887/832 775/911/832 776/914/832
f 788/906/833 787/904/833 803/915/833
f 781/907/834 780/905/834 796/917/834
f 788/906/835 804/916/835 805/919/835
f 782/909/836 781/907/836 797/918/836
f 782/909/839 798/920/839 799/924/839
f 776/914/840 775/911/840 791/922/840
f 783/913/841 799/924/841 800/926/841
f 777/899/842 776/914/842 792/925/842
f 785/900/843 784/898/843 800/926/843
f 777/899/844 793/927/844 794/929/844
f 785/900/845 801/928/845 802/930/845
f 779/903/846 778/901/846 794/929/846
f 787/904/847 786/902/847 802/930/847
f 779/903/848 795/931/848 796/917/848
f 801/928/849 800/926/849 815/932/849
f 793/927/850 808/948/850 809/934/850
f 801/928/851 816/933/851 817/935/851
f 795/931/852 794/929/852 809/934/852
f 802/930/853 817/935/853 818/937/853
f 796/917/854 795/931/854 810/936/854
f 803/915/855 818/937/855 819/939/855
f 797/918/856 796/917/856 811/938/856
f 805/919/857 804/916/857 819/939/857
f 798/920/858 797/918/858 812/940/858
f 798/920/861 813/942/861 814/946/861
f 792/925/862 791/922/862 806/944/862
f 799/924/863 814/946/863 815/932/863
f 793/927/864 792/925/864 807/947/864
f 820/941/865 819/939/865 834/949/865
f 812/940/866 827/965/866 828/951/866
f 813/942/869 828/951/869 829/955/869
f 806/944/870 821/953/870 822/956/870
f 814/946/871 829/955/871 830/957/871
f 807/947/872 822/956/872 823/958/872
f 816/933/873 815/932/873 830/957/873
f 808/948/874 823/958/874 824/960/874
f 816/933/875 831/959/875 832/961/875
f 810/936/876 809/934/876 824/960/876
f 817/935/877 832/961/877 833/963/877
f 810/936/878 825/962/878 826/964/878
f 819/939/879 818/937/879 833/963/879
f 812/940/880 811/938/880 826/964/880
f 823/958/881 838/982/881 839/966/881
f 832/961/882 831/959/882 846/967/882
f 825/962/883 824/960/883 839/966/883
f 833/963/884 832/961/884 847/968/884
f 825/962/885 840/969/885 841/971/885
f 834/949/886 833/963/886 848/970/886
f 827/965/887 826/964/887 841/971/887
f 835/950/888 834/949/888 849/972/888
f 828/951/889 827/965/889 842/973/889
f 828/951/892 843/975/892 844/979/892
f 821/953/893 836/977/893 837/980/893
f 829/955/894 844/979/894 845/981/894
f 822/956/895 837/980/895 838/982/895
f 831/959/896 830/957/896 845/981/896
f 843/983/897 842/1014/897 857/984/897
f 843/983/900 858/985/900 859/992/900
f 837/994/901 836/986/901 851/988/901
f 844/993/902 859/992/902 860/996/902
f 837/994/903 852/995/903 853/998/903
f 845/997/904 860/996/904 861/1000/904
f 838/999/905 853/998/905 854/1002/905
f 846/1001/906 861/1000/906 862/1004/906
f 840/1006/907 839/1003/907 854/1002/907
f 848/1008/908 847/1005/908 862/1004/908
f 840/1006/909 855/1007/909 856/1010/909
f 848/1008/910 863/1009/910 864/1012/910
f 842/1014/911 841/1011/911 856/1010/911
f 850/990/912 849/1013/912 864/1012/912
f 861/1000/913 876/1031/913 877/1015/913
f 855/1007/914 854/1002/914 869/1016/914
f 862/1004/915 877/1015/915 878/1018/915
f 855/1007/916 870/1017/916 871/1019/916
f 863/1009/917 878/1018/917 879/1020/917
f 857/984/918 856/1010/918 871/1019/918
f 864/1012/1120 879/1020/1120 880/1022/1120
f 858/985/920 857/984/920 872/1021/920
f 858/985/923 873/1023/923 874/1027/923
f 851/988/924 866/1025/924 867/1028/924
f 859/992/925 874/1027/925 875/1029/925
f 852/995/926 867/1028/926 868/1030/926
f 861/1000/927 860/996/927 875/1029/927
f 853/998/928 868/1030/928 869/1016/928
f 873/1023/931 888/1048/931 889/1036/931
f 866/1025/932 881/1033/932 882/1037/932
f 874/1027/933 889/1036/933 890/1038/933
f 868/1030/934 867/1028/934 882/1037/934
f 875/1029/935 890/1038/935 891/1040/935
f 869/1016/936 868/1030/936 883/1039/936
f 876/1031/937 891/1040/937 892/1042/937
f 870/1017/938 869/1016/938 884/1041/938
f 878/1018/939 877/1015/939 892/1042/939
f 870/1017/940 885/1043/940 886/1045/940
f 879/1020/941 878/1018/941 893/1044/941
f 872/1021/942 871/1019/942 886/1045/942
f 879/1020/943 894/1046/943 895/1035/943
f 873/1023/944 872/1021/944 887/1047/944
f 884/1041/945 899/1065/945 900/1049/945
f 893/1044/946 892/1042/946 907/1050/946
f 885/1043/947 900/1049/947 901/1052/947
f 893/1044/948 908/1051/948 909/1053/948
f 887/1047/949 886/1045/949 901/1052/949
f 895/1035/950 894/1046/950 909/1053/950
f 888/1048/951 887/1047/951 902/1054/951
f 888/1048/954 903/1056/954 904/1060/954
f 882/1037/955 881/1033/955 896/1058/955
f 889/1036/956 904/1060/956 905/1062/956
f 883/1039/957 882/1037/957 897/1061/957
f 891/1040/958 890/1038/958 905/1062/958
f 883/1039/959 898/1063/959 899/1065/959
f 892/1042/960 891/1040/960 906/1064/960
f 903/1056/961 918/1080/961 919/1066/961
f 897/1061/1121 896/1058/1121 911/1067/1121
f 904/1060/963 919/1066/963 920/1069/963
f 898/1063/964 897/1061/964 912/1068/964
f 906/1064/965 905/1062/965 920/1069/965
f 898/1063/1122 913/1070/1122 914/1072/1122
f 906/1064/967 921/1071/967 922/1073/967
f 900/1049/968 899/1065/968 914/1072/968
f 908/1051/969 907/1050/969 922/1073/969
f 900/1049/970 915/1074/970 916/1076/970
f 908/1051/971 923/1075/971 924/1077/971
f 902/1054/972 901/1052/972 916/1076/972
f 910/1055/973 909/1053/973 924/1077/973
f 902/1054/974 917/1078/974 918/1080/974
f 923/1075/977 922/1073/977 937/1083/977
f 915/1074/978 930/1099/978 931/1085/978
f 924/1077/979 923/1075/979 938/1084/979
f 917/1078/980 916/1076/980 931/1085/980
f 924/1077/981 939/1086/981 940/1088/981
f 917/1078/982 932/1087/982 933/1089/982
f 918/1080/985 933/1089/985 934/1093/985
f 912/1068/986 911/1067/986 926/1091/986
f 919/1066/987 934/1093/987 935/1095/987
f 913/1070/988 912/1068/988 927/1094/988
f 921/1071/989 920/1069/989 935/1095/989
f 914/1072/990 913/1070/990 928/1096/990
f 921/1071/991 936/1097/991 937/1083/991
f 915/1074/992 914/1072/992 929/1098/992
f 934/1093/993 949/1115/993 950/1100/993
f 927/1094/994 942/1116/994 943/1101/994
f 936/1097/995 935/1095/995 950/1100/995
f 929/1098/1123 928/1096/1123 943/1101/1123
f 936/1097/997 951/1102/997 952/1104/997
f 930/1099/998 929/1098/998 944/1103/998
f 938/1084/999 937/1083/999 952/1104/999
f 930/1099/1000 945/1105/1000 946/1107/1000
f 939/1086/1001 938/1084/1001 953/1106/1001
f 932/1087/1002 931/1085/1002 946/1107/1002
f 940/1088/1003 939/1086/1003 954/1108/1003
f 932/1087/1004 947/1109/1004 948/1111/1004
f 933/1089/1007 948/1111/1007 949/1115/1007
f 927/1094/1124 926/1091/1124 941/1113/1124
f 953/1106/1009 962/563/1009 963/565/1009
f 947/1109/1010 946/1107/1010 959/562/1010
f 954/1108/1011 963/565/1011 964/569/1011
f 948/1111/1012 947/1109/1012 485/567/1012
f 948/1111/1015 486/571/1015 487/577/1015
f 941/1113/1016 956/572/1016 957/578/1016
f 949/1115/1017 487/577/1017 960/580/1017
f 943/1101/1018 942/1116/1018 957/578/1018
f 950/1100/1019 960/580/1019 488/585/1019
f 944/1103/1020 943/1101/1020 483/582/1020
f 951/1102/1021 488/585/1021 961/589/1021
f 945/1105/1022 944/1103/1022 958/586/1022
f 953/1106/1023 952/1104/1023 961/589/1023
f 946/1107/1024 945/1105/1024 484/560/1024
usemtl マテリアル.001
f 1441/1119/8 975/1120/8 976/1121/8
f 1444/1122/9 984/1123/9 1445/1124/9
f 1441/1119/10 977/1125/10 967/1126/10
f 1445/1124/11 985/1127/11 1446/1128/11
f 968/1129/1025 977/1125/1025 978/1130/1025
f 1438/1131/1026 1046/1132/1026 971/1133/1026
f 1272/1134/14 1446/1128/14 985/1127/14
f 968/1129/1027 979/1135/1027 969/1136/1027
f 1439/1137/16 971/1133/16 972/1138/16
f 969/1136/1 980/1139/1 1442/1140/1
f 1439/1137/2 973/1141/2 965/1142/2
f 1442/1140/3 981/1143/3 970/1144/3
f 1440/1145/4 973/1141/4 974/1146/4
f 970/1144/5 982/1147/5 1443/1148/5
f 966/1149/6 974/1146/6 975/1120/6
f 1443/1148/7 983/1150/7 1444/1122/7
f 982/1147/23 996/1151/23 997/1152/23
f 975/1120/24 989/1153/24 990/1154/24
f 983/1150/25 997/1152/25 998/1155/25
f 975/1120/26 991/1156/26 976/1121/26
f 983/1150/27 999/1157/27 984/1123/27
f 977/1125/28 991/1156/28 992/1158/28
f 984/1123/29 1000/1159/29 985/1127/29
f 978/1130/30 992/1158/30 993/1160/30
f 971/1133/31 1046/1161/31 986/1162/31
f 1272/1163/32 985/1127/32 1000/1159/32
f 978/1130/1028 994/1164/1028 979/1135/1028
f 971/1133/18 987/1165/18 972/1138/18
f 979/1135/19 995/1166/19 980/1139/19
f 973/1141/20 987/1165/20 988/1167/20
f 981/1143/21 995/1166/21 996/1151/21
f 973/1141/22 989/1153/22 974/1146/22
f 1272/1168/40 1000/1159/40 1015/1169/40
f 993/1160/1029 1009/1170/1029 994/1164/1029
f 987/1165/1030 1001/1171/1030 1002/1172/1030
f 994/1164/43 1010/1173/43 995/1166/43
f 987/1165/1031 1003/1174/1031 988/1167/1031
f 995/1166/45 1011/1175/45 996/1151/45
f 988/1167/46 1004/1176/46 989/1153/46
f 996/1151/47 1012/1177/47 997/1152/47
f 990/1154/48 1004/1176/48 1005/1178/48
f 998/1155/33 1012/1177/33 1013/1179/33
f 991/1156/34 1005/1178/34 1006/1180/34
f 999/1157/35 1013/1179/35 1014/1181/35
f 991/1156/36 1007/1182/36 992/1158/36
f 999/1157/1032 1015/1169/1032 1000/1159/1032
f 993/1160/1033 1007/1182/1033 1008/1183/1033
f 986/1162/39 1046/1184/39 1001/1171/39
f 1012/1177/56 1028/1185/56 1013/1179/56
f 1006/1180/57 1020/1186/57 1021/1187/57
f 1014/1181/58 1028/1185/58 1029/1188/58
f 1007/1182/59 1021/1187/59 1022/1189/59
f 1015/1169/60 1029/1188/60 1030/1190/60
f 1007/1182/61 1023/1191/61 1008/1183/61
f 1001/1171/62 1046/1192/62 1016/1193/62
f 1272/1194/63 1015/1169/63 1030/1190/63
f 1009/1170/1034 1023/1191/1034 1024/1195/1034
f 1001/1171/49 1017/1196/49 1002/1172/49
f 1010/1173/50 1024/1195/50 1025/1197/50
f 1002/1172/51 1018/1198/51 1003/1174/51
f 1010/1173/52 1026/1199/52 1011/1175/52
f 1004/1176/53 1018/1198/53 1019/1200/53
f 1011/1175/54 1027/1201/54 1012/1177/54
f 1004/1176/55 1020/1186/55 1005/1178/55
f 1017/1196/73 1031/1202/73 1032/1203/73
f 1024/1195/74 1040/1204/74 1025/1197/74
f 1017/1196/75 1033/1205/75 1018/1198/75
f 1025/1197/76 1041/1206/76 1026/1199/76
f 1018/1198/77 1034/1207/77 1019/1200/77
f 1026/1199/78 1042/1208/78 1027/1201/78
f 1020/1186/79 1034/1207/79 1035/1209/79
f 1027/1201/80 1043/1210/80 1028/1185/80
f 1021/1187/65 1035/1209/65 1036/1211/65
f 1028/1185/66 1044/1212/66 1029/1188/66
f 1022/1189/67 1036/1211/67 1037/1213/67
f 1029/1188/1035 1045/1214/1035 1030/1190/1035
f 1022/1189/69 1038/1215/69 1023/1191/69
f 1016/1193/70 1046/1216/70 1031/1202/70
f 1272/1217/71 1030/1190/71 1045/1214/71
f 1023/1191/1036 1039/1218/1036 1024/1195/1036
f 1035/1209/88 1052/1219/88 1036/1211/88
f 1044/1212/89 1059/1220/89 1060/1221/89
f 1036/1211/90 1053/1222/90 1037/1213/90
f 1044/1212/91 1061/1223/91 1045/1214/91
f 1037/1213/92 1054/1224/92 1038/1215/92
f 1031/1202/93 1046/1225/93 1047/1226/93
f 1272/1227/94 1045/1214/94 1061/1223/94
f 1038/1215/95 1055/1228/95 1039/1218/95
f 1031/1202/96 1048/1229/96 1032/1203/96
f 1039/1218/81 1056/1230/81 1040/1204/81
f 1033/1205/82 1048/1229/82 1049/1231/82
f 1041/1206/83 1056/1230/83 1057/1232/83
f 1033/1205/84 1050/1233/84 1034/1207/84
f 1041/1206/85 1058/1234/85 1042/1208/85
f 1035/1209/86 1050/1233/86 1051/1235/86
f 1042/1208/87 1059/1220/87 1043/1210/87
f 1055/1228/105 1071/1236/105 1056/1230/105
f 1048/1229/106 1064/1237/106 1049/1231/106
f 1057/1232/107 1071/1236/107 1072/1238/107
f 1049/1231/108 1065/1239/108 1050/1233/108
f 1057/1232/109 1073/1240/109 1058/1234/109
f 1051/1235/110 1065/1239/110 1066/1241/110
f 1059/1220/111 1073/1240/111 1074/1242/111
f 1051/1235/112 1067/1243/112 1052/1219/112
f 1060/1221/1037 1074/1242/1037 1075/1244/1037
f 1053/1222/98 1067/1243/98 1068/1245/98
f 1061/1223/99 1075/1244/99 1076/1246/99
f 1054/1224/100 1068/1245/100 1069/1247/100
f 1047/1226/101 1046/1248/101 1062/1249/101
f 1272/1250/102 1061/1223/102 1076/1246/102
f 1054/1224/103 1070/1251/103 1055/1228/103
f 1047/1226/104 1063/1252/104 1048/1229/104
f 1074/1242/119 1090/1253/119 1075/1244/119
f 1068/1245/120 1082/1254/120 1083/1255/120
f 1076/1246/1038 1090/1253/1038 1091/1256/1038
f 1068/1245/122 1084/1257/122 1069/1247/122
f 1062/1249/123 1046/1258/123 1077/1259/123
f 1272/1260/124 1076/1246/124 1091/1256/124
f 1069/1247/1039 1085/1261/1039 1070/1251/1039
f 1062/1249/126 1078/1262/126 1063/1252/126
f 1070/1251/127 1086/1263/127 1071/1236/127
f 1064/1237/128 1078/1262/128 1079/1264/128
f 1072/1238/113 1086/1263/113 1087/1265/113
f 1065/1239/114 1079/1264/114 1080/1266/114
f 1072/1238/115 1088/1267/115 1073/1240/115
f 1066/1241/116 1080/1266/116 1081/1268/116
f 1074/1242/117 1088/1267/117 1089/1269/117
f 1066/1241/118 1082/1254/118 1067/1243/118
f 1078/1262/136 1094/1270/136 1079/1264/136
f 1087/1265/137 1101/1271/137 1102/1272/137
f 1079/1264/138 1095/1273/138 1080/1266/138
f 1087/1265/139 1103/1274/139 1088/1267/139
f 1081/1268/140 1095/1273/140 1096/1275/140
f 1089/1269/141 1103/1274/141 1104/1276/141
f 1081/1268/142 1097/1277/142 1082/1254/142
f 1090/1253/143 1104/1276/143 1105/1278/143
f 1083/1255/144 1097/1277/144 1098/1279/144
f 1090/1253/129 1106/1280/129 1091/1256/129
f 1084/1257/1040 1098/1279/1040 1099/1281/1040
f 1077/1259/131 1046/1282/131 1092/1283/131
f 1272/1284/132 1091/1256/132 1106/1280/132
f 1084/1257/1041 1100/1285/1041 1085/1261/1041
f 1078/1262/134 1092/1283/134 1093/1286/134
f 1085/1261/135 1101/1271/135 1086/1263/135
f 1097/1277/151 1113/1287/151 1098/1279/151
f 1105/1278/1042 1121/1288/1042 1106/1280/1042
f 1099/1281/153 1113/1287/153 1114/1289/153
f 1092/1283/154 1046/1290/154 1107/1291/154
f 1272/1292/155 1106/1280/155 1121/1288/155
f 1099/1281/156 1115/1293/156 1100/1285/156
f 1093/1286/157 1107/1291/157 1108/1294/157
f 1100/1285/158 1116/1295/158 1101/1271/158
f 1094/1270/159 1108/1294/159 1109/1296/159
f 1102/1272/160 1116/1295/160 1117/1297/160
f 1094/1270/145 1110/1298/145 1095/1273/145
f 1102/1272/146 1118/1299/146 1103/1274/146
f 1095/1273/147 1111/1300/147 1096/1275/147
f 1104/1276/148 1118/1299/148 1119/1301/148
f 1096/1275/149 1112/1302/149 1097/1277/149
f 1105/1278/150 1119/1301/150 1120/1303/150
f 1117/1297/168 1131/1304/168 1132/1305/168
f 1109/1296/169 1125/1306/169 1110/1298/169
f 1117/1297/170 1133/1307/170 1118/1299/170
f 1111/1300/171 1125/1306/171 1126/1308/171
f 1119/1301/172 1133/1307/172 1134/1309/172
f 1111/1300/173 1127/1310/173 1112/1302/173
f 1120/1303/1043 1134/1309/1043 1135/1311/1043
f 1113/1287/175 1127/1310/175 1128/1312/175
f 1120/1303/176 1136/1313/176 1121/1288/176
f 1114/1289/1044 1128/1312/1044 1129/1314/1044
f 1107/1291/162 1046/1315/162 1122/1316/162
f 1272/1317/163 1121/1288/163 1136/1313/163
f 1114/1289/164 1130/1318/164 1115/1293/164
f 1107/1291/1045 1123/1319/1045 1108/1294/1045
f 1115/1293/166 1131/1304/166 1116/1295/166
f 1109/1296/167 1123/1319/167 1124/1320/167
f 1135/1311/183 1151/1321/183 1136/1313/183
f 1129/1314/184 1143/1322/184 1144/1323/184
f 1122/1316/185 1046/1324/185 1137/1325/185
f 1272/1326/186 1136/1313/186 1151/1321/186
f 1129/1314/187 1145/1327/187 1130/1318/187
f 1123/1319/188 1137/1325/188 1138/1328/188
f 1130/1318/189 1146/1329/189 1131/1304/189
f 1124/1320/190 1138/1328/190 1139/1330/190
f 1132/1305/191 1146/1329/191 1147/1331/191
f 1124/1320/192 1140/1332/192 1125/1306/192
f 1132/1305/177 1148/1333/177 1133/1307/177
f 1125/1306/178 1141/1334/178 1126/1308/178
f 1133/1307/179 1149/1335/179 1134/1309/179
f 1126/1308/180 1142/1336/180 1127/1310/180
f 1134/1309/181 1150/1337/181 1135/1311/181
f 1128/1312/182 1142/1336/182 1143/1322/182
f 1147/1331/201 1163/1338/201 1148/1333/201
f 1140/1332/202 1156/1339/202 1141/1334/202
f 1148/1333/203 1164/1340/203 1149/1335/203
f 1141/1334/204 1157/1341/204 1142/1336/204
f 1150/1337/205 1164/1340/205 1165/1342/205
f 1143/1322/206 1157/1341/206 1158/1343/206
f 1151/1321/1046 1165/1342/1046 1166/1344/1046
f 1143/1322/208 1159/1345/208 1144/1323/208
f 1137/1325/193 1046/1346/193 1152/1347/193
f 1272/1348/194 1151/1321/194 1166/1344/194
f 1144/1323/195 1160/1349/195 1145/1327/195
f 1137/1325/196 1153/1350/196 1138/1328/196
f 1145/1327/197 1161/1351/197 1146/1329/197
f 1139/1330/198 1153/1350/198 1154/1352/198
f 1147/1331/199 1161/1351/199 1162/1353/199
f 1140/1332/200 1154/1352/200 1155/1354/200
f 1152/1347/216 1046/1355/216 1167/1356/216
f 1272/1357/217 1166/1344/217 1181/1358/217
f 1159/1345/218 1175/1359/218 1160/1349/218
f 1152/1347/219 1168/1360/219 1153/1350/219
f 1160/1349/220 1176/1361/220 1161/1351/220
f 1153/1350/221 1169/1362/221 1154/1352/221
f 1161/1351/222 1177/1363/222 1162/1353/222
f 1154/1352/223 1170/1364/223 1155/1354/223
f 1162/1353/224 1178/1365/224 1163/1338/224
f 1156/1339/209 1170/1364/209 1171/1366/209
f 1163/1338/210 1179/1367/210 1164/1340/210
f 1156/1339/211 1172/1368/211 1157/1341/211
f 1165/1342/212 1179/1367/212 1180/1369/212
f 1157/1341/213 1173/1370/213 1158/1343/213
f 1166/1344/1047 1180/1369/1047 1181/1358/1047
f 1159/1345/215 1173/1370/215 1174/1371/215
f 1170/1364/232 1186/1372/232 1171/1366/232
f 1179/1367/233 1193/1373/233 1194/1374/233
f 1172/1368/234 1186/1372/234 1187/1375/234
f 1180/1369/235 1194/1374/235 1195/1376/235
f 1172/1368/236 1188/1377/236 1173/1370/236
f 1180/1369/1048 1196/1378/1048 1181/1358/1048
f 1174/1371/238 1188/1377/238 1189/1379/238
f 1167/1356/239 1046/1380/239 1182/1381/239
f 1272/1382/240 1181/1358/240 1196/1378/240
f 1174/1371/225 1190/1383/225 1175/1359/225
f 1168/1360/226 1182/1381/226 1183/1384/226
f 1175/1359/227 1191/1385/227 1176/1361/227
f 1169/1362/228 1183/1384/228 1184/1386/228
f 1176/1361/229 1192/1387/229 1177/1363/229
f 1169/1362/230 1185/1388/230 1170/1364/230
f 1178/1365/231 1192/1387/231 1193/1373/231
f 1189/1379/249 1205/1389/249 1190/1383/249
f 1182/1381/250 1198/1390/250 1183/1384/250
f 1190/1383/251 1206/1391/251 1191/1385/251
f 1183/1384/252 1199/1392/252 1184/1386/252
f 1192/1387/253 1206/1391/253 1207/1393/253
f 1184/1386/254 1200/1394/254 1185/1388/254
f 1192/1387/255 1208/1395/255 1193/1373/255
f 1186/1372/256 1200/1394/256 1201/1396/256
f 1194/1374/241 1208/1395/241 1209/1397/241
f 1186/1372/242 1202/1398/242 1187/1375/242
f 1195/1376/243 1209/1397/243 1210/1399/243
f 1188/1377/244 1202/1398/244 1203/1400/244
f 1195/1376/245 1211/1401/245 1196/1378/245
f 1189/1379/246 1203/1400/246 1204/1402/246
f 1182/1381/247 1046/1403/247 1197/1404/247
f 1272/1405/248 1196/1378/248 1211/1401/248
f 1209/1397/263 1223/1406/263 1224/1407/263
f 1201/1396/264 1217/1408/264 1202/1398/264
f 1210/1399/265 1224/1407/265 1225/1409/265
f 1203/1400/266 1217/1408/266 1218/1410/266
f 1210/1399/267 1226/1411/267 1211/1401/267
f 1204/1402/268 1218/1410/268 1219/1412/268
f 1197/1404/269 1046/1413/269 1212/1414/269
f 1272/1415/270 1211/1401/270 1226/1411/270
f 1204/1402/1049 1220/1416/1049 1205/1389/1049
f 1197/1404/272 1213/1417/272 1198/1390/272
f 1205/1389/257 1221/1418/257 1206/1391/257
f 1198/1390/258 1214/1419/258 1199/1392/258
f 1207/1393/259 1221/1418/259 1222/1420/259
f 1199/1392/260 1215/1421/260 1200/1394/260
f 1207/1393/261 1223/1406/261 1208/1395/261
f 1200/1394/262 1216/1422/262 1201/1396/262
f 1212/1414/280 1228/1423/280 1213/1417/280
f 1220/1416/281 1236/1424/281 1221/1418/281
f 1213/1417/282 1229/1425/282 1214/1419/282
f 1222/1420/283 1236/1424/283 1237/1426/283
f 1215/1421/284 1229/1425/284 1230/1427/284
f 1222/1420/285 1238/1428/285 1223/1406/285
f 1216/1422/286 1230/1427/286 1231/1429/286
f 1223/1406/287 1239/1430/287 1224/1407/287
f 1217/1408/288 1231/1429/288 1232/1431/288
f 1224/1407/273 1240/1432/273 1225/1409/273
f 1217/1408/274 1233/1433/274 1218/1410/274
f 1226/1411/1050 1240/1432/1050 1241/1434/1050
f 1219/1412/276 1233/1433/276 1234/1435/276
f 1212/1414/277 1046/1436/277 1227/1437/277
f 1272/1438/278 1226/1411/278 1241/1434/278
f 1219/1412/279 1235/1439/279 1220/1416/279
f 1231/1429/295 1247/1440/295 1232/1431/295
f 1239/1430/1051 1255/1441/1051 1240/1432/1051
f 1233/1433/297 1247/1440/297 1248/1442/297
f 1241/1434/298 1255/1441/298 1256/1443/298
f 1234/1435/1052 1248/1442/1052 1249/1444/1052
f 1227/1437/300 1046/1445/300 1242/1446/300
f 1272/1447/301 1241/1434/301 1256/1443/301
f 1234/1435/302 1250/1448/302 1235/1439/302
f 1227/1437/303 1243/1449/303 1228/1423/303
f 1235/1439/304 1251/1450/304 1236/1424/304
f 1229/1425/289 1243/1449/289 1244/1451/289
f 1237/1426/290 1251/1450/290 1252/1452/290
f 1229/1425/291 1245/1453/291 1230/1427/291
f 1237/1426/292 1253/1454/292 1238/1428/292
f 1231/1429/293 1245/1453/293 1246/1455/293
f 1238/1428/294 1254/1456/294 1239/1430/294
f 1250/1448/312 1266/1457/312 1251/1450/312
f 1244/1451/313 1258/1458/313 1259/1459/313
f 1252/1452/314 1266/1457/314 1267/1460/314
f 1244/1451/315 1260/1461/315 1245/1453/315
f 1252/1452/316 1268/1462/316 1253/1454/316
f 1246/1455/317 1260/1461/317 1261/1463/317
f 1254/1456/318 1268/1462/318 1269/1464/318
f 1247/1440/319 1261/1463/319 1262/1465/319
f 1254/1456/320 1270/1466/320 1255/1441/320
f 1247/1440/305 1263/1467/305 1248/1442/305
f 1255/1441/1053 1271/1468/1053 1256/1443/1053
f 1249/1444/307 1263/1467/307 1264/1469/307
f 1242/1446/308 1046/1470/308 1257/1471/308
f 1272/1472/309 1256/1443/309 1271/1468/309
f 1249/1444/310 1265/1473/310 1250/1448/310
f 1242/1446/311 1258/1458/311 1243/1449/311
f 1269/1464/327 1286/1474/327 1270/1466/327
f 1263/1467/328 1278/1475/328 1279/1476/328
f 1270/1466/1054 1287/1477/1054 1271/1468/1054
f 1264/1469/330 1279/1476/330 1280/1478/330
f 1257/1471/331 1046/1479/331 1273/1480/331
f 1272/1481/332 1271/1468/332 1287/1477/332
f 1264/1469/333 1281/1482/333 1265/1473/333
f 1258/1458/334 1273/1480/334 1274/1483/334
f 1265/1473/335 1282/1484/335 1266/1457/335
f 1259/1459/336 1274/1483/336 1275/1485/336
f 1267/1460/321 1282/1484/321 1283/1486/321
f 1259/1459/322 1276/1487/322 1260/1461/322
f 1267/1460/323 1284/1488/323 1268/1462/323
f 1261/1463/324 1276/1487/324 1277/1489/324
f 1269/1464/325 1284/1488/325 1285/1490/325
f 1261/1463/326 1278/1475/326 1262/1465/326
f 1283/1486/345 1297/1491/345 1298/1492/345
f 1275/1485/346 1291/1493/346 1276/1487/346
f 1283/1486/347 1299/1494/347 1284/1488/347
f 1277/1489/348 1291/1493/348 1292/1495/348
f 1284/1488/349 1300/1496/349 1285/1490/349
f 1277/1489/350 1293/1497/350 1278/1475/350
f 1285/1490/351 1301/1498/351 1286/1474/351
f 1279/1476/352 1293/1497/352 1294/1499/352
f 1287/1477/337 1301/1498/337 1302/1500/337
f 1280/1478/338 1294/1499/338 1295/1501/338
f 1273/1480/339 1046/1502/339 1288/1503/339
f 1272/1504/340 1287/1477/340 1302/1500/340
f 1280/1478/1055 1296/1505/1055 1281/1482/1055
f 1273/1480/342 1289/1506/342 1274/1483/342
f 1281/1482/343 1297/1491/343 1282/1484/343
f 1275/1485/1056 1289/1506/1056 1290/1507/1056
f 1301/1498/360 1317/1508/360 1302/1500/360
f 1295/1501/361 1309/1509/361 1310/1510/361
f 1288/1503/362 1046/1511/362 1303/1512/362
f 1272/1513/363 1302/1500/363 1317/1508/363
f 1295/1501/364 1311/1514/364 1296/1505/364
f 1289/1506/365 1303/1512/365 1304/1515/365
f 1296/1505/366 1312/1516/366 1297/1491/366
f 1290/1507/367 1304/1515/367 1305/1517/367
f 1298/1492/368 1312/1516/368 1313/1518/368
f 1290/1507/353 1306/1519/353 1291/1493/353
f 1298/1492/354 1314/1520/354 1299/1494/354
f 1292/1495/355 1306/1519/355 1307/1521/355
f 1300/1496/356 1314/1520/356 1315/1522/356
f 1292/1495/357 1308/1523/357 1293/1497/357
f 1300/1496/358 1316/1524/358 1301/1498/358
f 1294/1499/359 1308/1523/359 1309/1509/359
f 1305/1517/377 1321/1525/377 1306/1519/377
f 1313/1518/378 1329/1526/378 1314/1520/378
f 1307/1521/379 1321/1525/379 1322/1527/379
f 1314/1520/380 1330/1528/380 1315/1522/380
f 1307/1521/381 1323/1529/381 1308/1523/381
f 1315/1522/382 1331/1530/382 1316/1524/382
f 1309/1509/383 1323/1529/383 1324/1531/383
f 1316/1524/384 1332/1532/384 1317/1508/384
f 1310/1510/369 1324/1531/369 1325/1533/369
f 1303/1512/370 1046/1534/370 1318/1535/370
f 1272/1536/371 1317/1508/371 1332/1532/371
f 1310/1510/1057 1326/1537/1057 1311/1514/1057
f 1303/1512/373 1319/1538/373 1304/1515/373
f 1311/1514/374 1327/1539/374 1312/1516/374
f 1305/1517/375 1319/1538/375 1320/1540/375
f 1313/1518/376 1327/1539/376 1328/1541/376
f 1325/1542/1058 1339/1543/1058 1340/1544/1058
f 1318/1545/393 1046/1546/393 1333/1547/393
f 1272/1548/394 1332/1549/394 1347/1550/394
f 1325/1542/1059 1341/1551/1059 1326/1552/1059
f 1319/1553/396 1333/1547/396 1334/1554/396
f 1326/1552/397 1342/1555/397 1327/1556/397
f 1320/1557/398 1334/1554/398 1335/1558/398
f 1328/1559/399 1342/1555/399 1343/1560/399
f 1320/1557/400 1336/1561/400 1321/1562/400
f 1328/1559/385 1344/1563/385 1329/1564/385
f 1321/1562/386 1337/1565/386 1322/1566/386
f 1329/1564/387 1345/1567/387 1330/1568/387
f 1322/1566/388 1338/1569/388 1323/1570/388
f 1330/1568/389 1346/1571/389 1331/1572/389
f 1324/1573/390 1338/1569/390 1339/1543/390
f 1332/1549/391 1346/1571/391 1347/1550/391
f 1343/1560/408 1359/1574/408 1344/1563/408
f 1337/1565/409 1351/1575/409 1352/1576/409
f 1345/1567/410 1359/1574/410 1360/1577/410
f 1337/1565/411 1353/1578/411 1338/1569/411
f 1346/1571/412 1360/1577/412 1361/1579/412
f 1339/1543/413 1353/1578/413 1354/1580/413
f 1347/1550/414 1361/1579/414 1362/1581/414
f 1340/1544/415 1354/1580/415 1355/1582/415
f 1333/1547/416 1046/1583/416 1348/1584/416
f 1272/1585/401 1347/1550/401 1362/1581/401
f 1340/1544/402 1356/1586/402 1341/1551/402
f 1333/1547/403 1349/1587/403 1334/1554/403
f 1341/1551/404 1357/1588/404 1342/1555/404
f 1335/1558/405 1349/1587/405 1350/1589/405
f 1343/1560/406 1357/1588/406 1358/1590/406
f 1335/1558/407 1351/1575/407 1336/1561/407
f 1348/1584/423 1046/1591/423 1363/1592/423
f 1272/1593/424 1362/1581/424 1377/1594/424
f 1355/1582/425 1371/1595/425 1356/1586/425
f 1348/1584/1060 1364/1596/1060 1349/1587/1060
f 1356/1586/427 1372/1597/427 1357/1588/427
f 1349/1587/428 1365/1598/428 1350/1589/428
f 1358/1590/429 1372/1597/429 1373/1599/429
f 1351/1575/430 1365/1598/430 1366/1600/430
f 1358/1590/431 1374/1601/431 1359/1574/431
f 1352/1576/432 1366/1600/432 1367/1602/432
f 1359/1574/417 1375/1603/417 1360/1577/417
f 1353/1578/418 1367/1602/418 1368/1604/418
f 1360/1577/419 1376/1605/419 1361/1579/419
f 1354/1580/420 1368/1604/420 1369/1606/420
f 1362/1581/1061 1376/1605/1061 1377/1594/1061
f 1355/1582/1062 1369/1606/1062 1370/1607/1062
f 1367/1602/439 1381/1608/439 1382/1609/439
f 1374/1601/440 1390/1610/440 1375/1603/440
f 1367/1602/441 1383/1611/441 1368/1604/441
f 1375/1603/442 1391/1612/442 1376/1605/442
f 1369/1606/443 1383/1611/443 1384/1613/443
f 1376/1605/444 1392/1614/444 1377/1594/444
f 1370/1607/445 1384/1613/445 1385/1615/445
f 1363/1592/446 1046/1616/446 1378/1617/446
f 1272/1618/447 1377/1594/447 1392/1614/447
f 1370/1607/448 1386/1619/448 1371/1595/448
f 1364/1596/433 1378/1617/433 1379/1620/433
f 1371/1595/434 1387/1621/434 1372/1597/434
f 1364/1596/435 1380/1622/435 1365/1598/435
f 1373/1599/436 1387/1621/436 1388/1623/436
f 1366/1600/437 1380/1622/437 1381/1608/437
f 1373/1599/438 1389/1624/438 1374/1601/438
f 1385/1615/456 1401/1625/456 1386/1619/456
f 1379/1620/457 1393/1626/457 1394/1627/457
f 1387/1621/458 1401/1625/458 1402/1628/458
f 1380/1622/459 1394/1627/459 1395/1629/459
f 1388/1623/460 1402/1628/460 1403/1630/460
f 1380/1622/461 1396/1631/461 1381/1608/461
f 1388/1623/462 1404/1632/462 1389/1624/462
f 1382/1609/463 1396/1631/463 1397/1633/463
f 1389/1624/464 1405/1634/464 1390/1610/464
f 1382/1609/449 1398/1635/449 1383/1611/449
f 1391/1612/450 1405/1634/450 1406/1636/450
f 1384/1613/451 1398/1635/451 1399/1637/451
f 1391/1612/1063 1407/1638/1063 1392/1614/1063
f 1385/1615/453 1399/1637/453 1400/1639/453
f 1378/1617/454 1046/1640/454 1393/1626/454
f 1272/1641/455 1392/1614/455 1407/1638/455
f 1405/1634/471 1419/1642/471 1420/1643/471
f 1397/1633/472 1413/1644/472 1398/1635/472
f 1405/1634/1064 1421/1645/1064 1406/1636/1064
f 1399/1637/474 1413/1644/474 1414/1646/474
f 1406/1636/475 1422/1647/475 1407/1638/475
f 1400/1639/476 1414/1646/476 1415/1648/476
f 1393/1626/477 1046/1649/477 1408/1650/477
f 1272/1651/478 1407/1638/478 1422/1647/478
f 1400/1639/479 1416/1652/479 1401/1625/479
f 1394/1627/480 1408/1650/480 1409/1653/480
f 1401/1625/465 1417/1654/465 1402/1628/465
f 1395/1629/466 1409/1653/466 1410/1655/466
f 1403/1630/467 1417/1654/467 1418/1656/467
f 1395/1629/468 1411/1657/468 1396/1631/468
f 1403/1630/469 1419/1642/469 1404/1632/469
f 1397/1633/470 1411/1657/470 1412/1658/470
f 1416/1652/489 1432/1659/489 1417/1654/489
f 1410/1655/490 1424/1660/490 1425/1661/490
f 1418/1656/491 1432/1659/491 1433/1662/491
f 1410/1655/492 1426/1663/492 1411/1657/492
f 1418/1656/493 1434/1664/493 1419/1642/493
f 1411/1657/494 1427/1665/494 1412/1658/494
f 1419/1642/495 1435/1666/495 1420/1643/495
f 1413/1644/496 1427/1665/496 1428/1667/496
f 1420/1643/481 1436/1668/481 1421/1645/481
f 1414/1646/482 1428/1667/482 1429/1669/482
f 1422/1647/483 1436/1668/483 1437/1670/483
f 1414/1646/484 1430/1671/484 1415/1648/484
f 1408/1650/485 1046/1672/485 1423/1673/485
f 1272/1674/486 1422/1647/486 1437/1670/486
f 1415/1648/487 1431/1675/487 1416/1652/487
f 1408/1650/1065 1424/1660/1065 1409/1653/1065
f 1435/1666/504 1445/1124/504 1436/1668/504
f 1429/1669/505 1441/1119/505 967/1126/505
f 1436/1668/506 1446/1128/506 1437/1670/506
f 1430/1671/507 967/1126/507 968/1129/507
f 1423/1673/508 1046/1676/508 1438/1131/508
f 1272/1677/509 1437/1670/509 1446/1128/509
f 1430/1671/510 969/1136/510 1431/1675/510
f 1423/1673/1066 1439/1137/1066 1424/1660/1066
f 1431/1675/512 1442/1140/512 1432/1659/512
f 1425/1661/497 1439/1137/497 965/1142/497
f 1432/1659/498 970/1144/498 1433/1662/498
f 1426/1663/499 965/1142/499 1440/1145/499
f 1433/1662/500 1443/1148/500 1434/1664/500
f 1427/1665/501 1440/1145/501 966/1149/501
f 1435/1666/502 1443/1148/502 1444/1122/502
f 1428/1667/503 966/1149/503 1441/1119/503
f 1441/1119/8 966/1149/8 975/1120/8
f 1444/1122/9 983/1150/9 984/1123/9
f 1441/1119/10 976/1121/10 977/1125/10
f 1445/1124/11 984/1123/11 985/1127/11
f 968/1129/1125 967/1126/1125 977/1125/1125
f 968/1129/15 978/1130/15 979/1135/15
f 1439/1137/16 1438/1131/16 971/1133/16
f 969/1136/1 979/1135/1 980/1139/1
f 1439/1137/2 972/1138/2 973/1141/2
f 1442/1140/3 980/1139/3 981/1143/3
f 1440/1145/4 965/1142/4 973/1141/4
f 970/1144/5 981/1143/5 982/1147/5
f 966/1149/6 1440/1145/6 974/1146/6
f 1443/1148/7 982/1147/7 983/1150/7
f 982/1147/23 981/1143/23 996/1151/23
f 975/1120/24 974/1146/24 989/1153/24
f 983/1150/25 982/1147/25 997/1152/25
f 975/1120/26 990/1154/26 991/1156/26
f 983/1150/27 998/1155/27 999/1157/27
f 977/1125/28 976/1121/28 991/1156/28
f 984/1123/1126 999/1157/1126 1000/1159/1126
f 978/1130/1127 977/1125/1127 992/1158/1127
f 978/1130/17 993/1160/17 994/1164/17
f 971/1133/1128 986/1162/1128 987/1165/1128
f 979/1135/19 994/1164/19 995/1166/19
f 973/1141/20 972/1138/20 987/1165/20
f 981/1143/21 980/1139/21 995/1166/21
f 973/1141/22 988/1167/22 989/1153/22
f 993/1160/1029 1008/1183/1029 1009/1170/1029
f 987/1165/1129 986/1162/1129 1001/1171/1129
f 994/1164/43 1009/1170/43 1010/1173/43
f 987/1165/44 1002/1172/44 1003/1174/44
f 995/1166/45 1010/1173/45 1011/1175/45
f 988/1167/46 1003/1174/46 1004/1176/46
f 996/1151/47 1011/1175/47 1012/1177/47
f 990/1154/48 989/1153/48 1004/1176/48
f 998/1155/33 997/1152/33 1012/1177/33
f 991/1156/34 990/1154/34 1005/1178/34
f 999/1157/35 998/1155/35 1013/1179/35
f 991/1156/36 1006/1180/36 1007/1182/36
f 999/1157/1130 1014/1181/1130 1015/1169/1130
f 993/1160/1033 992/1158/1033 1007/1182/1033
f 1012/1177/56 1027/1201/56 1028/1185/56
f 1006/1180/57 1005/1178/57 1020/1186/57
f 1014/1181/58 1013/1179/58 1028/1185/58
f 1007/1182/59 1006/1180/59 1021/1187/59
f 1015/1169/60 1014/1181/60 1029/1188/60
f 1007/1182/1131 1022/1189/1131 1023/1191/1131
f 1009/1170/64 1008/1183/64 1023/1191/64
f 1001/1171/49 1016/1193/49 1017/1196/49
f 1010/1173/50 1009/1170/50 1024/1195/50
f 1002/1172/51 1017/1196/51 1018/1198/51
f 1010/1173/52 1025/1197/52 1026/1199/52
f 1004/1176/53 1003/1174/53 1018/1198/53
f 1011/1175/54 1026/1199/54 1027/1201/54
f 1004/1176/55 1019/1200/55 1020/1186/55
f 1017/1196/73 1016/1193/73 1031/1202/73
f 1024/1195/74 1039/1218/74 1040/1204/74
f 1017/1196/75 1032/1203/75 1033/1205/75
f 1025/1197/76 1040/1204/76 1041/1206/76
f 1018/1198/77 1033/1205/77 1034/1207/77
f 1026/1199/78 1041/1206/78 1042/1208/78
f 1020/1186/79 1019/1200/79 1034/1207/79
f 1027/1201/80 1042/1208/80 1043/1210/80
f 1021/1187/65 1020/1186/65 1035/1209/65
f 1028/1185/66 1043/1210/66 1044/1212/66
f 1022/1189/67 1021/1187/67 1036/1211/67
f 1029/1188/1035 1044/1212/1035 1045/1214/1035
f 1022/1189/69 1037/1213/69 1038/1215/69
f 1023/1191/72 1038/1215/72 1039/1218/72
f 1035/1209/88 1051/1235/88 1052/1219/88
f 1044/1212/1132 1043/1210/1132 1059/1220/1132
f 1036/1211/90 1052/1219/90 1053/1222/90
f 1044/1212/91 1060/1221/91 1061/1223/91
f 1037/1213/92 1053/1222/92 1054/1224/92
f 1038/1215/95 1054/1224/95 1055/1228/95
f 1031/1202/1133 1047/1226/1133 1048/1229/1133
f 1039/1218/81 1055/1228/81 1056/1230/81
f 1033/1205/1134 1032/1203/1134 1048/1229/1134
f 1041/1206/83 1040/1204/83 1056/1230/83
f 1033/1205/84 1049/1231/84 1050/1233/84
f 1041/1206/85 1057/1232/85 1058/1234/85
f 1035/1209/86 1034/1207/86 1050/1233/86
f 1042/1208/87 1058/1234/87 1059/1220/87
f 1055/1228/105 1070/1251/105 1071/1236/105
f 1048/1229/1135 1063/1252/1135 1064/1237/1135
f 1057/1232/107 1056/1230/107 1071/1236/107
f 1049/1231/108 1064/1237/108 1065/1239/108
f 1057/1232/109 1072/1238/109 1073/1240/109
f 1051/1235/110 1050/1233/110 1065/1239/110
f 1059/1220/111 1058/1234/111 1073/1240/111
f 1051/1235/112 1066/1241/112 1067/1243/112
f 1060/1221/97 1059/1220/97 1074/1242/97
f 1053/1222/98 1052/1219/98 1067/1243/98
f 1061/1223/99 1060/1221/99 1075/1244/99
f 1054/1224/100 1053/1222/100 1068/1245/100
f 1054/1224/103 1069/1247/103 1070/1251/103
f 1047/1226/104 1062/1249/104 1063/1252/104
f 1074/1242/119 1089/1269/119 1090/1253/119
f 1068/1245/120 1067/1243/120 1082/1254/120
f 1076/1246/121 1075/1244/121 1090/1253/121
f 1068/1245/122 1083/1255/122 1084/1257/122
f 1069/1247/125 1084/1257/125 1085/1261/125
f 1062/1249/126 1077/1259/126 1078/1262/126
f 1070/1251/127 1085/1261/127 1086/1263/127
f 1064/1237/128 1063/1252/128 1078/1262/128
f 1072/1238/113 1071/1236/113 1086/1263/113
f 1065/1239/114 1064/1237/114 1079/1264/114
f 1072/1238/115 1087/1265/115 1088/1267/115
f 1066/1241/116 1065/1239/116 1080/1266/116
f 1074/1242/117 1073/1240/117 1088/1267/117
f 1066/1241/118 1081/1268/118 1082/1254/118
f 1078/1262/136 1093/1286/136 1094/1270/136
f 1087/1265/137 1086/1263/137 1101/1271/137
f 1079/1264/138 1094/1270/138 1095/1273/138
f 1087/1265/139 1102/1272/139 1103/1274/139
f 1081/1268/140 1080/1266/140 1095/1273/140
f 1089/1269/141 1088/1267/141 1103/1274/141
f 1081/1268/142 1096/1275/142 1097/1277/142
f 1090/1253/143 1089/1269/143 1104/1276/143
f 1083/1255/144 1082/1254/144 1097/1277/144
f 1090/1253/129 1105/1278/129 1106/1280/129
f 1084/1257/1040 1083/1255/1040 1098/1279/1040
f 1084/1257/1041 1099/1281/1041 1100/1285/1041
f 1078/1262/134 1077/1259/134 1092/1283/134
f 1085/1261/135 1100/1285/135 1101/1271/135
f 1097/1277/151 1112/1302/151 1113/1287/151
f 1105/1278/152 1120/1303/152 1121/1288/152
f 1099/1281/153 1098/1279/153 1113/1287/153
f 1099/1281/156 1114/1289/156 1115/1293/156
f 1093/1286/1136 1092/1283/1136 1107/1291/1136
f 1100/1285/158 1115/1293/158 1116/1295/158
f 1094/1270/1137 1093/1286/1137 1108/1294/1137
f 1102/1272/160 1101/1271/160 1116/1295/160
f 1094/1270/145 1109/1296/145 1110/1298/145
f 1102/1272/146 1117/1297/146 1118/1299/146
f 1095/1273/147 1110/1298/147 1111/1300/147
f 1104/1276/148 1103/1274/148 1118/1299/148
f 1096/1275/149 1111/1300/149 1112/1302/149
f 1105/1278/1138 1104/1276/1138 1119/1301/1138
f 1117/1297/168 1116/1295/168 1131/1304/168
f 1109/1296/169 1124/1320/169 1125/1306/169
f 1117/1297/170 1132/1305/170 1133/1307/170
f 1111/1300/171 1110/1298/171 1125/1306/171
f 1119/1301/172 1118/1299/172 1133/1307/172
f 1111/1300/173 1126/1308/173 1127/1310/173
f 1120/1303/1043 1119/1301/1043 1134/1309/1043
f 1113/1287/175 1112/1302/175 1127/1310/175
f 1120/1303/176 1135/1311/176 1136/1313/176
f 1114/1289/161 1113/1287/161 1128/1312/161
f 1114/1289/1139 1129/1314/1139 1130/1318/1139
f 1107/1291/1140 1122/1316/1140 1123/1319/1140
f 1115/1293/166 1130/1318/166 1131/1304/166
f 1109/1296/167 1108/1294/167 1123/1319/167
f 1135/1311/183 1150/1337/183 1151/1321/183
f 1129/1314/184 1128/1312/184 1143/1322/184
f 1129/1314/187 1144/1323/187 1145/1327/187
f 1123/1319/188 1122/1316/188 1137/1325/188
f 1130/1318/189 1145/1327/189 1146/1329/189
f 1124/1320/190 1123/1319/190 1138/1328/190
f 1132/1305/191 1131/1304/191 1146/1329/191
f 1124/1320/192 1139/1330/192 1140/1332/192
f 1132/1305/177 1147/1331/177 1148/1333/177
f 1125/1306/178 1140/1332/178 1141/1334/178
f 1133/1307/179 1148/1333/179 1149/1335/179
f 1126/1308/180 1141/1334/180 1142/1336/180
f 1134/1309/181 1149/1335/181 1150/1337/181
f 1128/1312/182 1127/1310/182 1142/1336/182
f 1147/1331/201 1162/1353/201 1163/1338/201
f 1140/1332/202 1155/1354/202 1156/1339/202
f 1148/1333/203 1163/1338/203 1164/1340/203
f 1141/1334/204 1156/1339/204 1157/1341/204
f 1150/1337/205 1149/1335/205 1164/1340/205
f 1143/1322/206 1142/1336/206 1157/1341/206
f 1151/1321/207 1150/1337/207 1165/1342/207
f 1143/1322/208 1158/1343/208 1159/1345/208
f 1144/1323/195 1159/1345/195 1160/1349/195
f 1137/1325/196 1152/1347/196 1153/1350/196
f 1145/1327/197 1160/1349/197 1161/1351/197
f 1139/1330/198 1138/1328/198 1153/1350/198
f 1147/1331/199 1146/1329/199 1161/1351/199
f 1140/1332/200 1139/1330/200 1154/1352/200
f 1159/1345/218 1174/1371/218 1175/1359/218
f 1152/1347/1141 1167/1356/1141 1168/1360/1141
f 1160/1349/220 1175/1359/220 1176/1361/220
f 1153/1350/1142 1168/1360/1142 1169/1362/1142
f 1161/1351/222 1176/1361/222 1177/1363/222
f 1154/1352/223 1169/1362/223 1170/1364/223
f 1162/1353/224 1177/1363/224 1178/1365/224
f 1156/1339/209 1155/1354/209 1170/1364/209
f 1163/1338/210 1178/1365/210 1179/1367/210
f 1156/1339/211 1171/1366/211 1172/1368/211
f 1165/1342/212 1164/1340/212 1179/1367/212
f 1157/1341/213 1172/1368/213 1173/1370/213
f 1166/1344/214 1165/1342/214 1180/1369/214
f 1159/1345/215 1158/1343/215 1173/1370/215
f 1170/1364/232 1185/1388/232 1186/1372/232
f 1179/1367/233 1178/1365/233 1193/1373/233
f 1172/1368/234 1171/1366/234 1186/1372/234
f 1180/1369/235 1179/1367/235 1194/1374/235
f 1172/1368/236 1187/1375/236 1188/1377/236
f 1180/1369/237 1195/1376/237 1196/1378/237
f 1174/1371/238 1173/1370/238 1188/1377/238
f 1174/1371/225 1189/1379/225 1190/1383/225
f 1168/1360/1143 1167/1356/1143 1182/1381/1143
f 1175/1359/227 1190/1383/227 1191/1385/227
f 1169/1362/228 1168/1360/228 1183/1384/228
f 1176/1361/229 1191/1385/229 1192/1387/229
f 1169/1362/230 1184/1386/230 1185/1388/230
f 1178/1365/231 1177/1363/231 1192/1387/231
f 1189/1379/249 1204/1402/249 1205/1389/249
f 1182/1381/250 1197/1404/250 1198/1390/250
f 1190/1383/251 1205/1389/251 1206/1391/251
f 1183/1384/252 1198/1390/252 1199/1392/252
f 1192/1387/253 1191/1385/253 1206/1391/253
f 1184/1386/254 1199/1392/254 1200/1394/254
f 1192/1387/255 1207/1393/255 1208/1395/255
f 1186/1372/256 1185/1388/256 1200/1394/256
f 1194/1374/241 1193/1373/241 1208/1395/241
f 1186/1372/242 1201/1396/242 1202/1398/242
f 1195/1376/243 1194/1374/243 1209/1397/243
f 1188/1377/244 1187/1375/244 1202/1398/244
f 1195/1376/245 1210/1399/245 1211/1401/245
f 1189/1379/246 1188/1377/246 1203/1400/246
f 1209/1397/263 1208/1395/263 1223/1406/263
f 1201/1396/264 1216/1422/264 1217/1408/264
f 1210/1399/265 1209/1397/265 1224/1407/265
f 1203/1400/266 1202/1398/266 1217/1408/266
f 1210/1399/1144 1225/1409/1144 1226/1411/1144
f 1204/1402/268 1203/1400/268 1218/1410/268
f 1204/1402/1049 1219/1412/1049 1220/1416/1049
f 1197/1404/272 1212/1414/272 1213/1417/272
f 1205/1389/257 1220/1416/257 1221/1418/257
f 1198/1390/258 1213/1417/258 1214/1419/258
f 1207/1393/259 1206/1391/259 1221/1418/259
f 1199/1392/260 1214/1419/260 1215/1421/260
f 1207/1393/261 1222/1420/261 1223/1406/261
f 1200/1394/262 1215/1421/262 1216/1422/262
f 1212/1414/1145 1227/1437/1145 1228/1423/1145
f 1220/1416/281 1235/1439/281 1236/1424/281
f 1213/1417/282 1228/1423/282 1229/1425/282
f 1222/1420/283 1221/1418/283 1236/1424/283
f 1215/1421/284 1214/1419/284 1229/1425/284
f 1222/1420/285 1237/1426/285 1238/1428/285
f 1216/1422/286 1215/1421/286 1230/1427/286
f 1223/1406/287 1238/1428/287 1239/1430/287
f 1217/1408/288 1216/1422/288 1231/1429/288
f 1224/1407/273 1239/1430/273 1240/1432/273
f 1217/1408/274 1232/1431/274 1233/1433/274
f 1226/1411/275 1225/1409/275 1240/1432/275
f 1219/1412/276 1218/1410/276 1233/1433/276
f 1219/1412/279 1234/1435/279 1235/1439/279
f 1231/1429/295 1246/1455/295 1247/1440/295
f 1239/1430/296 1254/1456/296 1255/1441/296
f 1233/1433/297 1232/1431/297 1247/1440/297
f 1241/1434/298 1240/1432/298 1255/1441/298
f 1234/1435/299 1233/1433/299 1248/1442/299
f 1234/1435/1146 1249/1444/1146 1250/1448/1146
f 1227/1437/303 1242/1446/303 1243/1449/303
f 1235/1439/304 1250/1448/304 1251/1450/304
f 1229/1425/289 1228/1423/289 1243/1449/289
f 1237/1426/290 1236/1424/290 1251/1450/290
f 1229/1425/291 1244/1451/291 1245/1453/291
f 1237/1426/292 1252/1452/292 1253/1454/292
f 1231/1429/293 1230/1427/293 1245/1453/293
f 1238/1428/294 1253/1454/294 1254/1456/294
f 1250/1448/312 1265/1473/312 1266/1457/312
f 1244/1451/313 1243/1449/313 1258/1458/313
f 1252/1452/314 1251/1450/314 1266/1457/314
f 1244/1451/315 1259/1459/315 1260/1461/315
f 1252/1452/316 1267/1460/316 1268/1462/316
f 1246/1455/317 1245/1453/317 1260/1461/317
f 1254/1456/318 1253/1454/318 1268/1462/318
f 1247/1440/319 1246/1455/319 1261/1463/319
f 1254/1456/320 1269/1464/320 1270/1466/320
f 1247/1440/305 1262/1465/305 1263/1467/305
f 1255/1441/306 1270/1466/306 1271/1468/306
f 1249/1444/307 1248/1442/307 1263/1467/307
f 1249/1444/310 1264/1469/310 1265/1473/310
f 1242/1446/1147 1257/1471/1147 1258/1458/1147
f 1269/1464/327 1285/1490/327 1286/1474/327
f 1263/1467/328 1262/1465/328 1278/1475/328
f 1270/1466/1054 1286/1474/1054 1287/1477/1054
f 1264/1469/330 1263/1467/330 1279/1476/330
f 1264/1469/333 1280/1478/333 1281/1482/333
f 1258/1458/334 1257/1471/334 1273/1480/334
f 1265/1473/335 1281/1482/335 1282/1484/335
f 1259/1459/336 1258/1458/336 1274/1483/336
f 1267/1460/321 1266/1457/321 1282/1484/321
f 1259/1459/322 1275/1485/322 1276/1487/322
f 1267/1460/323 1283/1486/323 1284/1488/323
f 1261/1463/324 1260/1461/324 1276/1487/324
f 1269/1464/325 1268/1462/325 1284/1488/325
f 1261/1463/326 1277/1489/326 1278/1475/326
f 1283/1486/345 1282/1484/345 1297/1491/345
f 1275/1485/346 1290/1507/346 1291/1493/346
f 1283/1486/347 1298/1492/347 1299/1494/347
f 1277/1489/348 1276/1487/348 1291/1493/348
f 1284/1488/349 1299/1494/349 1300/1496/349
f 1277/1489/350 1292/1495/350 1293/1497/350
f 1285/1490/351 1300/1496/351 1301/1498/351
f 1279/1476/352 1278/1475/352 1293/1497/352
f 1287/1477/337 1286/1474/337 1301/1498/337
f 1280/1478/1148 1279/1476/1148 1294/1499/1148
f 1280/1478/341 1295/1501/341 1296/1505/341
f 1273/1480/342 1288/1503/342 1289/1506/342
f 1281/1482/343 1296/1505/343 1297/1491/343
f 1275/1485/1056 1274/1483/1056 1289/1506/1056
f 1301/1498/360 1316/1524/360 1317/1508/360
f 1295/1501/361 1294/1499/361 1309/1509/361
f 1295/1501/364 1310/1510/364 1311/1514/364
f 1289/1506/365 1288/1503/365 1303/1512/365
f 1296/1505/366 1311/1514/366 1312/1516/366
f 1290/1507/367 1289/1506/367 1304/1515/367
f 1298/1492/368 1297/1491/368 1312/1516/368
f 1290/1507/353 1305/1517/353 1306/1519/353
f 1298/1492/354 1313/1518/354 1314/1520/354
f 1292/1495/355 1291/1493/355 1306/1519/355
f 1300/1496/356 1299/1494/356 1314/1520/356
f 1292/1495/357 1307/1521/357 1308/1523/357
f 1300/1496/358 1315/1522/358 1316/1524/358
f 1294/1499/359 1293/1497/359 1308/1523/359
f 1305/1517/377 1320/1540/377 1321/1525/377
f 1313/1518/378 1328/1541/378 1329/1526/378
f 1307/1521/379 1306/1519/379 1321/1525/379
f 1314/1520/380 1329/1526/380 1330/1528/380
f 1307/1521/381 1322/1527/381 1323/1529/381
f 1315/1522/382 1330/1528/382 1331/1530/382
f 1309/1509/383 1308/1523/383 1323/1529/383
f 1316/1524/384 1331/1530/384 1332/1532/384
f 1310/1510/369 1309/1509/369 1324/1531/369
f 1310/1510/1057 1325/1533/1057 1326/1537/1057
f 1303/1512/373 1318/1535/373 1319/1538/373
f 1311/1514/374 1326/1537/374 1327/1539/374
f 1305/1517/375 1304/1515/375 1319/1538/375
f 1313/1518/376 1312/1516/376 1327/1539/376
f 1325/1542/392 1324/1573/392 1339/1543/392
f 1325/1542/395 1340/1544/395 1341/1551/395
f 1319/1553/396 1318/1545/396 1333/1547/396
f 1326/1552/397 1341/1551/397 1342/1555/397
f 1320/1557/398 1319/1553/398 1334/1554/398
f 1328/1559/399 1327/1556/399 1342/1555/399
f 1320/1557/400 1335/1558/400 1336/1561/400
f 1328/1559/385 1343/1560/385 1344/1563/385
f 1321/1562/386 1336/1561/386 1337/1565/386
f 1329/1564/387 1344/1563/387 1345/1567/387
f 1322/1566/388 1337/1565/388 1338/1569/388
f 1330/1568/389 1345/1567/389 1346/1571/389
f 1324/1573/390 1323/1570/390 1338/1569/390
f 1332/1549/391 1331/1572/391 1346/1571/391
f 1343/1560/408 1358/1590/408 1359/1574/408
f 1337/1565/409 1336/1561/409 1351/1575/409
f 1345/1567/410 1344/1563/410 1359/1574/410
f 1337/1565/411 1352/1576/411 1353/1578/411
f 1346/1571/412 1345/1567/412 1360/1577/412
f 1339/1543/413 1338/1569/413 1353/1578/413
f 1347/1550/414 1346/1571/414 1361/1579/414
f 1340/1544/415 1339/1543/415 1354/1580/415
f 1340/1544/402 1355/1582/402 1356/1586/402
f 1333/1547/403 1348/1584/403 1349/1587/403
f 1341/1551/404 1356/1586/404 1357/1588/404
f 1335/1558/405 1334/1554/405 1349/1587/405
f 1343/1560/406 1342/1555/406 1357/1588/406
f 1335/1558/407 1350/1589/407 1351/1575/407
f 1355/1582/1149 1370/1607/1149 1371/1595/1149
f 1348/1584/426 1363/1592/426 1364/1596/426
f 1356/1586/427 1371/1595/427 1372/1597/427
f 1349/1587/1150 1364/1596/1150 1365/1598/1150
f 1358/1590/429 1357/1588/429 1372/1597/429
f 1351/1575/430 1350/1589/430 1365/1598/430
f 1358/1590/431 1373/1599/431 1374/1601/431
f 1352/1576/432 1351/1575/432 1366/1600/432
f 1359/1574/417 1374/1601/417 1375/1603/417
f 1353/1578/418 1352/1576/418 1367/1602/418
f 1360/1577/1151 1375/1603/1151 1376/1605/1151
f 1354/1580/420 1353/1578/420 1368/1604/420
f 1362/1581/421 1361/1579/421 1376/1605/421
f 1355/1582/422 1354/1580/422 1369/1606/422
f 1367/1602/439 1366/1600/439 1381/1608/439
f 1374/1601/440 1389/1624/440 1390/1610/440
f 1367/1602/441 1382/1609/441 1383/1611/441
f 1375/1603/442 1390/1610/442 1391/1612/442
f 1369/1606/443 1368/1604/443 1383/1611/443
f 1376/1605/444 1391/1612/444 1392/1614/444
f 1370/1607/445 1369/1606/445 1384/1613/445
f 1370/1607/448 1385/1615/448 1386/1619/448
f 1364/1596/433 1363/1592/433 1378/1617/433
f 1371/1595/434 1386/1619/434 1387/1621/434
f 1364/1596/435 1379/1620/435 1380/1622/435
f 1373/1599/436 1372/1597/436 1387/1621/436
f 1366/1600/437 1365/1598/437 1380/1622/437
f 1373/1599/438 1388/1623/438 1389/1624/438
f 1385/1615/456 1400/1639/456 1401/1625/456
f 1379/1620/1152 1378/1617/1152 1393/1626/1152
f 1387/1621/458 1386/1619/458 1401/1625/458
f 1380/1622/459 1379/1620/459 1394/1627/459
f 1388/1623/460 1387/1621/460 1402/1628/460
f 1380/1622/461 1395/1629/461 1396/1631/461
f 1388/1623/462 1403/1630/462 1404/1632/462
f 1382/1609/463 1381/1608/463 1396/1631/463
f 1389/1624/464 1404/1632/464 1405/1634/464
f 1382/1609/449 1397/1633/449 1398/1635/449
f 1391/1612/450 1390/1610/450 1405/1634/450
f 1384/1613/451 1383/1611/451 1398/1635/451
f 1391/1612/452 1406/1636/452 1407/1638/452
f 1385/1615/453 1384/1613/453 1399/1637/453
f 1405/1634/471 1404/1632/471 1419/1642/471
f 1397/1633/472 1412/1658/472 1413/1644/472
f 1405/1634/473 1420/1643/473 1421/1645/473
f 1399/1637/474 1398/1635/474 1413/1644/474
f 1406/1636/475 1421/1645/475 1422/1647/475
f 1400/1639/476 1399/1637/476 1414/1646/476
f 1400/1639/479 1415/1648/479 1416/1652/479
f 1394/1627/480 1393/1626/480 1408/1650/480
f 1401/1625/465 1416/1652/465 1417/1654/465
f 1395/1629/1153 1394/1627/1153 1409/1653/1153
f 1403/1630/467 1402/1628/467 1417/1654/467
f 1395/1629/468 1410/1655/468 1411/1657/468
f 1403/1630/469 1418/1656/469 1419/1642/469
f 1397/1633/470 1396/1631/470 1411/1657/470
f 1416/1652/489 1431/1675/489 1432/1659/489
f 1410/1655/490 1409/1653/490 1424/1660/490
f 1418/1656/491 1417/1654/491 1432/1659/491
f 1410/1655/492 1425/1661/492 1426/1663/492
f 1418/1656/493 1433/1662/493 1434/1664/493
f 1411/1657/494 1426/1663/494 1427/1665/494
f 1419/1642/495 1434/1664/495 1435/1666/495
f 1413/1644/1154 1412/1658/1154 1427/1665/1154
f 1420/1643/481 1435/1666/481 1436/1668/481
f 1414/1646/482 1413/1644/482 1428/1667/482
f 1422/1647/1155 1421/1645/1155 1436/1668/1155
f 1414/1646/484 1429/1669/484 1430/1671/484
f 1415/1648/487 1430/1671/487 1431/1675/487
f 1408/1650/488 1423/1673/488 1424/1660/488
f 1435/1666/504 1444/1122/504 1445/1124/504
f 1429/1669/505 1428/1667/505 1441/1119/505
f 1436/1668/506 1445/1124/506 1446/1128/506
f 1430/1671/507 1429/1669/507 967/1126/507
f 1430/1671/510 968/1129/510 969/1136/510
f 1423/1673/511 1438/1131/511 1439/1137/511
f 1431/1675/512 969/1136/512 1442/1140/512
f 1425/1661/497 1424/1660/497 1439/1137/497
f 1432/1659/498 1442/1140/498 970/1144/498
f 1426/1663/499 1425/1661/499 965/1142/499
f 1433/1662/500 970/1144/500 1443/1148/500
f 1427/1665/501 1426/1663/501 1440/1145/501
f 1435/1666/502 1434/1664/502 1443/1148/502
f 1428/1667/503 1427/1665/503 966/1149/503
usemtl マテリアル.002
f 1447/1678/1067 1479/1679/1067 1448/1680/1067
f 1448/1680/1068 1479/1679/1068 1449/1681/1068
f 1449/1681/1069 1479/1679/1069 1450/1682/1069
f 1450/1682/1070 1479/1679/1070 1451/1683/1070
f 1451/1683/1071 1479/1679/1071 1452/1684/1071
f 1452/1684/1072 1479/1679/1072 1453/1685/1072
f 1453/1685/1073 1479/1679/1073 1454/1686/1073
f 1454/1686/1074 1479/1679/1074 1455/1687/1074
f 1455/1687/1075 1479/1679/1075 1456/1688/1075
f 1456/1688/1076 1479/1679/1076 1457/1689/1076
f 1457/1689/1077 1479/1679/1077 1458/1690/1077
f 1458/1690/1078 1479/1679/1078 1459/1691/1078
f 1459/1691/1079 1479/1679/1079 1460/1692/1079
f 1460/1692/1080 1479/1679/1080 1461/1693/1080
f 1461/1693/1081 1479/1679/1081 1462/1694/1081
f 1462/1694/1082 1479/1679/1082 1463/1695/1082
f 1463/1695/1083 1479/1679/1083 1464/1696/1083
f 1464/1696/1084 1479/1679/1084 1465/1697/1084
f 1465/1697/1085 1479/1679/1085 1466/1698/1085
f 1466/1698/1086 1479/1679/1086 1467/1699/1086
f 1467/1699/1087 1479/1679/1087 1468/1700/1087
f 1468/1700/1088 1479/1679/1088 1469/1701/1088
f 1469/1701/1089 1479/1679/1089 1470/1702/1089
f 1470/1702/1090 1479/1679/1090 1471/1703/1090
f 1471/1703/1091 1479/1679/1091 1472/1704/1091
f 1472/1704/1092 1479/1679/1092 1473/1705/1092
f 1473/1705/1093 1479/1679/1093 1474/1706/1093
f 1474/1706/1094 1479/1679/1094 1475/1707/1094
f 1475/1707/1095 1479/1679/1095 1476/1708/1095
f 1476/1708/1096 1479/1679/1096 1477/1709/1096
f 1462/1710/1097 1470/1711/1097 1478/1712/1097
f 1477/1709/1098 1479/1679/1098 1478/1713/1098
f 1478/1713/1099 1479/1679/1099 1447/1678/1099
f 1478/1712/1097 1447/1714/1097 1448/1715/1097
f 1448/1715/1097 1449/1716/1097 1450/1717/1097
f 1450/1717/1097 1451/1718/1097 1452/1719/1097
f 1452/1719/1097 1453/1720/1097 1454/1721/1097
f 1454/1721/1097 1455/1722/1097 1456/1723/1097
f 1456/1723/1097 1457/1724/1097 1458/1725/1097
f 1458/1725/1097 1459/1726/1097 1460/1727/1097
f 1460/1727/1097 1461/1728/1097 1462/1710/1097
f 1462/1710/1097 1463/1729/1097 1464/1730/1097
f 1464/1730/1097 1465/1731/1097 1466/1732/1097
f 1466/1732/1097 1467/1733/1097 1468/1734/1097
f 1468/1734/1097 1469/1735/1097 1470/1711/1097
f 1470/1711/1097 1471/1736/1097 1472/1737/1097
f 1472/1737/1097 1473/1738/1097 1474/1739/1097
f 1474/1739/1097 1475/1740/1097 1476/1741/1097
f 1476/1741/1097 1477/1742/1097 1478/1712/1097
f 1478/1712/1097 1448/1715/1097 1450/1717/1097
f 1450/1717/1097 1452/1719/1097 1454/1721/1097
f 1454/1721/1097 1456/1723/1097 1458/1725/1097
f 1458/1725/1097 1460/1727/1097 1462/1710/1097
f 1462/1710/1097 1464/1730/1097 1466/1732/1097
f 1466/1732/1097 1468/1734/1097 1470/1711/1097
f 1470/1711/1097 1472/1737/1097 1474/1739/1097
f 1474/1739/1097 1476/1741/1097 1478/1712/1097
f 1478/1712/1097 1450/1717/1097 1454/1721/1097
f 1454/1721/1097 1458/1725/1097 1462/1710/1097
f 1462/1710/1097 1466/1732/1097 1470/1711/1097
f 1470/1711/1097 1474/1739/1097 1478/1712/1097
f 1478/1712/1097 1454/1721/1097 1462/1710/1097
