# Blender 4.1.1
# www.blender.org
mtllib enemy.mtl
o 球.001
v 0.555570 0.831470 0.000000
v 0.831470 0.555570 0.000000
v 0.980785 0.195090 0.000000
v 1.000000 0.000000 0.000000
v 0.980785 -0.195090 0.000000
v 0.831470 -0.555570 0.000000
v 0.191342 0.980785 0.038060
v 0.375330 0.923880 0.074658
v 0.544895 0.831470 0.108386
v 0.693520 0.707107 0.137950
v 0.815493 0.555570 0.162212
v 0.906127 0.382683 0.180240
v 0.961940 0.195090 0.191342
v 0.980785 0.000000 0.195090
v 0.961940 -0.195090 0.191342
v 0.906127 -0.382683 0.180240
v 0.815493 -0.555570 0.162212
v 0.693520 -0.707107 0.137950
v 0.544895 -0.831470 0.108386
v 0.375330 -0.923880 0.074658
v 0.191342 -0.980785 0.038060
v 0.180240 0.980785 0.074658
v 0.353553 0.923880 0.146447
v 0.513280 0.831470 0.212608
v 0.653281 0.707107 0.270598
v 0.768178 0.555570 0.318190
v 0.853553 0.382683 0.353553
v 0.906127 0.195090 0.375330
v 0.923879 0.000000 0.382683
v 0.906127 -0.195090 0.375330
v 0.853553 -0.382683 0.353553
v 0.768178 -0.555570 0.318190
v 0.653281 -0.707107 0.270598
v 0.513280 -0.831470 0.212608
v 0.353553 -0.923880 0.146447
v 0.180240 -0.980785 0.074658
v 0.162212 0.980785 0.108386
v 0.318190 0.923880 0.212608
v 0.461940 0.831470 0.308658
v 0.587938 0.707107 0.392847
v 0.691342 0.555570 0.461940
v 0.768178 0.382683 0.513280
v 0.815493 0.195090 0.544895
v 0.831469 0.000000 0.555570
v 0.815493 -0.195090 0.544895
v 0.768178 -0.382683 0.513280
v 0.691342 -0.555570 0.461940
v 0.587938 -0.707107 0.392847
v 0.461940 -0.831470 0.308658
v 0.318190 -0.923880 0.212608
v 0.162212 -0.980785 0.108386
v 0.137950 0.980785 0.137950
v 0.270598 0.923880 0.270598
v 0.392847 0.831470 0.392847
v 0.500000 0.707107 0.500000
v 0.587938 0.555570 0.587938
v 0.653281 0.382683 0.653281
v 0.693520 0.195090 0.693520
v 0.707107 0.000000 0.707107
v 0.693520 -0.195090 0.693520
v 0.653281 -0.382683 0.653281
v 0.587938 -0.555570 0.587938
v 0.500000 -0.707107 0.500000
v 0.392847 -0.831470 0.392847
v 0.270598 -0.923880 0.270598
v 0.137950 -0.980785 0.137950
v 0.108386 0.980785 0.162212
v 0.212608 0.923880 0.318190
v 0.308658 0.831470 0.461940
v 0.392847 0.707107 0.587938
v 0.461940 0.555570 0.691342
v 0.513280 0.382683 0.768178
v 0.544895 0.195090 0.815493
v 0.555570 0.000000 0.831470
v 0.544895 -0.195090 0.815493
v 0.513280 -0.382683 0.768178
v 0.461940 -0.555570 0.691342
v 0.392847 -0.707107 0.587938
v 0.308658 -0.831470 0.461940
v 0.212608 -0.923880 0.318190
v 0.108386 -0.980785 0.162212
v -0.000000 1.000000 0.000000
v 0.074658 0.980785 0.180240
v 0.146447 0.923880 0.353553
v 0.212607 0.831470 0.513280
v 0.270598 0.707107 0.653281
v 0.318190 0.555570 0.768178
v 0.353553 0.382683 0.853553
v 0.375330 0.195090 0.906127
v 0.382683 0.000000 0.923879
v 0.375330 -0.195090 0.906127
v 0.353553 -0.382683 0.853553
v 0.318190 -0.555570 0.768178
v 0.270598 -0.707107 0.653281
v 0.212607 -0.831470 0.513280
v 0.146447 -0.923880 0.353553
v 0.074658 -0.980785 0.180240
v 0.038060 0.980785 0.191342
v 0.074658 0.923880 0.375330
v 0.108386 0.831470 0.544895
v 0.137950 0.707107 0.693520
v 0.162212 0.555570 0.815493
v 0.180240 0.382683 0.906127
v 0.191342 0.195090 0.961940
v 0.195090 0.000000 0.980785
v 0.191342 -0.195090 0.961940
v 0.180240 -0.382683 0.906127
v 0.162212 -0.555570 0.815493
v 0.137950 -0.707107 0.693520
v 0.108386 -0.831470 0.544895
v 0.074658 -0.923880 0.375330
v 0.038060 -0.980785 0.191342
v -0.000000 0.980785 0.195090
v -0.000000 0.923880 0.382683
v -0.000000 0.831470 0.555570
v -0.000000 0.707107 0.707107
v -0.000000 0.555570 0.831469
v -0.000000 0.382683 0.923879
v -0.000000 0.195090 0.980785
v 0.000000 0.000000 1.000000
v 0.000000 -0.195090 0.980785
v 0.000000 -0.382683 0.923879
v 0.000000 -0.555570 0.831469
v 0.000000 -0.707107 0.707107
v 0.000000 -0.831470 0.555570
v 0.000000 -0.923880 0.382683
v 0.000000 -0.980785 0.195090
v -0.038060 0.980785 0.191342
v -0.074658 0.923880 0.375330
v -0.108386 0.831470 0.544895
v -0.137950 0.707107 0.693520
v -0.162212 0.555570 0.815493
v -0.180240 0.382683 0.906127
v -0.191342 0.195090 0.961940
v -0.195090 -0.000000 0.980785
v -0.191342 -0.195090 0.961940
v -0.180240 -0.382683 0.906127
v -0.162212 -0.555570 0.815493
v -0.137950 -0.707107 0.693520
v -0.108386 -0.831470 0.544895
v -0.074658 -0.923880 0.375330
v -0.038060 -0.980785 0.191342
v -0.074658 0.980785 0.180240
v -0.146447 0.923880 0.353553
v -0.212608 0.831470 0.513280
v -0.270598 0.707107 0.653281
v -0.318190 0.555570 0.768178
v -0.353553 0.382683 0.853553
v -0.375330 0.195090 0.906127
v -0.382683 -0.000000 0.923879
v -0.375330 -0.195090 0.906127
v -0.353553 -0.382683 0.853553
v -0.318190 -0.555570 0.768178
v -0.270598 -0.707107 0.653281
v -0.212608 -0.831470 0.513280
v -0.146447 -0.923880 0.353553
v -0.074658 -0.980785 0.180240
v -0.108386 0.980785 0.162212
v -0.212608 0.923880 0.318190
v -0.308658 0.831470 0.461940
v -0.392847 0.707107 0.587938
v -0.461940 0.555570 0.691341
v -0.513280 0.382683 0.768178
v -0.544895 0.195090 0.815493
v -0.555570 -0.000000 0.831469
v -0.544895 -0.195090 0.815493
v -0.513280 -0.382683 0.768178
v -0.461940 -0.555570 0.691341
v -0.392847 -0.707107 0.587938
v -0.308658 -0.831470 0.461940
v -0.212608 -0.923880 0.318190
v -0.108386 -0.980785 0.162212
v -0.137950 0.980785 0.137950
v -0.270598 0.923880 0.270598
v -0.392847 0.831470 0.392847
v -0.500000 0.707107 0.500000
v -0.587938 0.555570 0.587938
v -0.653281 0.382683 0.653281
v -0.693520 0.195090 0.693520
v -0.707107 -0.000000 0.707106
v -0.693520 -0.195090 0.693520
v -0.653281 -0.382683 0.653281
v -0.587938 -0.555570 0.587938
v -0.500000 -0.707107 0.500000
v -0.392847 -0.831470 0.392847
v -0.270598 -0.923880 0.270598
v -0.137950 -0.980785 0.137950
v -0.162212 0.980785 0.108386
v -0.318190 0.923880 0.212607
v -0.461940 0.831470 0.308658
v -0.587938 0.707107 0.392847
v -0.691342 0.555570 0.461940
v -0.768178 0.382683 0.513280
v -0.815493 0.195090 0.544895
v -0.831469 -0.000000 0.555570
v -0.815493 -0.195090 0.544895
v -0.768178 -0.382683 0.513280
v -0.691342 -0.555570 0.461940
v -0.587938 -0.707107 0.392847
v -0.461940 -0.831470 0.308658
v -0.318190 -0.923880 0.212607
v -0.162212 -0.980785 0.108386
v -0.180240 0.980785 0.074658
v -0.353553 0.923880 0.146447
v -0.513280 0.831470 0.212607
v -0.653281 0.707107 0.270598
v -0.768178 0.555570 0.318189
v -0.853553 0.382683 0.353553
v -0.906127 0.195090 0.375330
v -0.923879 -0.000000 0.382683
v -0.906127 -0.195090 0.375330
v -0.853553 -0.382683 0.353553
v -0.768178 -0.555570 0.318189
v -0.653281 -0.707107 0.270598
v -0.513280 -0.831470 0.212607
v -0.353553 -0.923880 0.146447
v -0.180240 -0.980785 0.074658
v -0.191342 0.980785 0.038060
v -0.375330 0.923880 0.074658
v -0.544895 0.831470 0.108386
v -0.693520 0.707107 0.137950
v -0.815493 0.555570 0.162212
v -0.906127 0.382683 0.180240
v -0.961939 0.195090 0.191342
v -0.980785 -0.000000 0.195090
v -0.961939 -0.195090 0.191342
v -0.906127 -0.382683 0.180240
v -0.815493 -0.555570 0.162212
v -0.693520 -0.707107 0.137950
v -0.544895 -0.831470 0.108386
v -0.375330 -0.923880 0.074658
v -0.191342 -0.980785 0.038060
v -0.195090 0.980785 0.000000
v -0.382683 0.923880 0.000000
v -0.555570 0.831470 0.000000
v -0.707107 0.707107 0.000000
v -0.831469 0.555570 0.000000
v -0.923879 0.382683 0.000000
v -0.980785 0.195090 0.000000
v -0.999999 -0.000000 0.000000
v -0.980785 -0.195090 0.000000
v -0.923879 -0.382683 0.000000
v -0.831469 -0.555570 0.000000
v -0.707107 -0.707107 0.000000
v -0.555570 -0.831470 0.000000
v -0.382683 -0.923880 0.000000
v -0.195090 -0.980785 0.000000
v -0.191342 0.980785 -0.038060
v -0.375330 0.923880 -0.074658
v -0.544895 0.831470 -0.108386
v -0.693520 0.707107 -0.137950
v -0.815493 0.555570 -0.162212
v -0.906127 0.382683 -0.180240
v -0.961939 0.195090 -0.191342
v -0.980785 -0.000000 -0.195091
v -0.961939 -0.195090 -0.191342
v -0.906127 -0.382683 -0.180240
v -0.815493 -0.555570 -0.162212
v -0.693520 -0.707107 -0.137950
v -0.544895 -0.831470 -0.108386
v -0.375330 -0.923880 -0.074658
v -0.191342 -0.980785 -0.038060
v -0.180240 0.980785 -0.074658
v -0.353553 0.923880 -0.146447
v -0.513280 0.831470 -0.212608
v -0.653281 0.707107 -0.270598
v -0.768177 0.555570 -0.318190
v -0.853553 0.382683 -0.353553
v -0.906127 0.195090 -0.375330
v -0.923879 -0.000000 -0.382683
v -0.906127 -0.195090 -0.375330
v -0.853553 -0.382683 -0.353553
v -0.768177 -0.555570 -0.318190
v -0.653281 -0.707107 -0.270598
v -0.513280 -0.831470 -0.212608
v -0.353553 -0.923880 -0.146447
v -0.180240 -0.980785 -0.074658
v -0.162212 0.980785 -0.108386
v -0.318190 0.923880 -0.212608
v -0.461939 0.831470 -0.308658
v -0.587938 0.707107 -0.392847
v -0.691341 0.555570 -0.461940
v -0.768178 0.382683 -0.513280
v -0.815493 0.195090 -0.544895
v -0.831469 -0.000000 -0.555570
v -0.815493 -0.195090 -0.544895
v -0.768178 -0.382683 -0.513280
v -0.691341 -0.555570 -0.461940
v -0.587938 -0.707107 -0.392847
v -0.461939 -0.831470 -0.308658
v -0.318190 -0.923880 -0.212608
v -0.162212 -0.980785 -0.108386
v -0.137950 0.980785 -0.137950
v -0.270598 0.923880 -0.270598
v -0.392847 0.831470 -0.392847
v -0.500000 0.707107 -0.500000
v -0.587937 0.555570 -0.587938
v -0.653281 0.382683 -0.653281
v -0.693520 0.195090 -0.693520
v -0.707106 -0.000000 -0.707106
v -0.693520 -0.195090 -0.693520
v -0.653281 -0.382683 -0.653281
v -0.587937 -0.555570 -0.587938
v -0.500000 -0.707107 -0.500000
v -0.392847 -0.831470 -0.392847
v -0.270598 -0.923880 -0.270598
v -0.137950 -0.980785 -0.137950
v 0.000000 -1.000000 0.000000
v -0.108386 0.980785 -0.162212
v -0.212607 0.923880 -0.318190
v -0.308658 0.831470 -0.461940
v -0.392847 0.707107 -0.587938
v -0.461939 0.555570 -0.691341
v -0.513280 0.382683 -0.768177
v -0.544895 0.195090 -0.815493
v -0.555569 -0.000000 -0.831469
v -0.544895 -0.195090 -0.815493
v -0.513280 -0.382683 -0.768177
v -0.461939 -0.555570 -0.691341
v -0.392847 -0.707107 -0.587938
v -0.308658 -0.831470 -0.461940
v -0.212607 -0.923880 -0.318190
v -0.108386 -0.980785 -0.162212
v -0.074658 0.980785 -0.180240
v -0.146447 0.923880 -0.353553
v -0.212607 0.831470 -0.513280
v -0.270598 0.707107 -0.653281
v -0.318189 0.555570 -0.768177
v -0.353553 0.382683 -0.853553
v -0.375330 0.195090 -0.906127
v -0.382683 -0.000000 -0.923879
v -0.375330 -0.195090 -0.906127
v -0.353553 -0.382683 -0.853553
v -0.318189 -0.555570 -0.768177
v -0.270598 -0.707107 -0.653281
v -0.212607 -0.831470 -0.513280
v -0.146447 -0.923880 -0.353553
v -0.074658 -0.980785 -0.180240
v -0.038060 0.980785 -0.191342
v -0.074658 0.923880 -0.375330
v -0.108386 0.831470 -0.544895
v -0.137950 0.707107 -0.693520
v -0.162211 0.555570 -0.815493
v -0.180240 0.382683 -0.906127
v -0.191341 0.195090 -0.961939
v -0.195090 -0.000000 -0.980784
v -0.191341 -0.195090 -0.961939
v -0.180240 -0.382683 -0.906127
v -0.162211 -0.555570 -0.815493
v -0.137950 -0.707107 -0.693520
v -0.108386 -0.831470 -0.544895
v -0.074658 -0.923880 -0.375330
v -0.038060 -0.980785 -0.191342
v -0.000000 0.980785 -0.195090
v -0.000000 0.923880 -0.382683
v -0.000000 0.831470 -0.555570
v -0.000000 0.707107 -0.707107
v -0.000000 0.555570 -0.831469
v -0.000000 0.382683 -0.923879
v -0.000000 0.195090 -0.980785
v 0.000000 0.000000 -0.999999
v 0.000000 -0.195090 -0.980785
v 0.000000 -0.382683 -0.923879
v 0.000000 -0.555570 -0.831469
v 0.000000 -0.707107 -0.707107
v 0.000000 -0.831470 -0.555570
v 0.000000 -0.923880 -0.382683
v 0.000000 -0.980785 -0.195090
v 0.038060 0.980785 -0.191342
v 0.074658 0.923880 -0.375330
v 0.108386 0.831470 -0.544895
v 0.137950 0.707107 -0.693520
v 0.162212 0.555570 -0.815493
v 0.180240 0.382683 -0.906127
v 0.191342 0.195090 -0.961939
v 0.195091 0.000000 -0.980784
v 0.191342 -0.195090 -0.961939
v 0.180240 -0.382683 -0.906127
v 0.162212 -0.555570 -0.815493
v 0.137950 -0.707107 -0.693520
v 0.108386 -0.831470 -0.544895
v 0.074658 -0.923880 -0.375330
v 0.038060 -0.980785 -0.191342
v 0.074658 0.980785 -0.180240
v 0.146447 0.923880 -0.353553
v 0.212607 0.831470 -0.513279
v 0.270598 0.707107 -0.653281
v 0.318190 0.555570 -0.768177
v 0.353553 0.382683 -0.853553
v 0.375330 0.195090 -0.906127
v 0.382683 0.000000 -0.923878
v 0.375330 -0.195090 -0.906127
v 0.353553 -0.382683 -0.853553
v 0.318190 -0.555570 -0.768177
v 0.270598 -0.707107 -0.653281
v 0.212607 -0.831470 -0.513279
v 0.146447 -0.923880 -0.353553
v 0.074658 -0.980785 -0.180240
v 0.108386 0.980785 -0.162212
v 0.212607 0.923880 -0.318189
v 0.308658 0.831470 -0.461939
v 0.392847 0.707107 -0.587938
v 0.461940 0.555570 -0.691341
v 0.513280 0.382683 -0.768177
v 0.544895 0.195090 -0.815493
v 0.555570 0.000000 -0.831468
v 0.544895 -0.195090 -0.815493
v 0.513280 -0.382683 -0.768177
v 0.461940 -0.555570 -0.691341
v 0.392847 -0.707107 -0.587938
v 0.308658 -0.831470 -0.461939
v 0.212607 -0.923880 -0.318189
v 0.108386 -0.980785 -0.162212
v 0.137950 0.980785 -0.137950
v 0.270598 0.923880 -0.270598
v 0.392847 0.831470 -0.392847
v 0.500000 0.707107 -0.500000
v 0.587938 0.555570 -0.587937
v 0.653281 0.382683 -0.653281
v 0.693520 0.195090 -0.693519
v 0.707106 0.000000 -0.707106
v 0.693520 -0.195090 -0.693519
v 0.653281 -0.382683 -0.653281
v 0.587938 -0.555570 -0.587937
v 0.500000 -0.707107 -0.500000
v 0.392847 -0.831470 -0.392847
v 0.270598 -0.923880 -0.270598
v 0.137950 -0.980785 -0.137950
v 0.162212 0.980785 -0.108386
v 0.318190 0.923880 -0.212607
v 0.461939 0.831470 -0.308658
v 0.587938 0.707107 -0.392847
v 0.691341 0.555570 -0.461939
v 0.768177 0.382683 -0.513280
v 0.815493 0.195090 -0.544895
v 0.831469 0.000000 -0.555569
v 0.815493 -0.195090 -0.544895
v 0.768177 -0.382683 -0.513280
v 0.691341 -0.555570 -0.461939
v 0.587938 -0.707107 -0.392847
v 0.461939 -0.831470 -0.308658
v 0.318190 -0.923880 -0.212607
v 0.162212 -0.980785 -0.108386
v 0.180240 0.980785 -0.074658
v 0.353553 0.923880 -0.146446
v 0.513279 0.831470 -0.212607
v 0.653281 0.707107 -0.270598
v 0.768177 0.555570 -0.318189
v 0.853553 0.382683 -0.353553
v 0.906127 0.195090 -0.375330
v 0.923879 0.000000 -0.382683
v 0.906127 -0.195090 -0.375330
v 0.853553 -0.382683 -0.353553
v 0.768177 -0.555570 -0.318189
v 0.653281 -0.707107 -0.270598
v 0.513279 -0.831470 -0.212607
v 0.353553 -0.923880 -0.146446
v 0.180240 -0.980785 -0.074658
v 0.191342 0.980785 -0.038060
v 0.375330 0.923880 -0.074658
v 0.544895 0.831470 -0.108386
v 0.693520 0.707107 -0.137950
v 0.815493 0.555570 -0.162211
v 0.906127 0.382683 -0.180240
v 0.961939 0.195090 -0.191341
v 0.980784 0.000000 -0.195090
v 0.961939 -0.195090 -0.191341
v 0.906127 -0.382683 -0.180240
v 0.815493 -0.555570 -0.162211
v 0.693520 -0.707107 -0.137950
v 0.544895 -0.831470 -0.108386
v 0.375330 -0.923880 -0.074658
v 0.191342 -0.980785 -0.038060
v 0.195090 0.980785 0.000000
v 0.382683 0.923880 0.000000
v 0.707107 0.707107 0.000000
v 0.923879 0.382683 0.000000
v 0.923879 -0.382683 0.000000
v 0.707107 -0.707107 0.000000
v 0.555570 -0.831470 0.000000
v 0.382683 -0.923880 0.000000
v 0.195090 -0.980785 0.000000
v -0.170675 0.290726 0.785095
v -0.115663 0.235423 0.782889
v -0.086001 0.163262 0.781269
v -0.082261 0.124237 0.780759
v -0.086203 0.085230 0.780479
v -0.116241 0.013207 0.780642
v -0.243183 0.320678 0.795180
v -0.206213 0.309138 0.801282
v -0.172162 0.290510 0.806825
v -0.142339 0.265511 0.811596
v -0.117889 0.235100 0.815411
v -0.099753 0.200446 0.818124
v -0.088626 0.162881 0.819630
v -0.084938 0.123849 0.819873
v -0.088829 0.084849 0.818841
v -0.100151 0.047381 0.816576
v -0.118467 0.012884 0.813163
v -0.143074 -0.017317 0.808735
v -0.173027 -0.042059 0.803461
v -0.207174 -0.060394 0.797545
v -0.244203 -0.071615 0.791212
v -0.245184 0.320608 0.802562
v -0.210138 0.309002 0.815763
v -0.177861 0.290313 0.827848
v -0.149591 0.265259 0.838353
v -0.126417 0.234804 0.846874
v -0.109229 0.200117 0.853083
v -0.098686 0.162532 0.856743
v -0.095195 0.123493 0.857712
v -0.098889 0.084500 0.855954
v -0.109627 0.047052 0.851535
v -0.126995 0.012588 0.844626
v -0.150327 -0.017568 0.835492
v -0.178725 -0.042257 0.824484
v -0.211099 -0.060530 0.812025
v -0.246204 -0.071685 0.798594
v -0.248587 0.320548 0.809412
v -0.216813 0.308883 0.829200
v -0.187551 0.290141 0.847355
v -0.161925 0.265040 0.863181
v -0.140920 0.234546 0.876068
v -0.125343 0.199831 0.885523
v -0.115793 0.162228 0.891180
v -0.112637 0.123183 0.892824
v -0.115996 0.084196 0.890391
v -0.125741 0.046766 0.883974
v -0.141498 0.012330 0.873820
v -0.162660 -0.017787 0.860320
v -0.188415 -0.042429 0.843991
v -0.217774 -0.060648 0.825462
v -0.249607 -0.071745 0.805444
v -0.253261 0.320499 0.815467
v -0.225981 0.308787 0.841076
v -0.200861 0.290001 0.864597
v -0.178865 0.264862 0.885126
v -0.160840 0.234337 0.901873
v -0.147477 0.199598 0.914195
v -0.139290 0.161981 0.921619
v -0.136594 0.122931 0.923859
v -0.139493 0.083949 0.920830
v -0.147875 0.046533 0.912647
v -0.161417 0.012121 0.899625
v -0.179600 -0.017965 0.882265
v -0.201725 -0.042569 0.861233
v -0.226942 -0.060745 0.837338
v -0.254280 -0.071794 0.811499
v -0.259026 0.320463 0.820493
v -0.237290 0.308717 0.850936
v -0.217279 0.289899 0.878911
v -0.199762 0.264732 0.903344
v -0.185411 0.234184 0.923295
v -0.174779 0.199428 0.937999
v -0.168274 0.161801 0.946889
v -0.166146 0.122747 0.949624
v -0.168477 0.083769 0.946100
v -0.175177 0.046363 0.936451
v -0.185989 0.011968 0.921048
v -0.200497 -0.018095 0.900483
v -0.218143 -0.042671 0.875547
v -0.238251 -0.060815 0.847198
v -0.260046 -0.071830 0.816525
v -0.281651 0.324686 0.788753
v -0.265661 0.320441 0.824299
v -0.250305 0.308675 0.858400
v -0.236174 0.289838 0.889748
v -0.223811 0.264655 0.917136
v -0.213690 0.234093 0.939513
v -0.206201 0.199328 0.956019
v -0.201631 0.161694 0.966019
v -0.200157 0.122639 0.969129
v -0.201834 0.083662 0.965230
v -0.206599 0.046263 0.954471
v -0.214267 0.011877 0.937266
v -0.224546 -0.018172 0.914276
v -0.237039 -0.042732 0.886384
v -0.251266 -0.060857 0.854663
v -0.266681 -0.071851 0.820331
v -0.272911 0.320436 0.826736
v -0.264527 0.308663 0.863182
v -0.256820 0.289822 0.896690
v -0.250088 0.264634 0.925972
v -0.244589 0.234069 0.949903
v -0.240534 0.199300 0.967564
v -0.238079 0.161665 0.978275
v -0.237319 0.122609 0.981625
v -0.238282 0.083633 0.977486
v -0.240932 0.046235 0.966015
v -0.245167 0.011853 0.947655
v -0.250823 -0.018193 0.923111
v -0.257685 -0.042748 0.893326
v -0.265487 -0.060868 0.859444
v -0.273931 -0.071857 0.822768
v -0.280497 0.320446 0.827713
v -0.279408 0.308683 0.865098
v -0.278424 0.289850 0.899471
v -0.277585 0.264670 0.929512
v -0.276922 0.234111 0.954066
v -0.276460 0.199347 0.972189
v -0.276218 0.161714 0.983185
v -0.276205 0.122659 0.986631
v -0.276421 0.083682 0.982395
v -0.276858 0.046282 0.970640
v -0.277499 0.011895 0.951818
v -0.278320 -0.018158 0.926651
v -0.279289 -0.042720 0.896107
v -0.280368 -0.060849 0.861360
v -0.281517 -0.071847 0.823745
v -0.288128 0.320471 0.827191
v -0.294376 0.308732 0.864074
v -0.300156 0.289921 0.897984
v -0.305243 0.264761 0.927620
v -0.309445 0.234218 0.951840
v -0.312598 0.199466 0.969716
v -0.314582 0.161841 0.980560
v -0.315320 0.122788 0.983955
v -0.314785 0.083809 0.979771
v -0.312996 0.046401 0.968168
v -0.310022 0.012002 0.949593
v -0.305979 -0.018067 0.924759
v -0.301020 -0.042649 0.894620
v -0.295337 -0.060800 0.860336
v -0.289148 -0.071822 0.823223
v -0.295511 0.320510 0.825190
v -0.308858 0.308809 0.860149
v -0.321179 0.290033 0.892287
v -0.332001 0.264904 0.920368
v -0.340909 0.234386 0.943313
v -0.347559 0.199652 0.960241
v -0.351696 0.162039 0.970502
v -0.353161 0.122990 0.973699
v -0.351899 0.084007 0.969712
v -0.347957 0.046587 0.958693
v -0.341486 0.012170 0.941066
v -0.332736 -0.017924 0.917507
v -0.322043 -0.042536 0.888923
v -0.309818 -0.060722 0.856412
v -0.296531 -0.071783 0.821222
v -0.302361 0.320562 0.821788
v -0.322295 0.308912 0.853475
v -0.340687 0.290182 0.882597
v -0.356830 0.265093 0.908036
v -0.370104 0.234608 0.928812
v -0.379999 0.199900 0.944129
v -0.386134 0.162301 0.953396
v -0.388275 0.123258 0.956259
v -0.386337 0.084269 0.952607
v -0.380397 0.046835 0.942580
v -0.370682 0.012392 0.926564
v -0.357565 -0.017734 0.905175
v -0.341551 -0.042388 0.879234
v -0.323255 -0.060620 0.849737
v -0.303381 -0.071730 0.817820
v -0.308416 0.320625 0.817114
v -0.334172 0.309035 0.844308
v -0.357929 0.290362 0.869289
v -0.378776 0.265321 0.891097
v -0.395909 0.234877 0.908894
v -0.408672 0.200198 0.921997
v -0.416574 0.162618 0.929901
v -0.419310 0.123581 0.932304
v -0.416777 0.084586 0.929112
v -0.409070 0.047133 0.920449
v -0.396487 0.012661 0.906646
v -0.379511 -0.017506 0.888236
v -0.358794 -0.042208 0.865925
v -0.335132 -0.060496 0.840570
v -0.309436 -0.071667 0.813146
v -0.313442 0.320697 0.811350
v -0.344032 0.309175 0.833000
v -0.372244 0.290565 0.852872
v -0.396995 0.265580 0.870202
v -0.417333 0.235181 0.884324
v -0.432477 0.200536 0.894696
v -0.441844 0.162977 0.900919
v -0.445076 0.123947 0.902754
v -0.442047 0.084945 0.900130
v -0.432874 0.047471 0.893148
v -0.417910 0.012965 0.882077
v -0.397730 -0.017247 0.867341
v -0.373108 -0.042005 0.849508
v -0.344992 -0.060356 0.829262
v -0.314462 -0.071596 0.807382
v -0.317248 0.320774 0.804715
v -0.351496 0.309326 0.819985
v -0.383080 0.290784 0.833978
v -0.410787 0.265859 0.846154
v -0.433551 0.235509 0.856047
v -0.450497 0.200901 0.863277
v -0.460975 0.163364 0.867564
v -0.464581 0.124341 0.868746
v -0.461177 0.085332 0.866775
v -0.450895 0.047836 0.861729
v -0.434128 0.013293 0.853800
v -0.411522 -0.016968 0.843294
v -0.383945 -0.041786 0.830614
v -0.352457 -0.060205 0.816247
v -0.318267 -0.071519 0.800747
v -0.319685 0.320853 0.797465
v -0.356278 0.309483 0.805765
v -0.390022 0.291011 0.813332
v -0.419622 0.266148 0.819878
v -0.443940 0.235849 0.825150
v -0.462041 0.201278 0.828945
v -0.473230 0.163764 0.831118
v -0.477076 0.124750 0.831585
v -0.473433 0.085733 0.830329
v -0.462439 0.048213 0.827397
v -0.444518 0.013633 0.822902
v -0.420357 -0.016680 0.817017
v -0.390887 -0.041559 0.809969
v -0.357238 -0.060049 0.802027
v -0.320705 -0.071439 0.793497
v -0.320662 0.320933 0.789879
v -0.358193 0.309638 0.790884
v -0.392803 0.291237 0.791730
v -0.423162 0.266435 0.792383
v -0.448102 0.236186 0.792819
v -0.466665 0.201653 0.793021
v -0.478139 0.164163 0.792982
v -0.482081 0.125156 0.792702
v -0.478342 0.086131 0.792192
v -0.467063 0.048588 0.791473
v -0.448679 0.013970 0.790571
v -0.423897 -0.016392 0.789522
v -0.393668 -0.041333 0.788366
v -0.359154 -0.059893 0.787147
v -0.321682 -0.071360 0.785911
v -0.320140 0.321008 0.782249
v -0.357169 0.309787 0.775916
v -0.391316 0.291453 0.770000
v -0.421268 0.266710 0.764726
v -0.445876 0.236510 0.760297
v -0.464192 0.202013 0.756885
v -0.475513 0.164544 0.754620
v -0.479404 0.125545 0.753588
v -0.475716 0.086512 0.753830
v -0.464590 0.048947 0.755337
v -0.446453 0.014294 0.758050
v -0.422004 -0.016117 0.761865
v -0.392180 -0.041117 0.766636
v -0.358129 -0.059745 0.772179
v -0.321159 -0.071284 0.778281
v -0.318139 0.321078 0.774867
v -0.353244 0.309923 0.761436
v -0.385617 0.291650 0.748977
v -0.414016 0.266962 0.737969
v -0.437347 0.236806 0.728835
v -0.454716 0.202341 0.721926
v -0.465453 0.164893 0.717507
v -0.469147 0.125901 0.715748
v -0.465656 0.086862 0.716718
v -0.455114 0.049276 0.720378
v -0.437925 0.014590 0.726587
v -0.414751 -0.015866 0.735108
v -0.386482 -0.040919 0.745613
v -0.354204 -0.059608 0.757698
v -0.319158 -0.071215 0.770899
v -0.314736 0.321138 0.768017
v -0.346569 0.310042 0.747999
v -0.375927 0.291823 0.729470
v -0.401682 0.267181 0.713141
v -0.422845 0.237063 0.699640
v -0.438601 0.202628 0.689487
v -0.448346 0.165197 0.683070
v -0.451705 0.126210 0.680636
v -0.448549 0.087165 0.682280
v -0.438999 0.049563 0.687938
v -0.423422 0.014847 0.697393
v -0.402417 -0.015647 0.710280
v -0.376791 -0.040747 0.726106
v -0.347529 -0.059490 0.744261
v -0.315755 -0.071154 0.764049
v -0.310062 0.321187 0.761962
v -0.337401 0.310138 0.736122
v -0.362617 0.291962 0.712228
v -0.384742 0.267359 0.691196
v -0.402925 0.237273 0.673836
v -0.416468 0.202860 0.660814
v -0.424849 0.165444 0.652631
v -0.427748 0.126462 0.649602
v -0.425052 0.087412 0.651842
v -0.416865 0.049795 0.659266
v -0.403502 0.015057 0.671588
v -0.385477 -0.015469 0.688335
v -0.363481 -0.040607 0.708864
v -0.338361 -0.059394 0.732385
v -0.311082 -0.071105 0.757994
v -0.282691 -0.075292 0.784708
v -0.304297 0.321223 0.756935
v -0.326092 0.310208 0.726263
v -0.346199 0.292064 0.697913
v -0.363846 0.267489 0.672977
v -0.378354 0.237425 0.652413
v -0.389165 0.203030 0.637010
v -0.395865 0.165624 0.627361
v -0.398196 0.126646 0.623837
v -0.396068 0.087592 0.626572
v -0.389563 0.049965 0.635462
v -0.378931 0.015209 0.650165
v -0.364581 -0.015339 0.670117
v -0.347063 -0.040505 0.694550
v -0.327052 -0.059323 0.722525
v -0.305316 -0.071069 0.752967
v -0.297662 0.321245 0.753130
v -0.313076 0.310250 0.718798
v -0.327304 0.292125 0.687077
v -0.339797 0.267566 0.659185
v -0.350075 0.237516 0.636195
v -0.357744 0.203131 0.618990
v -0.362508 0.165731 0.608231
v -0.364185 0.126755 0.604332
v -0.362711 0.087699 0.607442
v -0.358142 0.050066 0.617442
v -0.350652 0.015300 0.633947
v -0.340532 -0.015262 0.656325
v -0.328168 -0.040445 0.683713
v -0.314037 -0.059282 0.715060
v -0.298681 -0.071048 0.749162
v -0.290412 0.321250 0.750692
v -0.298855 0.310261 0.714016
v -0.306657 0.292141 0.680135
v -0.313519 0.267587 0.650349
v -0.319176 0.237541 0.625805
v -0.323410 0.203158 0.607445
v -0.326060 0.165760 0.595975
v -0.327023 0.126785 0.591836
v -0.326263 0.087729 0.595186
v -0.323808 0.050093 0.605897
v -0.319753 0.015325 0.623558
v -0.314254 -0.015241 0.647489
v -0.307522 -0.040428 0.676771
v -0.299816 -0.059270 0.710279
v -0.291431 -0.071042 0.746724
v -0.282825 0.321240 0.749716
v -0.283974 0.310242 0.712101
v -0.285054 0.292113 0.677354
v -0.286022 0.267551 0.646810
v -0.286843 0.237499 0.621643
v -0.287484 0.203112 0.602821
v -0.287921 0.165711 0.591066
v -0.288137 0.126734 0.586830
v -0.288124 0.087679 0.590276
v -0.287882 0.050047 0.601272
v -0.287421 0.015283 0.619395
v -0.286757 -0.015276 0.643949
v -0.285918 -0.040456 0.673990
v -0.284935 -0.059289 0.708363
v -0.283845 -0.071052 0.745748
v -0.275194 0.321215 0.750238
v -0.269005 0.310193 0.713125
v -0.263322 0.292042 0.678840
v -0.258364 0.267460 0.648702
v -0.254320 0.237392 0.623868
v -0.251347 0.202993 0.605293
v -0.249558 0.165585 0.593690
v -0.249022 0.126605 0.589506
v -0.249760 0.087553 0.592901
v -0.251744 0.049928 0.603745
v -0.254898 0.015176 0.621620
v -0.259099 -0.015367 0.645841
v -0.264187 -0.040528 0.675476
v -0.269966 -0.059339 0.709387
v -0.276214 -0.071077 0.746270
v -0.267812 0.321176 0.752239
v -0.254524 0.310116 0.717049
v -0.242299 0.291930 0.684538
v -0.231606 0.267317 0.655954
v -0.222856 0.237224 0.632395
v -0.216386 0.202806 0.614768
v -0.212444 0.165386 0.603749
v -0.211181 0.126403 0.599761
v -0.212646 0.087355 0.602959
v -0.216784 0.049741 0.613219
v -0.223434 0.015008 0.630148
v -0.232341 -0.015510 0.653093
v -0.243163 -0.040640 0.681174
v -0.255485 -0.059416 0.713312
v -0.268831 -0.071117 0.748271
v -0.260962 0.321124 0.755641
v -0.241087 0.310013 0.723724
v -0.222791 0.291781 0.694227
v -0.206777 0.267128 0.668286
v -0.193661 0.237001 0.646896
v -0.183945 0.202559 0.630880
v -0.178005 0.165124 0.620854
v -0.176068 0.126136 0.617202
v -0.178208 0.087092 0.620065
v -0.184343 0.049494 0.629332
v -0.194238 0.014785 0.644649
v -0.207512 -0.015699 0.665425
v -0.223655 -0.040789 0.690863
v -0.242047 -0.059519 0.719986
v -0.261981 -0.071169 0.751673
v -0.254907 0.321061 0.760314
v -0.229210 0.309890 0.732891
v -0.205549 0.291602 0.707536
v -0.184832 0.266899 0.685225
v -0.167855 0.236733 0.666815
v -0.155272 0.202260 0.653012
v -0.147566 0.164807 0.644349
v -0.145032 0.125813 0.641157
v -0.147769 0.086775 0.643560
v -0.155670 0.049195 0.651464
v -0.168433 0.014517 0.664567
v -0.185567 -0.015928 0.682364
v -0.206413 -0.040968 0.704172
v -0.230171 -0.059642 0.729153
v -0.255926 -0.071232 0.756347
v -0.249880 0.320989 0.766079
v -0.219350 0.309750 0.744199
v -0.191234 0.291398 0.723953
v -0.166613 0.266641 0.706120
v -0.146432 0.236428 0.691384
v -0.131468 0.201922 0.680313
v -0.122295 0.164448 0.673331
v -0.119267 0.125447 0.670707
v -0.122498 0.086416 0.672542
v -0.131866 0.048857 0.678764
v -0.147010 0.014212 0.689137
v -0.167348 -0.016187 0.703259
v -0.192098 -0.041171 0.720589
v -0.220310 -0.059782 0.740461
v -0.250900 -0.071303 0.762111
v -0.246075 0.320912 0.772714
v -0.211886 0.309599 0.757213
v -0.180398 0.291179 0.742847
v -0.152820 0.266362 0.730167
v -0.130214 0.236100 0.719661
v -0.113448 0.201558 0.711732
v -0.103165 0.164061 0.706686
v -0.099761 0.125052 0.704715
v -0.103368 0.086029 0.705896
v -0.113845 0.048493 0.710184
v -0.130792 0.013884 0.717413
v -0.153555 -0.016466 0.727306
v -0.181262 -0.041391 0.739483
v -0.212846 -0.059933 0.753476
v -0.247095 -0.071380 0.768746
v -0.243637 0.320833 0.779964
v -0.207104 0.309442 0.771434
v -0.173456 0.290952 0.763492
v -0.143985 0.266073 0.756443
v -0.119825 0.235761 0.750559
v -0.101903 0.201180 0.746064
v -0.090910 0.163661 0.743132
v -0.087266 0.124644 0.741875
v -0.091113 0.085629 0.742343
v -0.102301 0.048115 0.744516
v -0.120402 0.013545 0.748311
v -0.144720 -0.016754 0.753583
v -0.174320 -0.041618 0.760128
v -0.208064 -0.060089 0.767696
v -0.244657 -0.071460 0.775996
v -0.242661 0.320753 0.787549
v -0.205189 0.309287 0.786314
v -0.140446 0.265786 0.783939
v -0.097279 0.200805 0.781988
v -0.097677 0.047740 0.780440
v -0.141181 -0.017042 0.781078
v -0.171539 -0.041843 0.781731
v -0.206149 -0.060245 0.782576
v -0.243680 -0.071539 0.783581
v 0.444494 0.300810 0.766911
v 0.499674 0.245630 0.766911
v 0.529537 0.173534 0.766911
v 0.533380 0.134516 0.766911
v 0.529537 0.095498 0.766911
v 0.499674 0.023402 0.766911
v 0.371649 0.330673 0.774523
v 0.408446 0.319292 0.781843
v 0.442359 0.300810 0.788589
v 0.472084 0.275937 0.794501
v 0.496479 0.245630 0.799354
v 0.514606 0.211052 0.802959
v 0.525768 0.173534 0.805180
v 0.529537 0.134516 0.805930
v 0.525768 0.095498 0.805180
v 0.514606 0.057979 0.802959
v 0.496479 0.023402 0.799354
v 0.472084 -0.006906 0.794501
v 0.442359 -0.031778 0.788589
v 0.408446 -0.050260 0.781843
v 0.371649 -0.061641 0.774523
v 0.369428 0.330673 0.781843
v 0.404091 0.319292 0.796201
v 0.436036 0.300810 0.809433
v 0.464037 0.275937 0.821031
v 0.487016 0.245630 0.830549
v 0.504091 0.211052 0.837622
v 0.514606 0.173534 0.841977
v 0.518156 0.134516 0.843448
v 0.514606 0.095498 0.841977
v 0.504091 0.057979 0.837622
v 0.487016 0.023402 0.830549
v 0.464037 -0.006906 0.821031
v 0.436036 -0.031778 0.809433
v 0.404091 -0.050260 0.796201
v 0.369428 -0.061641 0.781843
v 0.365823 0.330673 0.788589
v 0.397018 0.319292 0.809433
v 0.425768 0.300810 0.828643
v 0.450968 0.275937 0.845481
v 0.471649 0.245630 0.859299
v 0.487016 0.211052 0.869567
v 0.496479 0.173534 0.875890
v 0.499674 0.134516 0.878025
v 0.496479 0.095498 0.875890
v 0.487016 0.057979 0.869567
v 0.471649 0.023402 0.859299
v 0.450968 -0.006906 0.845481
v 0.425768 -0.031778 0.828643
v 0.397018 -0.050260 0.809433
v 0.365823 -0.061641 0.788589
v 0.360970 0.330673 0.794501
v 0.387500 0.319292 0.821031
v 0.411950 0.300810 0.845481
v 0.433380 0.275937 0.866911
v 0.450968 0.245630 0.884499
v 0.464037 0.211052 0.897568
v 0.472084 0.173534 0.905615
v 0.474802 0.134516 0.908333
v 0.472084 0.095498 0.905615
v 0.464037 0.057979 0.897568
v 0.450968 0.023402 0.884499
v 0.433380 -0.006906 0.866911
v 0.411950 -0.031778 0.845481
v 0.387500 -0.050260 0.821031
v 0.360970 -0.061641 0.794501
v 0.355058 0.330673 0.799354
v 0.375902 0.319292 0.830549
v 0.395112 0.300810 0.859299
v 0.411950 0.275937 0.884499
v 0.425768 0.245630 0.905180
v 0.436036 0.211052 0.920547
v 0.442359 0.173534 0.930010
v 0.444494 0.134516 0.933205
v 0.442359 0.095498 0.930010
v 0.436036 0.057979 0.920547
v 0.425768 0.023402 0.905180
v 0.411950 -0.006906 0.884499
v 0.395112 -0.031778 0.859299
v 0.375902 -0.050260 0.830549
v 0.355058 -0.061641 0.799354
v 0.333380 0.334516 0.766911
v 0.348312 0.330673 0.802959
v 0.362670 0.319292 0.837622
v 0.375902 0.300810 0.869567
v 0.387500 0.275937 0.897568
v 0.397018 0.245630 0.920547
v 0.404091 0.211052 0.937622
v 0.408446 0.173534 0.948137
v 0.409917 0.134516 0.951687
v 0.408446 0.095498 0.948137
v 0.404091 0.057979 0.937622
v 0.397018 0.023402 0.920547
v 0.387500 -0.006906 0.897568
v 0.375902 -0.031778 0.869567
v 0.362670 -0.050260 0.837622
v 0.348312 -0.061641 0.802959
v 0.340992 0.330673 0.805180
v 0.348312 0.319292 0.841977
v 0.355058 0.300810 0.875890
v 0.360970 0.275937 0.905615
v 0.365823 0.245630 0.930010
v 0.369428 0.211052 0.948137
v 0.371649 0.173534 0.959299
v 0.372398 0.134516 0.963068
v 0.371649 0.095498 0.959299
v 0.369428 0.057979 0.948137
v 0.365823 0.023402 0.930010
v 0.360970 -0.006906 0.905615
v 0.355058 -0.031778 0.875890
v 0.348312 -0.050260 0.841977
v 0.340992 -0.061641 0.805180
v 0.333380 0.330673 0.805929
v 0.333380 0.319292 0.843448
v 0.333380 0.300810 0.878025
v 0.333380 0.275937 0.908333
v 0.333380 0.245630 0.933205
v 0.333380 0.211052 0.951687
v 0.333380 0.173534 0.963068
v 0.333380 0.134516 0.966911
v 0.333380 0.095498 0.963068
v 0.333380 0.057979 0.951687
v 0.333380 0.023402 0.933205
v 0.333380 -0.006906 0.908333
v 0.333380 -0.031778 0.878025
v 0.333380 -0.050260 0.843448
v 0.333380 -0.061641 0.805929
v 0.325768 0.330673 0.805180
v 0.318449 0.319292 0.841977
v 0.311703 0.300810 0.875890
v 0.305790 0.275937 0.905615
v 0.300938 0.245630 0.930010
v 0.297332 0.211052 0.948137
v 0.295112 0.173534 0.959299
v 0.294362 0.134516 0.963068
v 0.295112 0.095498 0.959299
v 0.297332 0.057979 0.948137
v 0.300938 0.023402 0.930010
v 0.305790 -0.006906 0.905615
v 0.311703 -0.031778 0.875890
v 0.318449 -0.050260 0.841977
v 0.325768 -0.061641 0.805180
v 0.318449 0.330673 0.802959
v 0.304091 0.319292 0.837622
v 0.290859 0.300810 0.869567
v 0.279261 0.275937 0.897568
v 0.269742 0.245630 0.920547
v 0.262670 0.211052 0.937622
v 0.258314 0.173534 0.948137
v 0.256844 0.134516 0.951687
v 0.258314 0.095498 0.948137
v 0.262670 0.057979 0.937622
v 0.269742 0.023402 0.920547
v 0.279261 -0.006906 0.897568
v 0.290859 -0.031778 0.869567
v 0.304091 -0.050260 0.837622
v 0.318449 -0.061641 0.802959
v 0.311703 0.330673 0.799354
v 0.290859 0.319292 0.830549
v 0.271649 0.300810 0.859299
v 0.254811 0.275937 0.884499
v 0.240992 0.245630 0.905180
v 0.230724 0.211052 0.920547
v 0.224401 0.173534 0.930010
v 0.222266 0.134516 0.933205
v 0.224401 0.095498 0.930010
v 0.230724 0.057979 0.920547
v 0.240992 0.023402 0.905180
v 0.254811 -0.006906 0.884499
v 0.271649 -0.031778 0.859299
v 0.290859 -0.050260 0.830549
v 0.311703 -0.061641 0.799354
v 0.305790 0.330673 0.794501
v 0.279261 0.319292 0.821031
v 0.254811 0.300810 0.845481
v 0.233380 0.275937 0.866911
v 0.215793 0.245630 0.884499
v 0.202724 0.211052 0.897568
v 0.194676 0.173534 0.905615
v 0.191959 0.134516 0.908333
v 0.194676 0.095498 0.905615
v 0.202724 0.057979 0.897568
v 0.215793 0.023402 0.884499
v 0.233380 -0.006906 0.866911
v 0.254811 -0.031778 0.845481
v 0.279261 -0.050260 0.821031
v 0.305790 -0.061641 0.794501
v 0.300938 0.330673 0.788589
v 0.269742 0.319292 0.809433
v 0.240992 0.300810 0.828643
v 0.215793 0.275937 0.845481
v 0.195112 0.245630 0.859299
v 0.179745 0.211052 0.869567
v 0.170282 0.173534 0.875890
v 0.167086 0.134516 0.878025
v 0.170282 0.095498 0.875890
v 0.179745 0.057979 0.869567
v 0.195112 0.023402 0.859299
v 0.215793 -0.006906 0.845481
v 0.240992 -0.031778 0.828643
v 0.269742 -0.050260 0.809433
v 0.300938 -0.061641 0.788589
v 0.297332 0.330673 0.781843
v 0.262670 0.319292 0.796201
v 0.230724 0.300810 0.809433
v 0.202724 0.275937 0.821031
v 0.179745 0.245630 0.830549
v 0.162670 0.211052 0.837622
v 0.152155 0.173534 0.841977
v 0.148604 0.134516 0.843448
v 0.152155 0.095498 0.841977
v 0.162670 0.057979 0.837622
v 0.179745 0.023402 0.830549
v 0.202724 -0.006906 0.821031
v 0.230724 -0.031778 0.809433
v 0.262670 -0.050260 0.796201
v 0.297332 -0.061641 0.781843
v 0.295112 0.330673 0.774523
v 0.258314 0.319292 0.781843
v 0.224401 0.300810 0.788589
v 0.194676 0.275937 0.794501
v 0.170282 0.245630 0.799354
v 0.152155 0.211052 0.802959
v 0.140992 0.173534 0.805180
v 0.137223 0.134516 0.805929
v 0.140992 0.095498 0.805180
v 0.152155 0.057979 0.802959
v 0.170282 0.023402 0.799354
v 0.194676 -0.006906 0.794501
v 0.224401 -0.031778 0.788589
v 0.258314 -0.050260 0.781843
v 0.295112 -0.061641 0.774523
v 0.294362 0.330673 0.766911
v 0.256844 0.319292 0.766911
v 0.222266 0.300810 0.766911
v 0.191959 0.275937 0.766911
v 0.167086 0.245630 0.766911
v 0.148604 0.211052 0.766911
v 0.137223 0.173534 0.766911
v 0.133380 0.134516 0.766911
v 0.137223 0.095498 0.766911
v 0.148604 0.057979 0.766911
v 0.167086 0.023402 0.766911
v 0.191959 -0.006906 0.766911
v 0.222266 -0.031778 0.766911
v 0.256844 -0.050260 0.766911
v 0.294362 -0.061641 0.766911
v 0.295112 0.330673 0.759299
v 0.258314 0.319292 0.751980
v 0.224401 0.300810 0.745234
v 0.194676 0.275937 0.739322
v 0.170282 0.245630 0.734469
v 0.152155 0.211052 0.730863
v 0.140992 0.173534 0.728643
v 0.137223 0.134516 0.727893
v 0.140992 0.095498 0.728643
v 0.152155 0.057979 0.730863
v 0.170282 0.023402 0.734469
v 0.194676 -0.006906 0.739322
v 0.224401 -0.031778 0.745234
v 0.258314 -0.050260 0.751980
v 0.295112 -0.061641 0.759299
v 0.297332 0.330673 0.751980
v 0.262670 0.319292 0.737622
v 0.230724 0.300810 0.724390
v 0.202724 0.275937 0.712792
v 0.179745 0.245630 0.703274
v 0.162670 0.211052 0.696201
v 0.152155 0.173534 0.691845
v 0.148604 0.134516 0.690375
v 0.152155 0.095498 0.691845
v 0.162670 0.057979 0.696201
v 0.179745 0.023402 0.703274
v 0.202724 -0.006906 0.712792
v 0.230724 -0.031778 0.724390
v 0.262670 -0.050260 0.737622
v 0.297332 -0.061641 0.751980
v 0.300938 0.330673 0.745234
v 0.269742 0.319292 0.724390
v 0.240992 0.300810 0.705180
v 0.215793 0.275937 0.688342
v 0.195112 0.245630 0.674524
v 0.179745 0.211052 0.664255
v 0.170282 0.173534 0.657932
v 0.167086 0.134516 0.655797
v 0.170282 0.095498 0.657932
v 0.179745 0.057979 0.664255
v 0.195112 0.023402 0.674524
v 0.215793 -0.006906 0.688342
v 0.240992 -0.031778 0.705180
v 0.269742 -0.050260 0.724390
v 0.300938 -0.061641 0.745234
v 0.305790 0.330673 0.739322
v 0.279261 0.319292 0.712792
v 0.254811 0.300810 0.688342
v 0.233380 0.275937 0.666911
v 0.215793 0.245630 0.649324
v 0.202724 0.211052 0.636255
v 0.194676 0.173534 0.628208
v 0.191959 0.134516 0.625490
v 0.194676 0.095498 0.628208
v 0.202724 0.057979 0.636255
v 0.215793 0.023402 0.649324
v 0.233380 -0.006906 0.666911
v 0.254811 -0.031778 0.688342
v 0.279261 -0.050260 0.712792
v 0.305790 -0.061641 0.739322
v 0.333380 -0.065484 0.766911
v 0.311703 0.330673 0.734469
v 0.290859 0.319292 0.703274
v 0.271649 0.300810 0.674524
v 0.254811 0.275937 0.649324
v 0.240992 0.245630 0.628643
v 0.230724 0.211052 0.613276
v 0.224401 0.173534 0.603813
v 0.222266 0.134516 0.600618
v 0.224401 0.095498 0.603813
v 0.230724 0.057979 0.613276
v 0.240992 0.023402 0.628643
v 0.254811 -0.006906 0.649324
v 0.271649 -0.031778 0.674524
v 0.290859 -0.050260 0.703274
v 0.311703 -0.061641 0.734469
v 0.318449 0.330673 0.730864
v 0.304091 0.319292 0.696201
v 0.290859 0.300810 0.664255
v 0.279261 0.275937 0.636255
v 0.269742 0.245630 0.613276
v 0.262670 0.211052 0.596201
v 0.258314 0.173534 0.585686
v 0.256844 0.134516 0.582136
v 0.258314 0.095498 0.585686
v 0.262670 0.057979 0.596201
v 0.269742 0.023402 0.613276
v 0.279261 -0.006906 0.636255
v 0.290859 -0.031778 0.664255
v 0.304091 -0.050260 0.696201
v 0.318449 -0.061641 0.730864
v 0.325768 0.330673 0.728643
v 0.318449 0.319292 0.691845
v 0.311703 0.300810 0.657933
v 0.305790 0.275937 0.628208
v 0.300938 0.245630 0.603813
v 0.297332 0.211052 0.585686
v 0.295112 0.173534 0.574524
v 0.294362 0.134516 0.570755
v 0.295112 0.095498 0.574524
v 0.297332 0.057979 0.585686
v 0.300938 0.023402 0.603813
v 0.305790 -0.006906 0.628208
v 0.311703 -0.031778 0.657933
v 0.318449 -0.050260 0.691845
v 0.325768 -0.061641 0.728643
v 0.333380 0.330673 0.727893
v 0.333380 0.319292 0.690375
v 0.333380 0.300810 0.655797
v 0.333380 0.275937 0.625490
v 0.333380 0.245630 0.600618
v 0.333380 0.211052 0.582136
v 0.333380 0.173534 0.570754
v 0.333380 0.134516 0.566912
v 0.333380 0.095498 0.570754
v 0.333380 0.057979 0.582136
v 0.333380 0.023402 0.600618
v 0.333380 -0.006906 0.625490
v 0.333380 -0.031778 0.655797
v 0.333380 -0.050260 0.690375
v 0.333380 -0.061641 0.727893
v 0.340992 0.330673 0.728643
v 0.348312 0.319292 0.691845
v 0.355058 0.300810 0.657933
v 0.360970 0.275937 0.628208
v 0.365823 0.245630 0.603813
v 0.369428 0.211052 0.585686
v 0.371649 0.173534 0.574524
v 0.372398 0.134516 0.570755
v 0.371649 0.095498 0.574524
v 0.369428 0.057979 0.585686
v 0.365823 0.023402 0.603813
v 0.360970 -0.006906 0.628208
v 0.355058 -0.031778 0.657933
v 0.348312 -0.050260 0.691845
v 0.340992 -0.061641 0.728643
v 0.348312 0.330673 0.730864
v 0.362670 0.319292 0.696201
v 0.375902 0.300810 0.664256
v 0.387500 0.275937 0.636255
v 0.397018 0.245630 0.613276
v 0.404091 0.211052 0.596201
v 0.408446 0.173534 0.585686
v 0.409917 0.134516 0.582136
v 0.408446 0.095498 0.585686
v 0.404091 0.057979 0.596201
v 0.397018 0.023402 0.613276
v 0.387500 -0.006906 0.636255
v 0.375902 -0.031778 0.664256
v 0.362670 -0.050260 0.696201
v 0.348312 -0.061641 0.730864
v 0.355058 0.330673 0.734469
v 0.375902 0.319292 0.703274
v 0.395112 0.300810 0.674524
v 0.411950 0.275937 0.649324
v 0.425768 0.245630 0.628643
v 0.436036 0.211052 0.613276
v 0.442359 0.173534 0.603813
v 0.444494 0.134516 0.600618
v 0.442359 0.095498 0.603813
v 0.436036 0.057979 0.613276
v 0.425768 0.023402 0.628643
v 0.411950 -0.006906 0.649324
v 0.395112 -0.031778 0.674524
v 0.375902 -0.050260 0.703274
v 0.355058 -0.061641 0.734469
v 0.360970 0.330673 0.739322
v 0.387500 0.319292 0.712792
v 0.411950 0.300810 0.688342
v 0.433380 0.275937 0.666911
v 0.450968 0.245630 0.649324
v 0.464036 0.211052 0.636255
v 0.472084 0.173534 0.628208
v 0.474802 0.134516 0.625490
v 0.472084 0.095498 0.628208
v 0.464036 0.057979 0.636255
v 0.450968 0.023402 0.649324
v 0.433380 -0.006906 0.666911
v 0.411950 -0.031778 0.688342
v 0.387500 -0.050260 0.712792
v 0.360970 -0.061641 0.739322
v 0.365823 0.330673 0.745234
v 0.397018 0.319292 0.724390
v 0.425768 0.300810 0.705180
v 0.450968 0.275937 0.688342
v 0.471649 0.245630 0.674524
v 0.487016 0.211052 0.664255
v 0.496479 0.173534 0.657933
v 0.499674 0.134516 0.655798
v 0.496479 0.095498 0.657933
v 0.487016 0.057979 0.664255
v 0.471649 0.023402 0.674524
v 0.450968 -0.006906 0.688342
v 0.425768 -0.031778 0.705180
v 0.397018 -0.050260 0.724390
v 0.365823 -0.061641 0.745234
v 0.369428 0.330673 0.751980
v 0.404091 0.319292 0.737622
v 0.436036 0.300810 0.724390
v 0.464037 0.275937 0.712792
v 0.487016 0.245630 0.703274
v 0.504091 0.211052 0.696201
v 0.514606 0.173534 0.691845
v 0.518156 0.134516 0.690375
v 0.514606 0.095498 0.691845
v 0.504091 0.057979 0.696201
v 0.487016 0.023402 0.703274
v 0.464037 -0.006906 0.712792
v 0.436036 -0.031778 0.724390
v 0.404091 -0.050260 0.737622
v 0.369428 -0.061641 0.751980
v 0.371649 0.330673 0.759299
v 0.408446 0.319292 0.751980
v 0.442359 0.300810 0.745234
v 0.472084 0.275937 0.739322
v 0.496479 0.245630 0.734469
v 0.514606 0.211052 0.730864
v 0.525768 0.173534 0.728643
v 0.529537 0.134516 0.727894
v 0.525768 0.095498 0.728643
v 0.514606 0.057979 0.730864
v 0.496479 0.023402 0.734469
v 0.472084 -0.006906 0.739322
v 0.442359 -0.031778 0.745234
v 0.408446 -0.050260 0.751980
v 0.371649 -0.061641 0.759299
v 0.372398 0.330673 0.766911
v 0.409917 0.319292 0.766911
v 0.474802 0.275937 0.766911
v 0.518156 0.211052 0.766911
v 0.518156 0.057979 0.766911
v 0.474802 -0.006906 0.766911
v 0.444494 -0.031778 0.766912
v 0.409917 -0.050260 0.766911
v 0.372398 -0.061641 0.766911
v 0.500000 0.000000 0.317002
v 0.490393 -0.097545 0.317002
v 0.461940 -0.191342 0.317002
v 0.415735 -0.277785 0.317002
v 0.353553 -0.353553 0.317002
v 0.277785 -0.415735 0.317002
v 0.191342 -0.461940 0.317002
v 0.097545 -0.490393 0.317002
v 0.000000 -0.500000 0.317002
v -0.097545 -0.490393 0.317002
v -0.191342 -0.461940 0.317002
v -0.277785 -0.415735 0.317002
v -0.353553 -0.353553 0.317002
v -0.415735 -0.277785 0.317002
v -0.461940 -0.191342 0.317002
v -0.490393 -0.097545 0.317002
v -0.500000 -0.000000 0.317002
v -0.490393 0.097545 0.317002
v -0.461940 0.191342 0.317002
v -0.415735 0.277785 0.317002
v -0.353553 0.353553 0.317002
v -0.277785 0.415735 0.317002
v -0.191342 0.461940 0.317002
v -0.097545 0.490393 0.317002
v -0.000000 0.500000 0.317002
v 0.097545 0.490393 0.317002
v 0.191342 0.461940 0.317002
v 0.277785 0.415735 0.317002
v 0.353553 0.353553 0.317002
v 0.415735 0.277785 0.317002
v 0.461940 0.191342 0.317002
v 0.490393 0.097545 0.317002
v 0.000000 0.000000 1.317002
vn 0.9527 -0.2890 0.0938
vn 0.4709 0.8810 0.0464
vn 0.8786 -0.4696 0.0865
vn 0.6332 0.7715 0.0624
vn 0.7708 -0.6326 0.0759
vn 0.7708 0.6326 0.0759
vn 0.6332 -0.7715 0.0624
vn 0.8786 0.4696 0.0865
vn 0.4709 -0.8810 0.0464
vn 0.9527 0.2890 0.0938
vn 0.2902 -0.9566 0.0286
vn 0.9904 0.0976 0.0976
vn 0.0980 0.9951 0.0097
vn 0.0980 -0.9951 0.0097
vn 0.9904 -0.0976 0.0975
vn 0.2902 0.9566 0.0286
vn 0.9524 -0.0975 0.2889
vn 0.2790 0.9566 0.0846
vn 0.9161 -0.2890 0.2779
vn 0.4528 0.8810 0.1374
vn 0.8448 -0.4696 0.2563
vn 0.6088 0.7715 0.1847
vn 0.7412 -0.6326 0.2248
vn 0.7412 0.6326 0.2248
vn 0.6088 -0.7715 0.1847
vn 0.8448 0.4696 0.2563
vn 0.4528 -0.8810 0.1374
vn 0.9161 0.2890 0.2779
vn 0.2790 -0.9566 0.0846
vn 0.9524 0.0975 0.2889
vn 0.0942 0.9951 0.0286
vn 0.0942 -0.9951 0.0286
vn 0.5611 -0.7715 0.2999
vn 0.7786 0.4696 0.4162
vn 0.4173 -0.8810 0.2230
vn 0.8443 0.2890 0.4513
vn 0.2571 -0.9566 0.1374
vn 0.8777 0.0975 0.4691
vn 0.0869 0.9951 0.0464
vn 0.0869 -0.9951 0.0464
vn 0.8777 -0.0975 0.4691
vn 0.2571 0.9566 0.1374
vn 0.8443 -0.2890 0.4513
vn 0.4173 0.8810 0.2231
vn 0.7786 -0.4696 0.4162
vn 0.5611 0.7715 0.2999
vn 0.6831 -0.6326 0.3651
vn 0.6831 0.6326 0.3651
vn 0.2254 0.9566 0.1850
vn 0.7400 -0.2890 0.6073
vn 0.3658 0.8810 0.3002
vn 0.6825 -0.4696 0.5601
vn 0.4918 0.7715 0.4036
vn 0.5987 -0.6326 0.4913
vn 0.5987 0.6326 0.4913
vn 0.4918 -0.7715 0.4036
vn 0.6825 0.4696 0.5601
vn 0.3658 -0.8810 0.3002
vn 0.7400 0.2890 0.6073
vn 0.2254 -0.9566 0.1850
vn 0.7693 0.0976 0.6314
vn 0.0761 0.9951 0.0625
vn 0.0761 -0.9951 0.0625
vn 0.7693 -0.0975 0.6314
vn 0.5601 0.4696 0.6825
vn 0.3002 -0.8810 0.3658
vn 0.6073 0.2890 0.7400
vn 0.1850 -0.9566 0.2254
vn 0.6314 0.0976 0.7693
vn 0.0625 0.9951 0.0761
vn 0.0625 -0.9951 0.0761
vn 0.6314 -0.0976 0.7693
vn 0.1850 0.9566 0.2254
vn 0.6073 -0.2890 0.7400
vn 0.3002 0.8810 0.3658
vn 0.5601 -0.4696 0.6825
vn 0.4036 0.7715 0.4918
vn 0.4913 -0.6326 0.5987
vn 0.4913 0.6326 0.5987
vn 0.4036 -0.7715 0.4918
vn 0.4513 -0.2890 0.8443
vn 0.2230 0.8810 0.4173
vn 0.4162 -0.4696 0.7786
vn 0.2999 0.7715 0.5611
vn 0.3651 -0.6326 0.6831
vn 0.3651 0.6326 0.6831
vn 0.2999 -0.7715 0.5611
vn 0.4162 0.4696 0.7786
vn 0.2230 -0.8810 0.4173
vn 0.4513 0.2890 0.8443
vn 0.1374 -0.9566 0.2571
vn 0.4691 0.0975 0.8777
vn 0.0464 0.9951 0.0869
vn 0.0464 -0.9951 0.0869
vn 0.4691 -0.0976 0.8777
vn 0.1374 0.9566 0.2571
vn 0.1374 -0.8810 0.4528
vn 0.2779 0.2890 0.9161
vn 0.0846 -0.9566 0.2790
vn 0.2889 0.0975 0.9524
vn 0.0286 0.9951 0.0942
vn 0.0286 -0.9951 0.0942
vn 0.2889 -0.0975 0.9524
vn 0.0846 0.9566 0.2790
vn 0.2779 -0.2890 0.9161
vn 0.1374 0.8810 0.4528
vn 0.2563 -0.4696 0.8448
vn 0.1847 0.7715 0.6088
vn 0.2248 -0.6326 0.7412
vn 0.2248 0.6326 0.7412
vn 0.1847 -0.7715 0.6088
vn 0.2563 0.4696 0.8448
vn 0.0865 -0.4696 0.8786
vn 0.0624 0.7715 0.6332
vn 0.0759 -0.6326 0.7708
vn 0.0759 0.6326 0.7708
vn 0.0624 -0.7715 0.6332
vn 0.0865 0.4696 0.8786
vn 0.0464 -0.8810 0.4709
vn 0.0938 0.2890 0.9527
vn 0.0286 -0.9566 0.2902
vn 0.0976 0.0976 0.9904
vn 0.0096 0.9951 0.0980
vn 0.0097 -0.9951 0.0980
vn 0.0975 -0.0975 0.9904
vn 0.0286 0.9566 0.2902
vn 0.0938 -0.2890 0.9527
vn 0.0464 0.8810 0.4709
vn -0.0286 -0.9566 0.2902
vn -0.0976 0.0975 0.9904
vn -0.0097 0.9951 0.0980
vn -0.0097 -0.9951 0.0980
vn -0.0975 -0.0976 0.9904
vn -0.0286 0.9566 0.2902
vn -0.0938 -0.2890 0.9527
vn -0.0464 0.8810 0.4709
vn -0.0865 -0.4696 0.8786
vn -0.0624 0.7715 0.6332
vn -0.0759 -0.6326 0.7708
vn -0.0759 0.6326 0.7708
vn -0.0624 -0.7715 0.6332
vn -0.0865 0.4696 0.8786
vn -0.0464 -0.8810 0.4709
vn -0.0938 0.2890 0.9527
vn -0.1847 0.7715 0.6088
vn -0.2248 -0.6326 0.7412
vn -0.2248 0.6326 0.7412
vn -0.1847 -0.7715 0.6088
vn -0.2563 0.4696 0.8448
vn -0.1374 -0.8810 0.4528
vn -0.2779 0.2890 0.9161
vn -0.0846 -0.9566 0.2790
vn -0.2889 0.0975 0.9524
vn -0.0286 0.9951 0.0942
vn -0.0286 -0.9951 0.0942
vn -0.2889 -0.0975 0.9524
vn -0.0846 0.9566 0.2790
vn -0.2779 -0.2890 0.9161
vn -0.1374 0.8810 0.4528
vn -0.2563 -0.4696 0.8449
vn -0.4691 0.0975 0.8777
vn -0.0464 0.9951 0.0869
vn -0.0464 -0.9951 0.0869
vn -0.4691 -0.0975 0.8777
vn -0.1374 0.9566 0.2571
vn -0.4513 -0.2890 0.8443
vn -0.2231 0.8810 0.4173
vn -0.4162 -0.4696 0.7786
vn -0.2999 0.7715 0.5611
vn -0.3651 -0.6326 0.6831
vn -0.3651 0.6326 0.6831
vn -0.2999 -0.7715 0.5611
vn -0.4162 0.4696 0.7786
vn -0.2230 -0.8810 0.4173
vn -0.4513 0.2890 0.8443
vn -0.1374 -0.9566 0.2571
vn -0.4913 -0.6326 0.5987
vn -0.4913 0.6326 0.5987
vn -0.4036 -0.7715 0.4918
vn -0.5601 0.4696 0.6825
vn -0.3002 -0.8810 0.3658
vn -0.6073 0.2890 0.7400
vn -0.1850 -0.9566 0.2254
vn -0.6314 0.0975 0.7693
vn -0.0625 0.9951 0.0761
vn -0.0625 -0.9951 0.0761
vn -0.6314 -0.0975 0.7693
vn -0.1850 0.9566 0.2254
vn -0.6073 -0.2890 0.7400
vn -0.3002 0.8810 0.3658
vn -0.5601 -0.4696 0.6825
vn -0.4036 0.7715 0.4918
vn -0.0761 0.9951 0.0625
vn -0.0761 -0.9951 0.0625
vn -0.7693 -0.0975 0.6314
vn -0.2254 0.9566 0.1850
vn -0.7400 -0.2890 0.6073
vn -0.3658 0.8810 0.3002
vn -0.6825 -0.4696 0.5601
vn -0.4918 0.7715 0.4036
vn -0.5987 -0.6326 0.4913
vn -0.5987 0.6326 0.4913
vn -0.4918 -0.7715 0.4036
vn -0.6825 0.4696 0.5601
vn -0.3658 -0.8810 0.3002
vn -0.7400 0.2890 0.6073
vn -0.2254 -0.9565 0.1850
vn -0.7693 0.0975 0.6314
vn -0.6831 0.6326 0.3651
vn -0.5611 -0.7715 0.2999
vn -0.7786 0.4696 0.4162
vn -0.4173 -0.8810 0.2230
vn -0.8443 0.2890 0.4513
vn -0.2571 -0.9566 0.1374
vn -0.8777 0.0975 0.4691
vn -0.0869 0.9951 0.0464
vn -0.0869 -0.9951 0.0464
vn -0.8777 -0.0975 0.4691
vn -0.2571 0.9566 0.1374
vn -0.8443 -0.2890 0.4513
vn -0.4173 0.8810 0.2230
vn -0.7786 -0.4696 0.4162
vn -0.5611 0.7715 0.2999
vn -0.6831 -0.6326 0.3651
vn -0.9524 -0.0975 0.2889
vn -0.2790 0.9566 0.0846
vn -0.9161 -0.2890 0.2779
vn -0.4528 0.8810 0.1374
vn -0.8448 -0.4696 0.2563
vn -0.6088 0.7715 0.1847
vn -0.7412 -0.6326 0.2248
vn -0.7412 0.6326 0.2248
vn -0.6088 -0.7715 0.1847
vn -0.8448 0.4696 0.2563
vn -0.4528 -0.8810 0.1374
vn -0.9161 0.2890 0.2779
vn -0.2790 -0.9566 0.0846
vn -0.9524 0.0976 0.2889
vn -0.0942 0.9951 0.0286
vn -0.0942 -0.9951 0.0286
vn -0.6332 -0.7715 0.0624
vn -0.8786 0.4696 0.0865
vn -0.4709 -0.8810 0.0464
vn -0.9527 0.2890 0.0938
vn -0.2902 -0.9566 0.0286
vn -0.9904 0.0975 0.0975
vn -0.0980 0.9951 0.0097
vn -0.0980 -0.9951 0.0097
vn -0.9904 -0.0976 0.0976
vn -0.2902 0.9566 0.0286
vn -0.9527 -0.2890 0.0938
vn -0.4709 0.8810 0.0464
vn -0.8786 -0.4696 0.0865
vn -0.6332 0.7715 0.0624
vn -0.7708 -0.6326 0.0759
vn -0.7708 0.6326 0.0759
vn -0.9527 -0.2890 -0.0938
vn -0.4709 0.8810 -0.0464
vn -0.8786 -0.4696 -0.0865
vn -0.6332 0.7715 -0.0624
vn -0.7708 -0.6326 -0.0759
vn -0.7708 0.6326 -0.0759
vn -0.6332 -0.7715 -0.0624
vn -0.8786 0.4696 -0.0865
vn -0.4709 -0.8810 -0.0464
vn -0.9527 0.2890 -0.0938
vn -0.2902 -0.9566 -0.0286
vn -0.9904 0.0976 -0.0975
vn -0.0980 0.9951 -0.0097
vn -0.0980 -0.9951 -0.0097
vn -0.9904 -0.0975 -0.0976
vn -0.2902 0.9566 -0.0286
vn -0.4528 -0.8810 -0.1374
vn -0.9161 0.2890 -0.2779
vn -0.2790 -0.9566 -0.0846
vn -0.9524 0.0975 -0.2889
vn -0.0942 0.9951 -0.0286
vn -0.0942 -0.9951 -0.0286
vn -0.9524 -0.0976 -0.2889
vn -0.2790 0.9566 -0.0846
vn -0.9161 -0.2890 -0.2779
vn -0.4528 0.8810 -0.1374
vn -0.8448 -0.4696 -0.2563
vn -0.6088 0.7715 -0.1847
vn -0.7412 -0.6326 -0.2248
vn -0.7412 0.6326 -0.2248
vn -0.6088 -0.7715 -0.1847
vn -0.8448 0.4696 -0.2563
vn -0.4173 0.8810 -0.2231
vn -0.7786 -0.4696 -0.4162
vn -0.5611 0.7715 -0.2999
vn -0.6831 -0.6326 -0.3651
vn -0.6831 0.6326 -0.3651
vn -0.5611 -0.7715 -0.2999
vn -0.7786 0.4696 -0.4162
vn -0.4173 -0.8810 -0.2230
vn -0.8443 0.2890 -0.4513
vn -0.2571 -0.9566 -0.1374
vn -0.8777 0.0975 -0.4691
vn -0.0869 0.9951 -0.0464
vn -0.0869 -0.9951 -0.0464
vn -0.8777 -0.0975 -0.4691
vn -0.2571 0.9566 -0.1374
vn -0.8443 -0.2890 -0.4513
vn -0.7400 0.2890 -0.6073
vn -0.2254 -0.9565 -0.1850
vn -0.7693 0.0975 -0.6314
vn -0.0761 0.9951 -0.0625
vn -0.0761 -0.9951 -0.0625
vn -0.7693 -0.0975 -0.6314
vn -0.2254 0.9566 -0.1850
vn -0.7400 -0.2890 -0.6073
vn -0.3658 0.8810 -0.3002
vn -0.6825 -0.4696 -0.5601
vn -0.4918 0.7715 -0.4036
vn -0.5987 -0.6326 -0.4913
vn -0.5987 0.6326 -0.4913
vn -0.4918 -0.7715 -0.4036
vn -0.6825 0.4696 -0.5601
vn -0.3658 -0.8810 -0.3002
vn -0.5601 -0.4696 -0.6825
vn -0.4036 0.7715 -0.4918
vn -0.4913 -0.6326 -0.5987
vn -0.4913 0.6326 -0.5987
vn -0.4036 -0.7715 -0.4918
vn -0.5601 0.4696 -0.6825
vn -0.3002 -0.8810 -0.3658
vn -0.6073 0.2890 -0.7400
vn -0.1850 -0.9566 -0.2254
vn -0.6314 0.0975 -0.7693
vn -0.0625 0.9951 -0.0761
vn -0.0625 -0.9951 -0.0761
vn -0.6314 -0.0975 -0.7693
vn -0.1850 0.9566 -0.2254
vn -0.6073 -0.2890 -0.7400
vn -0.3002 0.8810 -0.3658
vn -0.1374 -0.9566 -0.2571
vn -0.4692 0.0975 -0.8777
vn -0.0464 0.9951 -0.0869
vn -0.0464 -0.9951 -0.0869
vn -0.4691 -0.0975 -0.8777
vn -0.1374 0.9566 -0.2571
vn -0.4513 -0.2890 -0.8443
vn -0.2230 0.8810 -0.4173
vn -0.4162 -0.4696 -0.7786
vn -0.2999 0.7715 -0.5611
vn -0.3651 -0.6326 -0.6831
vn -0.3651 0.6326 -0.6831
vn -0.2999 -0.7715 -0.5611
vn -0.4162 0.4696 -0.7786
vn -0.2230 -0.8810 -0.4173
vn -0.4513 0.2890 -0.8443
vn -0.1847 0.7715 -0.6088
vn -0.2248 -0.6326 -0.7412
vn -0.2248 0.6326 -0.7412
vn -0.1847 -0.7715 -0.6088
vn -0.2563 0.4696 -0.8448
vn -0.1374 -0.8810 -0.4528
vn -0.2779 0.2890 -0.9161
vn -0.0846 -0.9566 -0.2790
vn -0.2889 0.0975 -0.9524
vn -0.0286 0.9951 -0.0942
vn -0.0286 -0.9951 -0.0942
vn -0.2889 -0.0975 -0.9524
vn -0.0846 0.9566 -0.2790
vn -0.2779 -0.2890 -0.9161
vn -0.1374 0.8810 -0.4528
vn -0.2563 -0.4696 -0.8448
vn -0.0976 0.0975 -0.9904
vn -0.0097 0.9951 -0.0980
vn -0.0097 -0.9951 -0.0980
vn -0.0976 -0.0975 -0.9904
vn -0.0286 0.9566 -0.2902
vn -0.0938 -0.2890 -0.9527
vn -0.0464 0.8810 -0.4709
vn -0.0865 -0.4696 -0.8786
vn -0.0624 0.7715 -0.6332
vn -0.0759 -0.6326 -0.7708
vn -0.0759 0.6326 -0.7708
vn -0.0624 -0.7715 -0.6332
vn -0.0865 0.4696 -0.8786
vn -0.0464 -0.8810 -0.4709
vn -0.0938 0.2890 -0.9527
vn -0.0286 -0.9566 -0.2902
vn 0.0759 -0.6326 -0.7708
vn 0.0759 0.6326 -0.7708
vn 0.0624 -0.7715 -0.6332
vn 0.0865 0.4696 -0.8786
vn 0.0464 -0.8810 -0.4709
vn 0.0938 0.2890 -0.9527
vn 0.0286 -0.9566 -0.2902
vn 0.0976 0.0975 -0.9904
vn 0.0096 0.9951 -0.0980
vn 0.0097 -0.9951 -0.0980
vn 0.0976 -0.0975 -0.9904
vn 0.0286 0.9566 -0.2902
vn 0.0938 -0.2890 -0.9527
vn 0.0464 0.8810 -0.4709
vn 0.0865 -0.4696 -0.8786
vn 0.0624 0.7715 -0.6332
vn 0.0286 -0.9951 -0.0942
vn 0.2889 -0.0975 -0.9524
vn 0.0846 0.9566 -0.2790
vn 0.2779 -0.2890 -0.9161
vn 0.1374 0.8810 -0.4528
vn 0.2563 -0.4696 -0.8448
vn 0.1847 0.7715 -0.6088
vn 0.2248 -0.6326 -0.7412
vn 0.2248 0.6326 -0.7412
vn 0.1847 -0.7715 -0.6088
vn 0.2563 0.4696 -0.8448
vn 0.1374 -0.8810 -0.4528
vn 0.2779 0.2890 -0.9161
vn 0.0846 -0.9566 -0.2790
vn 0.2889 0.0975 -0.9524
vn 0.0286 0.9951 -0.0942
vn 0.2999 -0.7715 -0.5611
vn 0.4162 0.4696 -0.7786
vn 0.2231 -0.8810 -0.4173
vn 0.4513 0.2890 -0.8443
vn 0.1374 -0.9566 -0.2571
vn 0.4691 0.0975 -0.8777
vn 0.0464 0.9951 -0.0869
vn 0.0464 -0.9951 -0.0869
vn 0.4691 -0.0975 -0.8777
vn 0.1374 0.9566 -0.2571
vn 0.4513 -0.2890 -0.8443
vn 0.2230 0.8810 -0.4173
vn 0.4162 -0.4696 -0.7786
vn 0.2999 0.7715 -0.5611
vn 0.3651 -0.6326 -0.6831
vn 0.3651 0.6326 -0.6831
vn 0.1850 0.9566 -0.2254
vn 0.6073 -0.2890 -0.7400
vn 0.3002 0.8810 -0.3658
vn 0.5601 -0.4696 -0.6825
vn 0.4036 0.7715 -0.4918
vn 0.4913 -0.6326 -0.5987
vn 0.4913 0.6326 -0.5987
vn 0.4036 -0.7715 -0.4918
vn 0.5601 0.4696 -0.6825
vn 0.3002 -0.8810 -0.3658
vn 0.6073 0.2890 -0.7400
vn 0.1850 -0.9566 -0.2254
vn 0.6314 0.0975 -0.7693
vn 0.0625 0.9951 -0.0761
vn 0.0625 -0.9951 -0.0761
vn 0.6314 -0.0975 -0.7693
vn 0.6825 0.4696 -0.5601
vn 0.3658 -0.8810 -0.3002
vn 0.7400 0.2890 -0.6073
vn 0.2254 -0.9565 -0.1850
vn 0.7693 0.0975 -0.6314
vn 0.0761 0.9951 -0.0625
vn 0.0761 -0.9951 -0.0625
vn 0.7693 -0.0975 -0.6314
vn 0.2254 0.9566 -0.1850
vn 0.7400 -0.2890 -0.6073
vn 0.3658 0.8810 -0.3002
vn 0.6825 -0.4696 -0.5601
vn 0.4918 0.7715 -0.4036
vn 0.5987 -0.6326 -0.4913
vn 0.5987 0.6326 -0.4913
vn 0.4918 -0.7715 -0.4036
vn 0.8443 -0.2890 -0.4513
vn 0.4173 0.8810 -0.2230
vn 0.7786 -0.4696 -0.4162
vn 0.5611 0.7715 -0.2999
vn 0.6831 -0.6326 -0.3651
vn 0.6831 0.6326 -0.3651
vn 0.5611 -0.7715 -0.2999
vn 0.7786 0.4696 -0.4162
vn 0.4173 -0.8810 -0.2230
vn 0.8443 0.2890 -0.4513
vn 0.2571 -0.9566 -0.1374
vn 0.8777 0.0975 -0.4692
vn 0.0869 0.9951 -0.0464
vn 0.0869 -0.9951 -0.0464
vn 0.8777 -0.0975 -0.4691
vn 0.2571 0.9566 -0.1374
vn 0.4528 -0.8810 -0.1374
vn 0.9161 0.2890 -0.2779
vn 0.2790 -0.9566 -0.0846
vn 0.9524 0.0975 -0.2889
vn 0.0942 0.9951 -0.0286
vn 0.0942 -0.9951 -0.0286
vn 0.9524 -0.0975 -0.2889
vn 0.2790 0.9566 -0.0846
vn 0.9161 -0.2890 -0.2779
vn 0.4528 0.8810 -0.1374
vn 0.8448 -0.4696 -0.2563
vn 0.6088 0.7715 -0.1847
vn 0.7412 -0.6326 -0.2248
vn 0.7412 0.6326 -0.2248
vn 0.6088 -0.7715 -0.1847
vn 0.8448 0.4696 -0.2563
vn 0.4709 0.8810 -0.0464
vn 0.8786 -0.4696 -0.0865
vn 0.6332 0.7715 -0.0624
vn 0.7708 -0.6326 -0.0759
vn 0.7708 0.6326 -0.0759
vn 0.6332 -0.7715 -0.0624
vn 0.8786 0.4696 -0.0865
vn 0.4709 -0.8810 -0.0464
vn 0.9527 0.2890 -0.0938
vn 0.2902 -0.9566 -0.0286
vn 0.9904 0.0976 -0.0976
vn 0.0980 0.9951 -0.0097
vn 0.0980 -0.9951 -0.0097
vn 0.9904 -0.0975 -0.0976
vn 0.2902 0.9566 -0.0286
vn 0.9527 -0.2890 -0.0938
vn 0.9904 0.0975 0.0975
vn 0.9904 -0.0975 0.0976
vn 0.8449 -0.4696 0.2563
vn 0.8449 0.4696 0.2563
vn 0.4173 -0.8810 0.2231
vn 0.4173 0.8810 0.2230
vn 0.2254 0.9565 0.1850
vn 0.7693 0.0975 0.6314
vn 0.7693 -0.0976 0.6314
vn 0.4691 0.0976 0.8777
vn 0.4691 -0.0975 0.8777
vn 0.0975 0.0975 0.9904
vn 0.0976 -0.0976 0.9904
vn -0.0975 0.0976 0.9904
vn -0.0976 -0.0975 0.9904
vn -0.2563 0.4696 0.8449
vn -0.2563 -0.4696 0.8448
vn -0.2230 0.8810 0.4173
vn -0.2231 -0.8810 0.4173
vn -0.2254 0.9565 0.1850
vn -0.2254 -0.9566 0.1850
vn -0.9524 -0.0976 0.2889
vn -0.9524 0.0975 0.2889
vn -0.9904 0.0976 0.0976
vn -0.9904 -0.0975 0.0975
vn -0.9904 0.0975 -0.0976
vn -0.9904 -0.0976 -0.0975
vn -0.2902 0.9565 -0.0286
vn -0.9524 0.0976 -0.2889
vn -0.9524 -0.0975 -0.2889
vn -0.4173 0.8810 -0.2230
vn -0.4173 -0.8810 -0.2231
vn -0.2254 -0.9566 -0.1850
vn -0.2254 0.9565 -0.1850
vn -0.4691 0.0975 -0.8777
vn -0.4692 -0.0975 -0.8777
vn 0.2230 -0.8810 -0.4173
vn 0.2231 0.8810 -0.4173
vn 0.2254 -0.9566 -0.1850
vn 0.8777 0.0975 -0.4691
vn 0.8777 -0.0975 -0.4692
vn 0.2571 0.9565 -0.1374
vn 0.9904 0.0975 -0.0976
vn 0.9904 -0.0976 -0.0976
vn 0.2902 0.9565 -0.0286
vn 0.8820 0.4667 0.0650
vn 0.4698 -0.8825 0.0234
vn 0.9558 0.2858 0.0682
vn 0.2884 -0.9575 0.0102
vn 0.9932 0.0943 0.0689
vn 0.1009 0.9948 0.0167
vn 0.0957 -0.9954 -0.0034
vn 0.9927 -0.1008 0.0669
vn 0.2934 0.9555 0.0296
vn 0.9543 -0.2922 0.0624
vn 0.4744 0.8794 0.0412
vn 0.8796 -0.4725 0.0555
vn 0.6367 0.7694 0.0512
vn 0.7711 -0.6351 0.0465
vn 0.7743 0.6300 0.0593
vn 0.6327 -0.7736 0.0356
vn 0.7459 -0.6365 0.1962
vn 0.7492 0.6285 0.2090
vn 0.6121 -0.7747 0.1586
vn 0.8533 0.4650 0.2357
vn 0.4544 -0.8834 0.1149
vn 0.9247 0.2841 0.2533
vn 0.2789 -0.9580 0.0665
vn 0.9608 0.0924 0.2613
vn 0.0976 0.9946 0.0359
vn 0.0925 -0.9956 0.0156
vn 0.9603 -0.1027 0.2593
vn 0.2839 0.9550 0.0859
vn 0.9232 -0.2939 0.2475
vn 0.4590 0.8785 0.1327
vn 0.8509 -0.4741 0.2262
vn 0.6161 0.7682 0.1742
vn 0.0856 -0.9958 0.0338
vn 0.8911 -0.1043 0.4417
vn 0.2636 0.9545 0.1394
vn 0.8566 -0.2955 0.4229
vn 0.4261 0.8777 0.2194
vn 0.7895 -0.4756 0.3880
vn 0.5718 0.7671 0.2908
vn 0.6920 -0.6378 0.3381
vn 0.6953 0.6272 0.3509
vn 0.5678 -0.7758 0.2752
vn 0.7919 0.4636 0.3975
vn 0.4214 -0.8842 0.2016
vn 0.8581 0.2824 0.4288
vn 0.2586 -0.9585 0.1201
vn 0.8916 0.0907 0.4437
vn 0.0908 0.9944 0.0538
vn 0.5016 -0.7767 0.3809
vn 0.7001 0.4623 0.5442
vn 0.3723 -0.8848 0.2802
vn 0.7586 0.2811 0.5878
vn 0.2283 -0.9589 0.1685
vn 0.7881 0.0893 0.6091
vn 0.0806 0.9943 0.0702
vn 0.0754 -0.9959 0.0501
vn 0.7876 -0.1057 0.6071
vn 0.2333 0.9541 0.1878
vn 0.7571 -0.2969 0.5820
vn 0.3768 0.8770 0.2980
vn 0.6977 -0.4769 0.5347
vn 0.5056 0.7662 0.3965
vn 0.6115 -0.6389 0.4668
vn 0.6147 0.6261 0.4796
vn 0.1941 0.9538 0.2294
vn 0.6284 -0.2979 0.7186
vn 0.3132 0.8765 0.3655
vn 0.5790 -0.4778 0.6607
vn 0.4201 0.7655 0.4873
vn 0.5073 -0.6398 0.5774
vn 0.5106 0.6253 0.5901
vn 0.4161 -0.7774 0.4717
vn 0.5814 0.4614 0.6702
vn 0.3086 -0.8853 0.3477
vn 0.6299 0.2801 0.7244
vn 0.1891 -0.9592 0.2101
vn 0.6543 0.0882 0.7511
vn 0.0673 0.9942 0.0843
vn 0.0621 -0.9960 0.0642
vn 0.6538 -0.1068 0.7491
vn 0.4404 0.4607 0.7706
vn 0.2331 -0.8857 0.4015
vn 0.4770 0.2794 0.8333
vn 0.1426 -0.9594 0.2432
vn 0.4954 0.0875 0.8643
vn 0.0515 0.9941 0.0955
vn 0.0464 -0.9961 0.0754
vn 0.4949 -0.1076 0.8623
vn 0.1475 0.9536 0.2626
vn 0.4755 -0.2986 0.8275
vn 0.2377 0.8762 0.4193
vn 0.4380 -0.4785 0.7610
vn 0.3185 0.7651 0.5597
vn 0.3837 -0.6403 0.6654
vn 0.3869 0.6247 0.6782
vn 0.3145 -0.7779 0.5441
vn 0.3043 -0.2990 0.9044
vn 0.1531 0.8760 0.4574
vn 0.2801 -0.4788 0.8320
vn 0.2048 0.7648 0.6108
vn 0.2452 -0.6406 0.7277
vn 0.2485 0.6245 0.7405
vn 0.2007 -0.7781 0.5952
vn 0.2826 0.4604 0.8415
vn 0.1485 -0.8859 0.4396
vn 0.3059 0.2790 0.9103
vn 0.0904 -0.9595 0.2667
vn 0.3174 0.0872 0.9443
vn 0.0341 0.9941 0.1034
vn 0.0288 -0.9961 0.0833
vn 0.3169 -0.1079 0.9423
vn 0.0954 0.9535 0.2860
vn 0.0581 -0.8858 0.4604
vn 0.1230 0.2791 0.9524
vn 0.0347 -0.9595 0.2795
vn 0.1273 0.0872 0.9880
vn 0.0152 0.9941 0.1077
vn 0.0100 -0.9961 0.0876
vn 0.1268 -0.1079 0.9860
vn 0.0398 0.9535 0.2988
vn 0.1215 -0.2989 0.9465
vn 0.0627 0.8760 0.4782
vn 0.1115 -0.4787 0.8708
vn 0.0832 0.7649 0.6388
vn 0.0973 -0.6405 0.7617
vn 0.1005 0.6245 0.7745
vn 0.0792 -0.7781 0.6232
vn 0.1139 0.4605 0.8803
vn -0.0300 0.8762 0.4810
vn -0.0615 -0.4783 0.8760
vn -0.0414 0.7652 0.6425
vn -0.0545 -0.6402 0.7663
vn -0.0513 0.6248 0.7791
vn -0.0454 -0.7778 0.6269
vn -0.0591 0.4609 0.8855
vn -0.0346 -0.8856 0.4631
vn -0.0646 0.2795 0.9580
vn -0.0224 -0.9594 0.2812
vn -0.0677 0.0877 0.9938
vn -0.0042 0.9941 0.1083
vn -0.0093 -0.9961 0.0882
vn -0.0682 -0.1074 0.9919
vn -0.0174 0.9536 0.3006
vn -0.0661 -0.2985 0.9521
vn -0.2497 0.2803 0.9269
vn -0.0787 -0.9591 0.2717
vn -0.2601 0.0885 0.9615
vn -0.0232 0.9942 0.1051
vn -0.0283 -0.9960 0.0850
vn -0.2606 -0.1066 0.9595
vn -0.0738 0.9538 0.2911
vn -0.2512 -0.2977 0.9210
vn -0.1215 0.8766 0.4656
vn -0.2322 -0.4776 0.8473
vn -0.1644 0.7657 0.6218
vn -0.2043 -0.6396 0.7411
vn -0.2010 0.6255 0.7539
vn -0.1685 -0.7773 0.6062
vn -0.2298 0.4616 0.8568
vn -0.1261 -0.8852 0.4478
vn -0.3940 -0.4766 0.7859
vn -0.2810 0.7664 0.5776
vn -0.3462 -0.6386 0.6872
vn -0.3429 0.6264 0.7000
vn -0.2850 -0.7765 0.5620
vn -0.3915 0.4626 0.7954
vn -0.2128 -0.8847 0.4148
vn -0.4252 0.2814 0.8603
vn -0.1323 -0.9588 0.2514
vn -0.4425 0.0897 0.8923
vn -0.0412 0.9943 0.0983
vn -0.0465 -0.9959 0.0781
vn -0.4430 -0.1054 0.8903
vn -0.1272 0.9542 0.2708
vn -0.4267 -0.2965 0.8544
vn -0.2082 0.8772 0.4327
vn -0.1807 -0.9584 0.2211
vn -0.6079 0.0912 0.7888
vn -0.0576 0.9945 0.0880
vn -0.0628 -0.9957 0.0679
vn -0.6084 -0.1039 0.7868
vn -0.1757 0.9546 0.2404
vn -0.5857 -0.2951 0.7549
vn -0.2868 0.8779 0.3835
vn -0.5407 -0.4753 0.6941
vn -0.3868 0.7674 0.5114
vn -0.4749 -0.6375 0.6067
vn -0.4716 0.6275 0.6195
vn -0.3908 -0.7755 0.4958
vn -0.5383 0.4640 0.7036
vn -0.2914 -0.8840 0.3656
vn -0.5842 0.2828 0.7607
vn -0.5854 -0.6361 0.5026
vn -0.5821 0.6289 0.5154
vn -0.4816 -0.7744 0.4103
vn -0.6642 0.4655 0.5849
vn -0.3589 -0.8831 0.3020
vn -0.7208 0.2845 0.6320
vn -0.2222 -0.9579 0.1820
vn -0.7499 0.0929 0.6550
vn -0.0716 0.9946 0.0749
vn -0.0768 -0.9955 0.0547
vn -0.7504 -0.1022 0.6530
vn -0.2173 0.9551 0.2013
vn -0.7223 -0.2935 0.6262
vn -0.3543 0.8787 0.3198
vn -0.6667 -0.4737 0.5754
vn -0.4775 0.7685 0.4259
vn -0.0828 0.9948 0.0591
vn -0.0880 -0.9954 0.0389
vn -0.8636 -0.1003 0.4941
vn -0.2505 0.9557 0.1547
vn -0.8312 -0.2917 0.4734
vn -0.4082 0.8796 0.2443
vn -0.7671 -0.4720 0.4345
vn -0.5499 0.7697 0.3243
vn -0.6735 -0.6347 0.3789
vn -0.6702 0.6304 0.3917
vn -0.5539 -0.7732 0.3087
vn -0.7646 0.4672 0.4440
vn -0.4127 -0.8822 0.2265
vn -0.8297 0.2863 0.4792
vn -0.2554 -0.9573 0.1354
vn -0.8631 0.0948 0.4961
vn -0.7325 0.6319 0.2532
vn -0.6051 -0.7719 0.1950
vn -0.8356 0.4689 0.2861
vn -0.4508 -0.8813 0.1419
vn -0.9067 0.2883 0.3080
vn -0.2789 -0.9567 0.0832
vn -0.9431 0.0968 0.3182
vn -0.0908 0.9950 0.0414
vn -0.0959 -0.9952 0.0213
vn -0.9436 -0.0983 0.3162
vn -0.2738 0.9563 0.1026
vn -0.9082 -0.2897 0.3022
vn -0.4462 0.8806 0.1597
vn -0.8380 -0.4703 0.2766
vn -0.6010 0.7710 0.2106
vn -0.7358 -0.6331 0.2404
vn -0.9873 -0.0962 0.1261
vn -0.2867 0.9569 0.0469
vn -0.9502 -0.2878 0.1193
vn -0.4670 0.8815 0.0693
vn -0.8769 -0.4685 0.1080
vn -0.6290 0.7723 0.0890
vn -0.7698 -0.6315 0.0925
vn -0.7665 0.6335 0.1053
vn -0.6330 -0.7706 0.0734
vn -0.8744 0.4707 0.1175
vn -0.4716 -0.8803 0.0515
vn -0.9487 0.2902 0.1252
vn -0.2917 -0.9561 0.0276
vn -0.9868 0.0988 0.1281
vn -0.0951 0.9952 0.0227
vn -0.1003 -0.9950 0.0026
vn -0.6367 -0.7694 -0.0512
vn -0.8796 0.4725 -0.0555
vn -0.4744 -0.8794 -0.0412
vn -0.9543 0.2921 -0.0624
vn -0.2934 -0.9555 -0.0296
vn -0.9927 0.1008 -0.0669
vn -0.0957 0.9954 0.0032
vn -0.1008 -0.9948 -0.0168
vn -0.9932 -0.0943 -0.0689
vn -0.2884 0.9574 -0.0102
vn -0.9558 -0.2859 -0.0683
vn -0.4698 0.8825 -0.0234
vn -0.8820 -0.4667 -0.0650
vn -0.6327 0.7736 -0.0356
vn -0.7743 -0.6300 -0.0593
vn -0.7710 0.6351 -0.0464
vn -0.2789 0.9580 -0.0666
vn -0.9247 -0.2840 -0.2533
vn -0.4544 0.8834 -0.1149
vn -0.8533 -0.4651 -0.2357
vn -0.6121 0.7747 -0.1586
vn -0.7492 -0.6285 -0.2090
vn -0.7459 0.6365 -0.1962
vn -0.6161 -0.7682 -0.1742
vn -0.8509 0.4741 -0.2262
vn -0.4590 -0.8785 -0.1327
vn -0.9232 0.2939 -0.2475
vn -0.2839 -0.9550 -0.0859
vn -0.9603 0.1027 -0.2593
vn -0.0925 0.9956 -0.0156
vn -0.0977 -0.9946 -0.0358
vn -0.9608 -0.0924 -0.2613
vn -0.7895 0.4756 -0.3880
vn -0.4261 -0.8777 -0.2194
vn -0.8566 0.2955 -0.4229
vn -0.2636 -0.9545 -0.1395
vn -0.8911 0.1043 -0.4417
vn -0.0856 0.9958 -0.0338
vn -0.0908 -0.9944 -0.0539
vn -0.8916 -0.0908 -0.4437
vn -0.2586 0.9585 -0.1200
vn -0.8581 -0.2824 -0.4288
vn -0.4215 0.8842 -0.2015
vn -0.7919 -0.4636 -0.3975
vn -0.5678 0.7758 -0.2752
vn -0.6953 -0.6272 -0.3509
vn -0.6920 0.6378 -0.3381
vn -0.5718 -0.7671 -0.2908
vn -0.7586 -0.2811 -0.5879
vn -0.3722 0.8848 -0.2802
vn -0.7001 -0.4623 -0.5442
vn -0.5016 0.7767 -0.3809
vn -0.6147 -0.6261 -0.4796
vn -0.6115 0.6389 -0.4668
vn -0.5056 -0.7662 -0.3965
vn -0.6977 0.4769 -0.5347
vn -0.3769 -0.8770 -0.2980
vn -0.7571 0.2969 -0.5820
vn -0.2333 -0.9541 -0.1878
vn -0.7876 0.1057 -0.6071
vn -0.0754 0.9959 -0.0501
vn -0.0806 -0.9943 -0.0702
vn -0.7881 -0.0893 -0.6091
vn -0.2283 0.9589 -0.1685
vn -0.3132 -0.8765 -0.3656
vn -0.6284 0.2979 -0.7186
vn -0.1941 -0.9538 -0.2294
vn -0.6538 0.1068 -0.7491
vn -0.0622 0.9960 -0.0642
vn -0.0673 -0.9942 -0.0843
vn -0.6543 -0.0883 -0.7511
vn -0.1891 0.9592 -0.2101
vn -0.6299 -0.2801 -0.7244
vn -0.3087 0.8853 -0.3477
vn -0.5814 -0.4614 -0.6701
vn -0.4161 0.7774 -0.4717
vn -0.5106 -0.6253 -0.5902
vn -0.5073 0.6397 -0.5774
vn -0.4201 -0.7655 -0.4873
vn -0.5790 0.4778 -0.6607
vn -0.4404 -0.4607 -0.7706
vn -0.3145 0.7779 -0.5440
vn -0.3870 -0.6247 -0.6782
vn -0.3837 0.6403 -0.6654
vn -0.3185 -0.7651 -0.5596
vn -0.4380 0.4785 -0.7611
vn -0.2377 -0.8762 -0.4193
vn -0.4755 0.2986 -0.8275
vn -0.1475 -0.9536 -0.2626
vn -0.4949 0.1076 -0.8623
vn -0.0465 0.9961 -0.0753
vn -0.0516 -0.9941 -0.0955
vn -0.4954 -0.0875 -0.8643
vn -0.1426 0.9594 -0.2432
vn -0.4770 -0.2793 -0.8333
vn -0.2331 0.8857 -0.4015
vn -0.0954 -0.9535 -0.2860
vn -0.3169 0.1079 -0.9423
vn -0.0287 0.9961 -0.0833
vn -0.0340 -0.9941 -0.1034
vn -0.3174 -0.0872 -0.9443
vn -0.0904 0.9595 -0.2667
vn -0.3059 -0.2790 -0.9103
vn -0.1485 0.8859 -0.4396
vn -0.2826 -0.4604 -0.8415
vn -0.2008 0.7781 -0.5952
vn -0.2485 -0.6245 -0.7405
vn -0.2452 0.6406 -0.7277
vn -0.2048 -0.7648 -0.6108
vn -0.2802 0.4788 -0.8320
vn -0.1530 -0.8760 -0.4574
vn -0.3044 0.2990 -0.9044
vn -0.0792 0.7781 -0.6232
vn -0.1005 -0.6245 -0.7745
vn -0.0972 0.6406 -0.7617
vn -0.0832 -0.7649 -0.6388
vn -0.1115 0.4787 -0.8708
vn -0.0627 -0.8760 -0.4782
vn -0.1214 0.2989 -0.9465
vn -0.0397 -0.9535 -0.2988
vn -0.1268 0.1079 -0.9860
vn -0.0100 0.9961 -0.0876
vn -0.0152 -0.9941 -0.1077
vn -0.1273 -0.0872 -0.9880
vn -0.0347 0.9595 -0.2795
vn -0.1230 -0.2791 -0.9524
vn -0.0581 0.8858 -0.4604
vn -0.1139 -0.4604 -0.8803
vn 0.0682 0.1074 -0.9919
vn 0.0093 0.9961 -0.0882
vn 0.0042 -0.9941 -0.1083
vn 0.0677 -0.0877 -0.9938
vn 0.0224 0.9594 -0.2812
vn 0.0646 -0.2795 -0.9580
vn 0.0346 0.8856 -0.4631
vn 0.0591 -0.4608 -0.8855
vn 0.0454 0.7778 -0.6269
vn 0.0512 -0.6249 -0.7791
vn 0.0545 0.6402 -0.7663
vn 0.0414 -0.7651 -0.6425
vn 0.0615 0.4783 -0.8760
vn 0.0300 -0.8762 -0.4809
vn 0.0661 0.2985 -0.9521
vn 0.0174 -0.9536 -0.3005
vn 0.2010 -0.6255 -0.7539
vn 0.2043 0.6396 -0.7411
vn 0.1645 -0.7657 -0.6218
vn 0.2322 0.4776 -0.8473
vn 0.1215 -0.8766 -0.4656
vn 0.2512 0.2977 -0.9210
vn 0.0737 -0.9539 -0.2911
vn 0.2606 0.1066 -0.9595
vn 0.0283 0.9960 -0.0850
vn 0.0231 -0.9942 -0.1051
vn 0.2601 -0.0885 -0.9615
vn 0.0787 0.9591 -0.2717
vn 0.2497 -0.2803 -0.9269
vn 0.1261 0.8852 -0.4478
vn 0.2298 -0.4616 -0.8568
vn 0.1685 0.7772 -0.6062
vn 0.0464 0.9959 -0.0782
vn 0.0412 -0.9943 -0.0982
vn 0.4425 -0.0897 -0.8923
vn 0.1322 0.9588 -0.2514
vn 0.4251 -0.2814 -0.8603
vn 0.2128 0.8847 -0.4148
vn 0.3915 -0.4626 -0.7954
vn 0.2850 0.7765 -0.5620
vn 0.3429 -0.6264 -0.7000
vn 0.3462 0.6386 -0.6872
vn 0.2810 -0.7664 -0.5776
vn 0.3940 0.4766 -0.7859
vn 0.2082 -0.8772 -0.4327
vn 0.4266 0.2965 -0.8544
vn 0.1272 -0.9542 -0.2708
vn 0.4430 0.1054 -0.8903
vn 0.4749 0.6375 -0.6067
vn 0.3868 -0.7674 -0.5114
vn 0.5407 0.4753 -0.6941
vn 0.2869 -0.8779 -0.3834
vn 0.5857 0.2951 -0.7549
vn 0.1757 -0.9546 -0.2405
vn 0.6084 0.1039 -0.7868
vn 0.0628 0.9957 -0.0679
vn 0.0576 -0.9945 -0.0880
vn 0.6079 -0.0912 -0.7888
vn 0.1806 0.9584 -0.2212
vn 0.5842 -0.2828 -0.7607
vn 0.2914 0.8840 -0.3656
vn 0.5383 -0.4639 -0.7036
vn 0.3908 0.7755 -0.4958
vn 0.4716 -0.6275 -0.6195
vn 0.7499 -0.0929 -0.6550
vn 0.2222 0.9579 -0.1819
vn 0.7208 -0.2845 -0.6320
vn 0.3590 0.8831 -0.3020
vn 0.6642 -0.4655 -0.5849
vn 0.4816 0.7744 -0.4103
vn 0.5821 -0.6289 -0.5154
vn 0.5854 0.6362 -0.5026
vn 0.4775 -0.7685 -0.4259
vn 0.6667 0.4737 -0.5754
vn 0.3543 -0.8787 -0.3199
vn 0.7223 0.2935 -0.6262
vn 0.2173 -0.9551 -0.2012
vn 0.7504 0.1022 -0.6530
vn 0.0769 0.9955 -0.0546
vn 0.0717 -0.9946 -0.0747
vn 0.5499 -0.7697 -0.3243
vn 0.7671 0.4721 -0.4345
vn 0.4082 -0.8796 -0.2443
vn 0.8312 0.2916 -0.4733
vn 0.2504 -0.9557 -0.1547
vn 0.8636 0.1003 -0.4942
vn 0.0880 0.9954 -0.0389
vn 0.0828 -0.9948 -0.0591
vn 0.8631 -0.0948 -0.4961
vn 0.2554 0.9573 -0.1354
vn 0.8297 -0.2863 -0.4792
vn 0.4128 0.8822 -0.2265
vn 0.7646 -0.4672 -0.4440
vn 0.5539 0.7732 -0.3087
vn 0.6702 -0.6304 -0.3917
vn 0.6735 0.6347 -0.3789
vn 0.9067 -0.2883 -0.3080
vn 0.4508 0.8813 -0.1419
vn 0.8356 -0.4689 -0.2861
vn 0.6050 0.7720 -0.1949
vn 0.7325 -0.6319 -0.2532
vn 0.7358 0.6331 -0.2404
vn 0.6011 -0.7710 -0.2106
vn 0.8380 0.4703 -0.2766
vn 0.4462 -0.8806 -0.1597
vn 0.9082 0.2897 -0.3022
vn 0.2739 -0.9563 -0.1026
vn 0.9436 0.0983 -0.3162
vn 0.0959 0.9952 -0.0214
vn 0.0907 -0.9950 -0.0415
vn 0.9431 -0.0968 -0.3182
vn 0.2789 0.9567 -0.0832
vn 0.4670 -0.8815 -0.0693
vn 0.9502 0.2877 -0.1193
vn 0.2867 -0.9569 -0.0469
vn 0.9873 0.0963 -0.1261
vn 0.1003 0.9950 -0.0024
vn 0.0951 -0.9952 -0.0226
vn 0.9868 -0.0988 -0.1281
vn 0.2917 0.9561 -0.0276
vn 0.9487 -0.2902 -0.1251
vn 0.4716 0.8803 -0.0515
vn 0.8744 -0.4707 -0.1175
vn 0.6330 0.7707 -0.0734
vn 0.7665 -0.6335 -0.1053
vn 0.7698 0.6315 -0.0925
vn 0.6290 -0.7723 -0.0890
vn 0.8769 0.4685 -0.1080
vn 0.9558 0.2859 0.0683
vn 0.2935 0.9555 0.0298
vn 0.9543 -0.2921 0.0624
vn 0.6120 -0.7748 0.1586
vn 0.4544 -0.8834 0.1148
vn 0.2789 -0.9580 0.0666
vn 0.2839 0.9550 0.0860
vn 0.8509 -0.4742 0.2262
vn 0.2637 0.9545 0.1393
vn 0.4260 0.8777 0.2194
vn 0.4215 -0.8842 0.2016
vn 0.8581 0.2825 0.4288
vn 0.7585 0.2811 0.5879
vn 0.2283 -0.9589 0.1684
vn 0.1941 0.9538 0.2295
vn 0.3133 0.8765 0.3655
vn 0.5790 -0.4779 0.6606
vn 0.5073 -0.6398 0.5773
vn 0.5106 0.6253 0.5902
vn 0.3087 -0.8853 0.3477
vn 0.6543 0.0883 0.7511
vn 0.4949 -0.1075 0.8623
vn 0.2377 0.8762 0.4194
vn 0.4380 -0.4785 0.7611
vn 0.3870 0.6247 0.6782
vn 0.3044 -0.2990 0.9044
vn 0.1530 0.8760 0.4574
vn 0.2802 -0.4788 0.8320
vn 0.0955 0.9535 0.2860
vn 0.0348 -0.9595 0.2795
vn 0.1268 -0.1078 0.9860
vn 0.1214 -0.2989 0.9465
vn 0.1115 -0.4788 0.8708
vn 0.0972 -0.6406 0.7617
vn 0.1139 0.4604 0.8803
vn -0.0300 0.8762 0.4809
vn -0.0615 -0.4784 0.8760
vn -0.0415 0.7652 0.6425
vn -0.0512 0.6249 0.7791
vn -0.0591 0.4608 0.8855
vn -0.0788 -0.9591 0.2717
vn -0.1685 -0.7772 0.6062
vn -0.2297 0.4616 0.8568
vn -0.3462 -0.6387 0.6872
vn -0.2851 -0.7765 0.5620
vn -0.4251 0.2814 0.8603
vn -0.1322 -0.9588 0.2515
vn -0.4266 -0.2966 0.8544
vn -0.1757 0.9546 0.2405
vn -0.2868 0.8779 0.3834
vn -0.3867 0.7674 0.5114
vn -0.4716 0.6276 0.6195
vn -0.5382 0.4639 0.7036
vn -0.5854 -0.6362 0.5026
vn -0.2223 -0.9579 0.1819
vn -0.2172 0.9551 0.2014
vn -0.6667 -0.4738 0.5754
vn -0.2504 0.9557 0.1547
vn -0.8312 -0.2916 0.4733
vn -0.7671 -0.4721 0.4345
vn -0.2788 -0.9567 0.0833
vn -0.2739 0.9563 0.1025
vn -0.4462 0.8806 0.1598
vn -0.2867 0.9569 0.0467
vn -0.6290 0.7723 0.0891
vn -0.9487 0.2902 0.1251
vn -0.2917 -0.9561 0.0275
vn -0.4743 -0.8794 -0.0412
vn -0.2934 -0.9555 -0.0295
vn -0.2884 0.9575 -0.0098
vn -0.9558 -0.2858 -0.0683
vn -0.6327 0.7735 -0.0356
vn -0.7711 0.6351 -0.0465
vn -0.2789 0.9580 -0.0665
vn -0.6120 0.7748 -0.1586
vn -0.8509 0.4742 -0.2262
vn -0.2839 -0.9550 -0.0860
vn -0.2636 -0.9545 -0.1393
vn -0.8916 -0.0907 -0.4437
vn -0.2586 0.9585 -0.1201
vn -0.8581 -0.2825 -0.4288
vn -0.3723 0.8848 -0.2802
vn -0.6976 0.4769 -0.5347
vn -0.7876 0.1058 -0.6071
vn -0.3133 -0.8765 -0.3655
vn -0.1941 -0.9538 -0.2295
vn -0.1891 0.9592 -0.2100
vn -0.3086 0.8853 -0.3477
vn -0.5106 -0.6253 -0.5901
vn -0.5074 0.6398 -0.5773
vn -0.3145 0.7779 -0.5441
vn -0.3869 -0.6247 -0.6782
vn -0.3185 -0.7651 -0.5597
vn -0.1476 -0.9536 -0.2626
vn -0.0903 0.9595 -0.2667
vn -0.1485 0.8858 -0.4396
vn -0.2007 0.7781 -0.5952
vn -0.1531 -0.8760 -0.4574
vn -0.3044 0.2989 -0.9044
vn -0.1268 0.1078 -0.9861
vn -0.1139 -0.4605 -0.8803
vn 0.0414 -0.7652 -0.6425
vn 0.0615 0.4784 -0.8760
vn 0.0300 -0.8762 -0.4810
vn 0.0174 -0.9536 -0.3006
vn 0.1644 -0.7657 -0.6218
vn 0.0738 -0.9538 -0.2911
vn 0.1260 0.8852 -0.4478
vn 0.2297 -0.4616 -0.8568
vn 0.1322 0.9588 -0.2515
vn 0.4252 -0.2814 -0.8603
vn 0.3462 0.6387 -0.6872
vn 0.1757 -0.9546 -0.2404
vn 0.1807 0.9584 -0.2211
vn 0.4716 -0.6276 -0.6195
vn 0.2223 0.9579 -0.1819
vn 0.3589 0.8831 -0.3020
vn 0.3544 -0.8787 -0.3199
vn 0.2173 -0.9551 -0.2013
vn 0.8312 0.2917 -0.4733
vn 0.8636 0.1003 -0.4941
vn 0.9067 -0.2882 -0.3080
vn 0.6050 0.7720 -0.1950
vn 0.6010 -0.7710 -0.2105
vn 0.2788 0.9567 -0.0833
vn 0.2917 0.9561 -0.0274
vn 0.9487 -0.2902 -0.1252
vn 0.6290 -0.7723 -0.0891
vn 0.0980 0.9951 0.0096
vn 0.0980 -0.9951 0.0096
vn 0.9904 -0.0975 0.0975
vn 0.2902 0.9565 0.0286
vn 0.7708 -0.6325 0.0759
vn 0.6331 -0.7715 0.0624
vn 0.7412 -0.6325 0.2248
vn 0.4528 -0.8810 0.1373
vn 0.2790 -0.9565 0.0847
vn 0.8777 -0.0975 0.4692
vn 0.2571 0.9565 0.1375
vn 0.6831 -0.6325 0.3651
vn 0.8777 0.0975 0.4692
vn 0.5987 -0.6326 0.4914
vn 0.1850 0.9565 0.2254
vn 0.4914 -0.6326 0.5987
vn 0.6313 0.0976 0.7693
vn 0.2231 -0.8810 0.4173
vn 0.1374 -0.9565 0.2572
vn 0.4692 0.0975 0.8777
vn 0.4692 -0.0975 0.8777
vn 0.1375 0.9565 0.2571
vn 0.2231 0.8810 0.4173
vn 0.3651 -0.6325 0.6831
vn 0.2248 -0.6325 0.7412
vn 0.2248 0.6326 0.7411
vn 0.2563 0.4696 0.8449
vn 0.1373 -0.8810 0.4528
vn 0.0847 -0.9565 0.2790
vn 0.0976 0.0975 0.9904
vn 0.0096 -0.9951 0.0980
vn 0.0286 0.9565 0.2902
vn 0.0624 -0.7715 0.6331
vn -0.0759 -0.6325 0.7708
vn -0.0624 -0.7715 0.6331
vn -0.0096 0.9951 0.0980
vn -0.0096 -0.9951 0.0980
vn -0.0286 0.9565 0.2902
vn -0.0847 -0.9565 0.2790
vn -0.1373 -0.8810 0.4528
vn -0.4692 -0.0975 0.8777
vn -0.1850 -0.9565 0.2254
vn -0.6314 0.0976 0.7693
vn -0.1850 0.9565 0.2254
vn -0.7693 0.0976 0.6314
vn -0.7693 -0.0976 0.6314
vn -0.8777 -0.0976 0.4692
vn -0.4173 0.8810 0.2231
vn -0.2571 -0.9565 0.1375
vn -0.8777 0.0976 0.4692
vn -0.8449 0.4696 0.2563
vn -0.2790 -0.9565 0.0846
vn -0.0943 0.9951 0.0286
vn -0.0943 -0.9951 0.0286
vn -0.7412 -0.6325 0.2248
vn -0.8786 -0.4696 0.0866
vn -0.7708 -0.6325 0.0759
vn -0.2902 -0.9565 -0.0286
vn -0.8786 -0.4696 -0.0866
vn -0.7412 -0.6325 -0.2248
vn -0.2790 -0.9565 -0.0846
vn -0.8777 0.0976 -0.4691
vn -0.8777 -0.0976 -0.4692
vn -0.6831 -0.6325 -0.3651
vn -0.7693 0.0976 -0.6314
vn -0.7693 -0.0976 -0.6314
vn -0.6314 -0.0976 -0.7693
vn -0.1850 0.9565 -0.2254
vn -0.4913 -0.6325 -0.5987
vn -0.2231 -0.8810 -0.4173
vn -0.1375 0.9565 -0.2571
vn -0.2231 0.8810 -0.4173
vn -0.0847 -0.9566 -0.2790
vn -0.2889 0.0976 -0.9524
vn -0.1373 0.8810 -0.4528
vn -0.2563 0.4696 -0.8449
vn -0.0624 -0.7715 -0.6331
vn -0.0939 0.2890 -0.9527
vn 0.0097 0.9951 -0.0980
vn 0.0759 -0.6325 -0.7708
vn 0.0939 0.2890 -0.9527
vn 0.2563 0.4696 -0.8449
vn 0.0847 -0.9566 -0.2790
vn 0.4692 -0.0975 -0.8777
vn 0.3651 -0.6325 -0.6831
vn 0.1374 -0.9565 -0.2572
vn 0.4692 0.0975 -0.8777
vn 0.1850 -0.9565 -0.2254
vn 0.6313 0.0976 -0.7693
vn 0.7693 -0.0976 -0.6314
vn 0.2254 0.9565 -0.1850
vn 0.4173 -0.8810 -0.2231
vn 0.2572 -0.9565 -0.1374
vn 0.4173 0.8810 -0.2231
vn 0.7412 -0.6325 -0.2248
vn 0.8449 0.4696 -0.2563
vn 0.4528 -0.8810 -0.1373
vn 0.2790 -0.9565 -0.0847
vn 0.2902 -0.9565 -0.0286
vn 0.0980 0.9951 -0.0096
vn 0.0980 -0.9951 -0.0096
vn 0.6331 -0.7715 -0.0624
vn 0.2902 -0.9565 0.0286
vn 0.9904 0.0976 0.0975
vn 0.2790 0.9566 0.0847
vn 0.4528 0.8810 0.1373
vn 0.2571 -0.9565 0.1375
vn 0.2254 -0.9565 0.1850
vn 0.4914 0.6326 0.5987
vn 0.1850 -0.9565 0.2254
vn 0.6314 0.0975 0.7693
vn 0.6314 -0.0975 0.7693
vn 0.1373 0.8810 0.4528
vn 0.0847 0.9565 0.2790
vn 0.0286 -0.9565 0.2902
vn 0.0975 0.0976 0.9904
vn 0.0285 0.9566 0.2902
vn 0.0759 -0.6325 0.7708
vn -0.0286 -0.9565 0.2902
vn -0.0285 0.9566 0.2902
vn -0.0847 0.9565 0.2790
vn -0.1373 0.8810 0.4528
vn -0.3651 0.6326 0.6830
vn -0.1375 -0.9565 0.2571
vn -0.4692 0.0975 0.8777
vn -0.1374 0.9565 0.2572
vn -0.6314 -0.0976 0.7693
vn -0.4914 -0.6326 0.5987
vn -0.3657 0.8810 0.3002
vn -0.2571 0.9565 0.1375
vn -0.4173 -0.8810 0.2231
vn -0.2790 0.9565 0.0846
vn -0.2902 0.9565 0.0286
vn -0.8786 0.4696 0.0866
vn -0.2902 -0.9565 0.0286
vn -0.8786 0.4696 -0.0866
vn -0.7708 -0.6325 -0.0759
vn -0.2790 0.9565 -0.0846
vn -0.8777 0.0976 -0.4692
vn -0.8777 -0.0976 -0.4691
vn -0.2571 0.9565 -0.1374
vn -0.5987 -0.6325 -0.4914
vn -0.1850 -0.9565 -0.2254
vn -0.6314 0.0976 -0.7693
vn -0.4914 -0.6326 -0.5987
vn -0.3651 0.6326 -0.6830
vn -0.1375 -0.9565 -0.2571
vn -0.2889 -0.0976 -0.9524
vn -0.0847 0.9566 -0.2790
vn -0.1373 -0.8810 -0.4528
vn -0.0759 -0.6325 -0.7708
vn -0.0286 -0.9565 -0.2902
vn -0.0286 0.9565 -0.2902
vn -0.0939 -0.2890 -0.9527
vn 0.0286 0.9565 -0.2902
vn 0.0939 -0.2890 -0.9527
vn 0.0624 -0.7715 -0.6331
vn 0.0286 -0.9565 -0.2902
vn 0.2248 -0.6325 -0.7412
vn 0.0847 0.9566 -0.2790
vn 0.1374 0.9565 -0.2572
vn 0.6313 -0.0976 -0.7693
vn 0.1850 0.9565 -0.2254
vn 0.7693 0.0976 -0.6314
vn 0.2572 0.9565 -0.1374
vn 0.6831 -0.6325 -0.3651
vn 0.4528 0.8810 -0.1373
vn 0.2790 0.9565 -0.0847
vn 0.7708 -0.6325 -0.0759
vn 0.8910 -0.0877 0.4455
vn 0.8567 -0.2599 0.4455
vn 0.7896 -0.4220 0.4455
vn 0.6921 -0.5680 0.4455
vn 0.5680 -0.6921 0.4455
vn 0.4220 -0.7896 0.4455
vn 0.2599 -0.8567 0.4455
vn 0.0878 -0.8910 0.4455
vn -0.0878 -0.8910 0.4455
vn -0.2599 -0.8567 0.4455
vn -0.4220 -0.7896 0.4455
vn -0.5680 -0.6921 0.4455
vn -0.6921 -0.5680 0.4455
vn -0.7896 -0.4220 0.4455
vn -0.8567 -0.2599 0.4455
vn -0.8910 -0.0878 0.4455
vn -0.8910 0.0877 0.4455
vn -0.8567 0.2599 0.4455
vn -0.7896 0.4220 0.4455
vn -0.6921 0.5680 0.4455
vn -0.5680 0.6921 0.4455
vn -0.4220 0.7896 0.4455
vn -0.2599 0.8567 0.4455
vn -0.0878 0.8910 0.4455
vn 0.0878 0.8910 0.4455
vn 0.2599 0.8567 0.4455
vn 0.4220 0.7896 0.4455
vn 0.5680 0.6921 0.4455
vn 0.6921 0.5680 0.4455
vn 0.7896 0.4220 0.4455
vn -0.0000 -0.0000 -1.0000
vn 0.8567 0.2599 0.4455
vn 0.8910 0.0878 0.4455
vt 0.239939 0.296215
vt 0.221462 0.318986
vt 0.218167 0.299128
vt 0.380756 0.316807
vt 0.407063 0.345298
vt 0.375022 0.332881
vt 0.199934 0.322842
vt 0.195496 0.304001
vt 0.353183 0.307082
vt 0.348172 0.325088
vt 0.176668 0.328669
vt 0.171143 0.311263
vt 0.327941 0.300939
vt 0.324438 0.320138
vt 0.150799 0.337305
vt 0.144691 0.321880
vt 0.304869 0.297064
vt 0.302489 0.317236
vt 0.120106 0.350495
vt 0.113770 0.337820
vt 0.282832 0.295135
vt 0.281907 0.315800
vt 0.078580 0.371602
vt 0.073883 0.362625
vt 0.261845 0.315597
vt 0.261307 0.295021
vt 0.456536 0.356359
vt 0.504293 0.384264
vt 0.452026 0.366162
vt 0.030435 0.391076
vt 0.241843 0.316622
vt 0.413189 0.331916
vt 0.243356 0.335791
vt 0.402121 0.358613
vt 0.223964 0.337651
vt 0.370454 0.348519
vt 0.203425 0.340761
vt 0.344147 0.342389
vt 0.181399 0.345533
vt 0.321549 0.338485
vt 0.155742 0.352410
vt 0.300778 0.336160
vt 0.125325 0.363251
vt 0.281246 0.335113
vt 0.082489 0.380945
vt 0.262287 0.334965
vt 0.499181 0.394011
vt 0.447517 0.375848
vt 0.032876 0.396216
vt 0.184848 0.361794
vt 0.159929 0.367212
vt 0.299450 0.354206
vt 0.129586 0.376036
vt 0.280771 0.353456
vt 0.085660 0.390582
vt 0.262685 0.353359
vt 0.495847 0.400126
vt 0.443723 0.385694
vt 0.034913 0.401940
vt 0.244579 0.354039
vt 0.398162 0.371797
vt 0.226000 0.355521
vt 0.366537 0.363795
vt 0.206321 0.358022
vt 0.341062 0.359026
vt 0.319387 0.355966
vt 0.394668 0.384825
vt 0.227620 0.372743
vt 0.363664 0.378687
vt 0.208567 0.374697
vt 0.338870 0.375132
vt 0.187603 0.377643
vt 0.317649 0.372856
vt 0.163210 0.381801
vt 0.298446 0.371538
vt 0.132999 0.388827
vt 0.280428 0.371001
vt 0.088138 0.400462
vt 0.262988 0.371059
vt 0.493073 0.406658
vt 0.440591 0.395674
vt 0.036493 0.408165
vt 0.245556 0.371583
vt 0.297743 0.388339
vt 0.165711 0.396221
vt 0.135657 0.401608
vt 0.280231 0.388019
vt 0.089964 0.410552
vt 0.263276 0.388148
vt 0.490725 0.413370
vt 0.438110 0.405745
vt 0.037580 0.414821
vt 0.246333 0.388570
vt 0.391942 0.397785
vt 0.228876 0.389457
vt 0.361555 0.393272
vt 0.210284 0.390937
vt 0.337279 0.390805
vt 0.189722 0.393164
vt 0.316394 0.389249
vt 0.229815 0.405804
vt 0.360000 0.407698
vt 0.211540 0.406864
vt 0.335982 0.406228
vt 0.191264 0.408443
vt 0.315731 0.405227
vt 0.167512 0.410500
vt 0.297338 0.404739
vt 0.137526 0.414350
vt 0.280166 0.404626
vt 0.092120 0.420531
vt 0.263548 0.404814
vt 0.488674 0.420201
vt 0.436265 0.415838
vt 0.040135 0.426537
vt 0.246942 0.405153
vt 0.390388 0.410682
vt 0.168669 0.424685
vt 0.138709 0.427023
vt 0.297177 0.420873
vt 0.280222 0.420960
vt 0.093662 0.430487
vt 0.263810 0.421208
vt 0.487100 0.427238
vt 0.435019 0.425925
vt 0.042102 0.433378
vt 0.247404 0.421474
vt 0.389531 0.423449
vt 0.230471 0.421910
vt 0.359080 0.422012
vt 0.212383 0.422586
vt 0.335421 0.421436
vt 0.192271 0.423562
vt 0.315308 0.421015
vt 0.230866 0.437898
vt 0.212838 0.438210
vt 0.335336 0.436518
vt 0.192772 0.438607
vt 0.315289 0.436660
vt 0.169216 0.438822
vt 0.297264 0.436873
vt 0.139190 0.439644
vt 0.280398 0.437154
vt 0.094602 0.440394
vt 0.264065 0.437462
vt 0.486121 0.434379
vt 0.434350 0.436008
vt 0.043592 0.440235
vt 0.247732 0.437663
vt 0.388957 0.436145
vt 0.358894 0.436204
vt 0.094007 0.450324
vt 0.280699 0.453329
vt 0.264321 0.453705
vt 0.485570 0.441433
vt 0.434272 0.446056
vt 0.043648 0.442326
vt 0.247934 0.453846
vt 0.389057 0.448821
vt 0.231009 0.453885
vt 0.359299 0.450315
vt 0.212917 0.453841
vt 0.335735 0.451542
vt 0.192779 0.453665
vt 0.315654 0.452267
vt 0.169170 0.452982
vt 0.297602 0.452844
vt 0.139026 0.452259
vt 0.336634 0.466600
vt 0.192285 0.468820
vt 0.316407 0.467943
vt 0.168536 0.467233
vt 0.298203 0.468905
vt 0.138129 0.464927
vt 0.281137 0.469608
vt 0.092820 0.460310
vt 0.264584 0.470063
vt 0.485321 0.448377
vt 0.434792 0.456012
vt 0.042474 0.449259
vt 0.248015 0.470147
vt 0.390270 0.461418
vt 0.230903 0.469989
vt 0.360186 0.464447
vt 0.212618 0.469582
vt 0.281725 0.486122
vt 0.264862 0.486669
vt 0.485707 0.455225
vt 0.435914 0.465882
vt 0.041128 0.461141
vt 0.091997 0.470362
vt 0.247974 0.486698
vt 0.391776 0.474028
vt 0.230536 0.486332
vt 0.361851 0.478656
vt 0.211924 0.485541
vt 0.338088 0.481797
vt 0.191257 0.484158
vt 0.317569 0.483796
vt 0.167131 0.481591
vt 0.299089 0.485175
vt 0.136835 0.477680
vt 0.189673 0.499749
vt 0.340157 0.497187
vt 0.319164 0.499924
vt 0.165184 0.496104
vt 0.300296 0.501782
vt 0.134427 0.490474
vt 0.282487 0.503011
vt 0.089628 0.480149
vt 0.265162 0.503667
vt 0.486528 0.461801
vt 0.437670 0.475632
vt 0.040884 0.463168
vt 0.247804 0.503638
vt 0.394033 0.486652
vt 0.229891 0.503045
vt 0.364199 0.492952
vt 0.210804 0.501829
vt 0.487656 0.468090
vt 0.440085 0.485194
vt 0.038519 0.469545
vt 0.086596 0.489871
vt 0.247494 0.521126
vt 0.397505 0.499170
vt 0.228935 0.520278
vt 0.367175 0.507390
vt 0.209207 0.518584
vt 0.342679 0.512874
vt 0.187459 0.515727
vt 0.321433 0.516488
vt 0.162489 0.510900
vt 0.301890 0.518886
vt 0.131191 0.503345
vt 0.283451 0.520431
vt 0.265493 0.521216
vt 0.346196 0.528996
vt 0.324166 0.533562
vt 0.184514 0.532199
vt 0.158820 0.526039
vt 0.303893 0.536608
vt 0.127451 0.516382
vt 0.284653 0.538553
vt 0.082882 0.499476
vt 0.265865 0.539501
vt 0.489390 0.474052
vt 0.443187 0.494555
vt 0.035738 0.475728
vt 0.247023 0.539344
vt 0.401481 0.511742
vt 0.227620 0.538196
vt 0.371188 0.522090
vt 0.207061 0.535947
vt 0.246362 0.558508
vt 0.406480 0.524288
vt 0.225878 0.556997
vt 0.376190 0.537027
vt 0.204266 0.554074
vt 0.350580 0.545595
vt 0.180729 0.549246
vt 0.327655 0.551337
vt 0.154189 0.541509
vt 0.306419 0.555169
vt 0.122632 0.529546
vt 0.286146 0.557595
vt 0.079230 0.509227
vt 0.266289 0.558746
vt 0.491499 0.479530
vt 0.447023 0.503649
vt 0.031313 0.485718
vt 0.175946 0.566987
vt 0.148536 0.557303
vt 0.309589 0.574788
vt 0.116395 0.542645
vt 0.288003 0.577818
vt 0.074053 0.518281
vt 0.266781 0.579222
vt 0.493993 0.484435
vt 0.451648 0.512401
vt 0.030445 0.487345
vt 0.245469 0.578883
vt 0.412609 0.536776
vt 0.223613 0.576917
vt 0.382378 0.552230
vt 0.200681 0.573156
vt 0.356033 0.562788
vt 0.332044 0.569980
vt 0.220686 0.598255
vt 0.389828 0.567647
vt 0.196105 0.593434
vt 0.362798 0.580679
vt 0.169913 0.585605
vt 0.337550 0.589697
vt 0.141465 0.573585
vt 0.313573 0.595743
vt 0.108920 0.555726
vt 0.290323 0.599543
vt 0.068023 0.526987
vt 0.267360 0.601272
vt 0.496667 0.488725
vt 0.457101 0.520692
vt 0.026625 0.491874
vt 0.244282 0.600803
vt 0.420357 0.548964
vt 0.099988 0.568699
vt 0.318604 0.618382
vt 0.293242 0.623186
vt 0.061101 0.535240
vt 0.268050 0.625338
vt 0.497943 0.489747
vt 0.463887 0.528033
vt 0.022461 0.495800
vt 0.242709 0.624694
vt 0.429164 0.560988
vt 0.216904 0.621383
vt 0.399173 0.583452
vt 0.190265 0.615190
vt 0.371244 0.599448
vt 0.162320 0.605250
vt 0.344476 0.610749
vt 0.132712 0.590360
vt 0.410578 0.599500
vt 0.211988 0.646778
vt 0.182777 0.638764
vt 0.381779 0.619162
vt 0.152745 0.626078
vt 0.353237 0.633421
vt 0.121914 0.607600
vt 0.325010 0.643147
vt 0.089359 0.581413
vt 0.296953 0.649286
vt 0.053249 0.542901
vt 0.268883 0.652002
vt 0.502104 0.492277
vt 0.471557 0.534773
vt 0.018096 0.499015
vt 0.240621 0.651117
vt 0.439711 0.572610
vt 0.333262 0.670609
vt 0.301732 0.678570
vt 0.076770 0.593638
vt 0.044443 0.549793
vt 0.269904 0.682050
vt 0.506211 0.494056
vt 0.480122 0.540726
vt 0.013685 0.501425
vt 0.237821 0.680824
vt 0.452452 0.583428
vt 0.205533 0.675062
vt 0.424301 0.615480
vt 0.173090 0.664571
vt 0.394979 0.639878
vt 0.140604 0.648242
vt 0.364426 0.658057
vt 0.108593 0.625210
vt 0.196928 0.707073
vt 0.160399 0.693124
vt 0.411744 0.661709
vt 0.125079 0.671857
vt 0.378907 0.685100
vt 0.092134 0.642972
vt 0.344063 0.701541
vt 0.061935 0.605026
vt 0.307990 0.712036
vt 0.034683 0.555701
vt 0.271173 0.716567
vt 0.511904 0.496068
vt 0.489397 0.546048
vt 0.009423 0.502958
vt 0.234013 0.714851
vt 0.467132 0.593341
vt 0.441470 0.631456
vt 0.024011 0.560366
vt 0.316333 0.751097
vt 0.272776 0.757075
vt 0.514519 0.496384
vt 0.499518 0.549980
vt 0.005551 0.503593
vt 0.228751 0.754673
vt 0.484341 0.601580
vt 0.185230 0.743979
vt 0.462110 0.646467
vt 0.143507 0.725036
vt 0.433142 0.684459
vt 0.105009 0.696952
vt 0.397930 0.715008
vt 0.071768 0.660456
vt 0.358472 0.736994
vt 0.044565 0.615074
vt 0.461006 0.707933
vt 0.078681 0.723382
vt 0.423383 0.748272
vt 0.046582 0.676838
vt 0.378215 0.778558
vt 0.024416 0.623066
vt 0.327636 0.797825
vt 0.012536 0.563486
vt 0.274834 0.805644
vt 0.516499 0.495932
vt 0.510335 0.552249
vt 0.002360 0.503384
vt 0.221393 0.802452
vt 0.503755 0.607515
vt 0.168888 0.787541
vt 0.487859 0.659996
vt 0.120603 0.760961
vt 0.342982 0.855380
vt 0.277502 0.864594
vt 0.517465 0.495073
vt 0.521572 0.552545
vt 0.000173 0.502505
vt 0.000460 0.564725
vt 0.211210 0.861482
vt 0.525462 0.610032
vt 0.144922 0.841107
vt 0.519170 0.670196
vt 0.089063 0.801019
vt 0.497991 0.731476
vt 0.043327 0.750798
vt 0.457873 0.784724
vt 0.015709 0.690538
vt 0.406565 0.829234
vt 0.001355 0.628029
vt 0.068145 0.087634
vt 0.066578 0.164692
vt 0.031359 0.142148
vt 0.441961 0.071279
vt 0.450478 0.149840
vt 0.409228 0.112297
vt 0.007307 0.201204
vt 0.038857 0.212369
vt 0.360924 0.085047
vt 0.384790 0.034121
vt 0.022039 0.265068
vt 0.000173 0.262323
vt 0.321423 0.008904
vt 0.308422 0.069037
vt 0.015073 0.321093
vt 0.003818 0.320785
vt 0.250521 0.000173
vt 0.253402 0.065103
vt 0.529218 0.308713
vt 0.529539 0.370701
vt 0.517188 0.309955
vt 0.007878 0.378354
vt 0.199074 0.073729
vt 0.180869 0.015353
vt 0.505343 0.250494
vt 0.528257 0.245724
vt 0.148613 0.094014
vt 0.120640 0.046088
vt 0.515124 0.182231
vt 0.483205 0.196671
vt 0.103603 0.124793
vt 0.484608 0.123453
vt 0.008609 0.378201
vt 0.026038 0.323434
vt 0.211201 0.121134
vt 0.485038 0.258491
vt 0.168716 0.135334
vt 0.458062 0.213043
vt 0.129203 0.157961
vt 0.424356 0.176136
vt 0.093933 0.188086
vt 0.385960 0.148180
vt 0.064029 0.226139
vt 0.344106 0.128451
vt 0.041868 0.271223
vt 0.300221 0.117583
vt 0.255483 0.115290
vt 0.527514 0.369889
vt 0.505748 0.313101
vt 0.115296 0.211103
vt 0.084971 0.241580
vt 0.332091 0.165603
vt 0.058893 0.279711
vt 0.294652 0.157897
vt 0.036216 0.327130
vt 0.257066 0.156423
vt 0.524513 0.369744
vt 0.495107 0.317822
vt 0.012274 0.377203
vt 0.219801 0.160662
vt 0.467462 0.268528
vt 0.183361 0.171015
vt 0.437821 0.230451
vt 0.148311 0.187921
vt 0.404264 0.201326
vt 0.368855 0.180106
vt 0.452675 0.280074
vt 0.194284 0.202246
vt 0.421152 0.248335
vt 0.162860 0.215116
vt 0.388632 0.225146
vt 0.132073 0.233198
vt 0.356003 0.208779
vt 0.102051 0.257681
vt 0.323298 0.197907
vt 0.073674 0.289870
vt 0.290702 0.192275
vt 0.045508 0.332502
vt 0.258305 0.191289
vt 0.520754 0.370316
vt 0.485403 0.323801
vt 0.013458 0.377221
vt 0.226145 0.194477
vt 0.316728 0.226462
vt 0.086325 0.301087
vt 0.287820 0.222258
vt 0.053862 0.338990
vt 0.259297 0.221590
vt 0.516614 0.371811
vt 0.476675 0.330774
vt 0.016589 0.378362
vt 0.230953 0.224045
vt 0.440182 0.292494
vt 0.202602 0.230001
vt 0.407657 0.266063
vt 0.174117 0.239964
vt 0.376390 0.247519
vt 0.145354 0.254228
vt 0.346188 0.234752
vt 0.116020 0.273975
vt 0.209036 0.255025
vt 0.396627 0.283457
vt 0.182949 0.262856
vt 0.366761 0.268530
vt 0.155943 0.274205
vt 0.338585 0.258508
vt 0.127477 0.290193
vt 0.311745 0.252092
vt 0.097090 0.312984
vt 0.285680 0.248913
vt 0.061270 0.346373
vt 0.260103 0.248466
vt 0.512302 0.374217
vt 0.468918 0.338518
vt 0.019901 0.380472
vt 0.234670 0.250389
vt 0.429722 0.305424
vt 0.106210 0.325294
vt 0.307950 0.275399
vt 0.284074 0.273001
vt 0.067757 0.354474
vt 0.260764 0.272728
vt 0.511126 0.375391
vt 0.462562 0.347415
vt 0.023189 0.383518
vt 0.237587 0.274244
vt 0.420478 0.318534
vt 0.214053 0.277866
vt 0.387808 0.300296
vt 0.189991 0.284149
vt 0.359233 0.288273
vt 0.164416 0.293197
vt 0.332594 0.280475
vt 0.136900 0.306190
vt 0.505175 0.382632
vt 0.029236 0.389796
vt 0.883386 0.581591
vt 0.888422 0.578395
vt 0.887942 0.582391
vt 0.919918 0.577340
vt 0.924852 0.571551
vt 0.926150 0.574091
vt 0.892515 0.578701
vt 0.892337 0.582771
vt 0.933262 0.567107
vt 0.934236 0.568942
vt 0.896507 0.578744
vt 0.896599 0.582816
vt 0.858472 0.570517
vt 0.849468 0.564874
vt 0.859396 0.568661
vt 0.943111 0.563054
vt 0.900494 0.578522
vt 0.900864 0.582595
vt 0.866697 0.575407
vt 0.867891 0.572827
vt 0.905212 0.581986
vt 0.904539 0.578013
vt 0.872998 0.578391
vt 0.874198 0.575249
vt 0.908844 0.577235
vt 0.909742 0.581000
vt 0.878480 0.580313
vt 0.879475 0.576783
vt 0.913436 0.576014
vt 0.914592 0.579511
vt 0.884112 0.577794
vt 0.918650 0.574243
vt 0.912527 0.572666
vt 0.880211 0.573410
vt 0.884703 0.574176
vt 0.917582 0.571232
vt 0.888791 0.574634
vt 0.923717 0.569024
vt 0.892643 0.574875
vt 0.932292 0.565292
vt 0.896418 0.574897
vt 0.850538 0.563050
vt 0.860317 0.566835
vt 0.942033 0.561255
vt 0.900171 0.574691
vt 0.868911 0.570274
vt 0.904032 0.574306
vt 0.875127 0.572203
vt 0.908102 0.573653
vt 0.941342 0.560163
vt 0.931469 0.563438
vt 0.899932 0.571075
vt 0.869721 0.567734
vt 0.903604 0.570745
vt 0.875866 0.569223
vt 0.907507 0.570224
vt 0.880823 0.570148
vt 0.911793 0.569434
vt 0.885115 0.570741
vt 0.916714 0.568285
vt 0.889057 0.571078
vt 0.922779 0.566495
vt 0.892745 0.571232
vt 0.896340 0.571245
vt 0.851252 0.561954
vt 0.861092 0.564982
vt 0.916020 0.565396
vt 0.889255 0.567651
vt 0.921986 0.563964
vt 0.892802 0.567743
vt 0.930947 0.561479
vt 0.896250 0.567735
vt 0.851451 0.561605
vt 0.861564 0.563046
vt 0.941202 0.559799
vt 0.899710 0.567601
vt 0.870361 0.565200
vt 0.903272 0.567341
vt 0.876445 0.566301
vt 0.907028 0.566919
vt 0.881228 0.567001
vt 0.911217 0.566298
vt 0.885442 0.567418
vt 0.862078 0.561137
vt 0.870813 0.562683
vt 0.899528 0.564233
vt 0.902985 0.564025
vt 0.876813 0.563427
vt 0.906669 0.563703
vt 0.881570 0.563913
vt 0.910746 0.563224
vt 0.885664 0.564190
vt 0.915524 0.562540
vt 0.889363 0.564342
vt 0.921451 0.561423
vt 0.892823 0.564385
vt 0.930387 0.559539
vt 0.896171 0.564342
vt 0.852086 0.559469
vt 0.940563 0.557648
vt 0.889420 0.561105
vt 0.915101 0.559716
vt 0.921054 0.558902
vt 0.892817 0.561104
vt 0.929955 0.557590
vt 0.896104 0.561048
vt 0.852245 0.559094
vt 0.862288 0.559189
vt 0.940112 0.556362
vt 0.899381 0.560943
vt 0.871130 0.560173
vt 0.902758 0.560788
vt 0.877044 0.560602
vt 0.906401 0.560551
vt 0.881795 0.560878
vt 0.910428 0.560203
vt 0.885795 0.561030
vt 0.902609 0.557604
vt 0.877198 0.557804
vt 0.906185 0.557434
vt 0.881894 0.557881
vt 0.910185 0.557210
vt 0.885834 0.557919
vt 0.914873 0.556905
vt 0.889422 0.557917
vt 0.920798 0.556395
vt 0.892786 0.557877
vt 0.929646 0.555638
vt 0.896025 0.557802
vt 0.852302 0.557774
vt 0.862373 0.557223
vt 0.939757 0.555041
vt 0.899264 0.557719
vt 0.871312 0.557663
vt 0.920667 0.553897
vt 0.892709 0.554676
vt 0.929642 0.553653
vt 0.895947 0.554592
vt 0.852253 0.556433
vt 0.862333 0.555243
vt 0.939772 0.554623
vt 0.899172 0.554520
vt 0.871274 0.555155
vt 0.902506 0.554442
vt 0.877248 0.555009
vt 0.906080 0.554344
vt 0.881859 0.554908
vt 0.910028 0.554229
vt 0.885818 0.554834
vt 0.914697 0.554106
vt 0.889385 0.554756
vt 0.871192 0.552650
vt 0.877084 0.552216
vt 0.906017 0.551254
vt 0.881761 0.551941
vt 0.910015 0.551250
vt 0.885721 0.551750
vt 0.914670 0.551305
vt 0.889289 0.551602
vt 0.920605 0.551391
vt 0.892624 0.551478
vt 0.929559 0.551664
vt 0.895859 0.551382
vt 0.852139 0.555058
vt 0.862176 0.553261
vt 0.939750 0.552236
vt 0.899103 0.551322
vt 0.902448 0.551283
vt 0.889143 0.548429
vt 0.892514 0.548262
vt 0.929598 0.549684
vt 0.895783 0.548147
vt 0.851993 0.552708
vt 0.862089 0.551273
vt 0.939676 0.550872
vt 0.899060 0.548100
vt 0.870962 0.550143
vt 0.902443 0.548100
vt 0.876868 0.549420
vt 0.906064 0.548146
vt 0.881529 0.548959
vt 0.910054 0.548261
vt 0.885544 0.548651
vt 0.914763 0.548502
vt 0.920674 0.548873
vt 0.902488 0.544875
vt 0.906160 0.545002
vt 0.881224 0.545954
vt 0.910244 0.545241
vt 0.885294 0.545514
vt 0.914961 0.545679
vt 0.888942 0.545211
vt 0.920966 0.546354
vt 0.892373 0.545000
vt 0.929764 0.547725
vt 0.895701 0.544873
vt 0.851986 0.552302
vt 0.861697 0.549331
vt 0.939674 0.549553
vt 0.899043 0.544826
vt 0.870525 0.547644
vt 0.876484 0.546611
vt 0.930237 0.545802
vt 0.892204 0.541659
vt 0.895627 0.541518
vt 0.851601 0.550999
vt 0.861181 0.547403
vt 0.939809 0.549174
vt 0.899055 0.541482
vt 0.870027 0.545131
vt 0.902593 0.541577
vt 0.876002 0.543765
vt 0.906339 0.541794
vt 0.880816 0.542890
vt 0.910515 0.542176
vt 0.884923 0.542310
vt 0.915362 0.542816
vt 0.888678 0.541919
vt 0.921388 0.543830
vt 0.910900 0.539029
vt 0.880240 0.539764
vt 0.884481 0.539029
vt 0.915842 0.539911
vt 0.888349 0.538534
vt 0.921986 0.541294
vt 0.891999 0.538207
vt 0.930665 0.543856
vt 0.895552 0.538060
vt 0.850998 0.548818
vt 0.860712 0.545452
vt 0.940379 0.547016
vt 0.899093 0.538039
vt 0.869354 0.542611
vt 0.902774 0.538165
vt 0.875366 0.540881
vt 0.906646 0.538489
vt 0.850898 0.548444
vt 0.859945 0.543604
vt 0.940565 0.546660
vt 0.931398 0.541987
vt 0.899183 0.534448
vt 0.868525 0.540082
vt 0.902986 0.534663
vt 0.874562 0.537952
vt 0.907060 0.535068
vt 0.879522 0.536559
vt 0.911473 0.535784
vt 0.883919 0.535640
vt 0.916524 0.536942
vt 0.887937 0.535023
vt 0.922662 0.538733
vt 0.891749 0.534632
vt 0.895463 0.534425
vt 0.878671 0.533270
vt 0.883218 0.532111
vt 0.912206 0.532435
vt 0.917369 0.533915
vt 0.887427 0.531336
vt 0.923631 0.536168
vt 0.891452 0.530875
vt 0.932120 0.540086
vt 0.895367 0.530632
vt 0.850240 0.547368
vt 0.859029 0.541791
vt 0.941458 0.544721
vt 0.899297 0.530670
vt 0.867421 0.537571
vt 0.903323 0.530957
vt 0.873526 0.534981
vt 0.907581 0.531512
vt 0.899464 0.526653
vt 0.866171 0.535050
vt 0.903762 0.527036
vt 0.872297 0.531929
vt 0.908266 0.527768
vt 0.877568 0.529831
vt 0.913098 0.528972
vt 0.882346 0.528407
vt 0.918512 0.530811
vt 0.886804 0.527463
vt 0.924811 0.533604
vt 0.891063 0.526856
vt 0.932998 0.538248
vt 0.895263 0.526587
vt 0.849247 0.545582
vt 0.858107 0.539964
vt 0.941937 0.543647
vt 0.914281 0.525315
vt 0.919848 0.527632
vt 0.886018 0.523302
vt 0.926238 0.531061
vt 0.890617 0.522564
vt 0.934042 0.536490
vt 0.895153 0.522244
vt 0.848726 0.544625
vt 0.857024 0.538231
vt 0.942489 0.542691
vt 0.899699 0.522334
vt 0.864673 0.532553
vt 0.904337 0.522838
vt 0.870797 0.528812
vt 0.909159 0.523786
vt 0.876214 0.526245
vt 0.881263 0.524483
vt 0.855668 0.536695
vt 0.862905 0.530103
vt 0.905089 0.518290
vt 0.868972 0.525634
vt 0.910309 0.519518
vt 0.874529 0.522478
vt 0.915770 0.521465
vt 0.879922 0.520306
vt 0.921550 0.524349
vt 0.885038 0.518806
vt 0.927890 0.528527
vt 0.890059 0.517876
vt 0.935262 0.534829
vt 0.895032 0.517544
vt 0.848508 0.544379
vt 0.943123 0.541883
vt 0.900019 0.517613
vt 0.883781 0.513868
vt 0.929872 0.526059
vt 0.889362 0.512750
vt 0.936751 0.533381
vt 0.894894 0.512235
vt 0.847291 0.543356
vt 0.854215 0.535195
vt 0.943394 0.541706
vt 0.900455 0.512424
vt 0.860787 0.527728
vt 0.906073 0.513314
vt 0.866687 0.522413
vt 0.911789 0.514907
vt 0.872541 0.518578
vt 0.917650 0.517398
vt 0.878195 0.515784
vt 0.923646 0.520994
vt 0.907370 0.507793
vt 0.863973 0.519167
vt 0.913707 0.509872
vt 0.869894 0.514381
vt 0.920043 0.513078
vt 0.875994 0.510838
vt 0.926241 0.517575
vt 0.882240 0.508438
vt 0.932270 0.523689
vt 0.888491 0.506985
vt 0.938371 0.531992
vt 0.894750 0.506302
vt 0.846656 0.542895
vt 0.852576 0.533874
vt 0.944647 0.540949
vt 0.901047 0.506639
vt 0.858305 0.525481
vt 0.929396 0.514196
vt 0.935157 0.521520
vt 0.880183 0.502356
vt 0.887291 0.500304
vt 0.940189 0.530818
vt 0.894567 0.499513
vt 0.846067 0.542631
vt 0.850752 0.532777
vt 0.945271 0.540679
vt 0.901859 0.499946
vt 0.855358 0.523464
vt 0.909099 0.501538
vt 0.860629 0.515974
vt 0.916215 0.504317
vt 0.866677 0.510047
vt 0.923122 0.508473
vt 0.873232 0.505499
vt 0.911454 0.494346
vt 0.919519 0.498182
vt 0.862431 0.505417
vt 0.927055 0.503622
vt 0.869573 0.499563
vt 0.933464 0.510838
vt 0.877414 0.495292
vt 0.938461 0.519629
vt 0.885761 0.492606
vt 0.942202 0.529971
vt 0.894355 0.491556
vt 0.845535 0.542550
vt 0.848755 0.531950
vt 0.945517 0.540663
vt 0.902983 0.492152
vt 0.852006 0.521738
vt 0.856524 0.512896
vt 0.942340 0.518179
vt 0.944368 0.529419
vt 0.894112 0.482011
vt 0.845145 0.542631
vt 0.846613 0.531452
vt 0.946097 0.540749
vt 0.904555 0.482816
vt 0.848166 0.520477
vt 0.914779 0.485790
vt 0.851500 0.510137
vt 0.924112 0.491184
vt 0.857040 0.500749
vt 0.932091 0.498671
vt 0.864525 0.492787
vt 0.938387 0.507737
vt 0.873610 0.486963
vt 0.883690 0.483345
vt 0.849762 0.495974
vt 0.930452 0.483237
vt 0.939151 0.493384
vt 0.857808 0.485481
vt 0.944389 0.505211
vt 0.868181 0.476803
vt 0.946783 0.517335
vt 0.880915 0.471919
vt 0.946679 0.529222
vt 0.893870 0.470461
vt 0.845006 0.542653
vt 0.844407 0.531354
vt 0.946531 0.541109
vt 0.906759 0.471444
vt 0.843893 0.519894
vt 0.919354 0.475689
vt 0.845348 0.508012
vt 0.898152 0.642332
vt 0.886618 0.628069
vt 0.897770 0.629050
vt 0.844088 0.579393
vt 0.844329 0.567216
vt 0.846457 0.579208
vt 0.948081 0.565351
vt 0.948804 0.577272
vt 0.946476 0.577186
vt 0.908834 0.627409
vt 0.912464 0.639464
vt 0.843893 0.591572
vt 0.848389 0.590784
vt 0.919097 0.623278
vt 0.924981 0.633270
vt 0.852351 0.601467
vt 0.846068 0.603960
vt 0.928298 0.617189
vt 0.935321 0.624462
vt 0.858412 0.610972
vt 0.851176 0.616022
vt 0.935786 0.609125
vt 0.942800 0.613694
vt 0.859506 0.626987
vt 0.866439 0.618834
vt 0.947756 0.601810
vt 0.941365 0.599488
vt 0.876054 0.624602
vt 0.870956 0.634835
vt 0.944945 0.588770
vt 0.949422 0.589388
vt 0.883724 0.640256
vt 0.930167 0.604308
vt 0.863883 0.605881
vt 0.871350 0.611727
vt 0.936311 0.596692
vt 0.879652 0.615906
vt 0.940891 0.587491
vt 0.888456 0.618269
vt 0.944207 0.576678
vt 0.897487 0.618861
vt 0.844808 0.567548
vt 0.848690 0.578666
vt 0.947930 0.565360
vt 0.906455 0.617767
vt 0.852375 0.589353
vt 0.915071 0.614938
vt 0.857373 0.598447
vt 0.923076 0.610404
vt 0.845011 0.567529
vt 0.850782 0.577740
vt 0.947110 0.565528
vt 0.942098 0.575903
vt 0.904781 0.609768
vt 0.855874 0.587486
vt 0.912144 0.607725
vt 0.861503 0.595115
vt 0.919225 0.604340
vt 0.867992 0.601031
vt 0.925882 0.599668
vt 0.874927 0.605432
vt 0.932011 0.593520
vt 0.882216 0.608493
vt 0.937412 0.585748
vt 0.889706 0.610169
vt 0.897268 0.610551
vt 0.877606 0.599775
vt 0.922514 0.595218
vt 0.928572 0.590270
vt 0.884085 0.602063
vt 0.934363 0.583709
vt 0.890589 0.603301
vt 0.940149 0.574868
vt 0.897093 0.603518
vt 0.846100 0.567367
vt 0.852707 0.576634
vt 0.946401 0.565442
vt 0.903551 0.602950
vt 0.858808 0.585311
vt 0.909971 0.601428
vt 0.864901 0.591669
vt 0.916307 0.598855
vt 0.871196 0.596394
vt 0.902620 0.597026
vt 0.854450 0.575326
vt 0.861354 0.582971
vt 0.908321 0.595850
vt 0.867583 0.588268
vt 0.914053 0.593858
vt 0.873696 0.592026
vt 0.919849 0.590988
vt 0.879644 0.594645
vt 0.925763 0.586994
vt 0.885481 0.596370
vt 0.931734 0.581474
vt 0.891231 0.597252
vt 0.938374 0.573623
vt 0.896925 0.597498
vt 0.846908 0.567085
vt 0.945611 0.565194
vt 0.917721 0.586977
vt 0.923405 0.583718
vt 0.886526 0.591285
vt 0.929549 0.579079
vt 0.891708 0.591971
vt 0.936784 0.572215
vt 0.896804 0.592072
vt 0.847786 0.566662
vt 0.856006 0.573867
vt 0.944760 0.564805
vt 0.901894 0.591748
vt 0.863439 0.580496
vt 0.907043 0.590830
vt 0.869814 0.584888
vt 0.912283 0.589261
vt 0.875659 0.587908
vt 0.881219 0.589952
vt 0.906046 0.586254
vt 0.871586 0.581611
vt 0.910857 0.584981
vt 0.877188 0.584035
vt 0.915966 0.583136
vt 0.882464 0.585605
vt 0.921530 0.580496
vt 0.887320 0.586660
vt 0.927710 0.576608
vt 0.892062 0.587156
vt 0.935373 0.570681
vt 0.896696 0.587290
vt 0.848635 0.566063
vt 0.857381 0.572288
vt 0.943905 0.564253
vt 0.901314 0.586942
vt 0.865246 0.577981
vt 0.848894 0.565837
vt 0.943675 0.564011
vt 0.887569 0.755330
vt 0.883784 0.750727
vt 0.888085 0.751356
vt 0.919441 0.750768
vt 0.924473 0.745103
vt 0.925709 0.747651
vt 0.892154 0.751695
vt 0.891918 0.755757
vt 0.932817 0.740932
vt 0.933743 0.742745
vt 0.896171 0.755847
vt 0.896134 0.751756
vt 0.858145 0.743539
vt 0.849146 0.738026
vt 0.859044 0.741687
vt 0.942529 0.737115
vt 0.900108 0.751617
vt 0.900412 0.755657
vt 0.866360 0.748326
vt 0.867543 0.745737
vt 0.904151 0.751173
vt 0.904773 0.755159
vt 0.873850 0.748167
vt 0.872662 0.751300
vt 0.908427 0.750456
vt 0.909265 0.754218
vt 0.878135 0.753223
vt 0.879094 0.749716
vt 0.913075 0.749345
vt 0.914136 0.752833
vt 0.883027 0.754514
vt 0.918236 0.747664
vt 0.907764 0.746882
vt 0.912174 0.745980
vt 0.879897 0.746330
vt 0.884380 0.747124
vt 0.917292 0.744649
vt 0.888450 0.747626
vt 0.923380 0.742565
vt 0.892325 0.747864
vt 0.932046 0.739048
vt 0.896079 0.747930
vt 0.849630 0.736929
vt 0.859789 0.739769
vt 0.942040 0.736055
vt 0.899842 0.747802
vt 0.868587 0.743163
vt 0.903707 0.747471
vt 0.874772 0.745120
vt 0.941668 0.734883
vt 0.931420 0.737101
vt 0.899624 0.744171
vt 0.860547 0.737878
vt 0.869334 0.740578
vt 0.903330 0.743912
vt 0.875530 0.742124
vt 0.907236 0.743454
vt 0.880532 0.743059
vt 0.911533 0.742746
vt 0.884813 0.743686
vt 0.916456 0.741685
vt 0.888750 0.744060
vt 0.922555 0.739999
vt 0.892462 0.744240
vt 0.896043 0.744266
vt 0.850522 0.734953
vt 0.915859 0.738764
vt 0.885160 0.740350
vt 0.888993 0.740614
vt 0.921922 0.737447
vt 0.892541 0.740759
vt 0.930763 0.735184
vt 0.896007 0.740786
vt 0.850691 0.734584
vt 0.860999 0.735902
vt 0.940870 0.732788
vt 0.899467 0.740689
vt 0.870006 0.738014
vt 0.903027 0.740477
vt 0.876079 0.739196
vt 0.906822 0.740131
vt 0.880979 0.739884
vt 0.911000 0.739583
vt 0.861319 0.733885
vt 0.870438 0.735438
vt 0.902786 0.737150
vt 0.876509 0.736301
vt 0.906514 0.736894
vt 0.881310 0.736778
vt 0.910589 0.736483
vt 0.885424 0.737104
vt 0.915414 0.735884
vt 0.889138 0.737297
vt 0.921434 0.734907
vt 0.892610 0.737383
vt 0.930411 0.733192
vt 0.895976 0.737384
vt 0.850871 0.733264
vt 0.940748 0.732396
vt 0.899343 0.737320
vt 0.889232 0.734043
vt 0.915037 0.733032
vt 0.921096 0.732375
vt 0.892649 0.734083
vt 0.930180 0.731168
vt 0.895943 0.734081
vt 0.850979 0.731874
vt 0.861512 0.731839
vt 0.940620 0.731003
vt 0.899239 0.734017
vt 0.870730 0.732875
vt 0.902634 0.733908
vt 0.876814 0.733429
vt 0.906277 0.733721
vt 0.881526 0.733727
vt 0.910315 0.733434
vt 0.885602 0.733924
vt 0.902526 0.730709
vt 0.876975 0.730585
vt 0.906125 0.730594
vt 0.881679 0.730708
vt 0.910146 0.730424
vt 0.885670 0.730795
vt 0.914808 0.730197
vt 0.889282 0.730834
vt 0.920837 0.729856
vt 0.892640 0.730842
vt 0.929863 0.729164
vt 0.895909 0.730816
vt 0.851290 0.729422
vt 0.861787 0.729809
vt 0.940250 0.728548
vt 0.899164 0.730777
vt 0.870956 0.730325
vt 0.920722 0.727343
vt 0.889276 0.727660
vt 0.892622 0.727620
vt 0.929662 0.727172
vt 0.895866 0.727585
vt 0.851561 0.728017
vt 0.861941 0.727789
vt 0.939923 0.727139
vt 0.899115 0.727559
vt 0.871055 0.727779
vt 0.902466 0.727530
vt 0.877023 0.727764
vt 0.906041 0.727485
vt 0.881678 0.727718
vt 0.910052 0.727435
vt 0.885697 0.727688
vt 0.914761 0.727380
vt 0.876915 0.724948
vt 0.902460 0.724351
vt 0.906062 0.724379
vt 0.881659 0.724727
vt 0.910043 0.724439
vt 0.885619 0.724587
vt 0.914763 0.724569
vt 0.889220 0.724485
vt 0.920727 0.724823
vt 0.892581 0.724407
vt 0.929767 0.725181
vt 0.895836 0.724352
vt 0.851553 0.727601
vt 0.861779 0.725769
vt 0.939872 0.726716
vt 0.899094 0.724342
vt 0.870955 0.725237
vt 0.892513 0.721170
vt 0.929991 0.723179
vt 0.895804 0.721099
vt 0.851418 0.725181
vt 0.861696 0.723746
vt 0.940089 0.725323
vt 0.899099 0.721102
vt 0.870714 0.722707
vt 0.902501 0.721153
vt 0.876750 0.722122
vt 0.906127 0.721254
vt 0.881467 0.721717
vt 0.910175 0.721429
vt 0.885492 0.721463
vt 0.914894 0.721745
vt 0.889117 0.721290
vt 0.920864 0.722288
vt 0.902598 0.717906
vt 0.906263 0.718093
vt 0.881175 0.718679
vt 0.910417 0.718392
vt 0.885284 0.718302
vt 0.915151 0.718897
vt 0.888960 0.718050
vt 0.921151 0.719742
vt 0.892416 0.717884
vt 0.930147 0.721167
vt 0.895771 0.717799
vt 0.851389 0.723774
vt 0.861495 0.721745
vt 0.940337 0.722964
vt 0.899127 0.717815
vt 0.870420 0.720173
vt 0.876433 0.719275
vt 0.930430 0.719194
vt 0.892289 0.714524
vt 0.895735 0.714422
vt 0.851269 0.722430
vt 0.861167 0.719773
vt 0.940350 0.721626
vt 0.899181 0.714454
vt 0.869980 0.717636
vt 0.902730 0.714597
vt 0.875988 0.716407
vt 0.906533 0.714857
vt 0.880813 0.715602
vt 0.910712 0.715310
vt 0.884957 0.715078
vt 0.915580 0.716026
vt 0.888738 0.714738
vt 0.921670 0.717207
vt 0.911172 0.712143
vt 0.884561 0.711780
vt 0.916114 0.713096
vt 0.888452 0.711334
vt 0.922253 0.714657
vt 0.892129 0.711061
vt 0.931015 0.717293
vt 0.895699 0.710937
vt 0.851085 0.721152
vt 0.860707 0.717841
vt 0.940422 0.721231
vt 0.899265 0.710989
vt 0.869296 0.715117
vt 0.902957 0.711169
vt 0.875424 0.713504
vt 0.906871 0.711535
vt 0.880272 0.712462
vt 0.850777 0.719944
vt 0.860110 0.715953
vt 0.940971 0.720052
vt 0.931741 0.715412
vt 0.899408 0.707360
vt 0.868509 0.712588
vt 0.903246 0.707625
vt 0.874601 0.710553
vt 0.907322 0.708102
vt 0.879605 0.709244
vt 0.911734 0.708900
vt 0.884053 0.708373
vt 0.916886 0.710117
vt 0.888082 0.707792
vt 0.923022 0.712086
vt 0.891932 0.707464
vt 0.895660 0.707302
vt 0.883377 0.704816
vt 0.912545 0.705521
vt 0.917796 0.707075
vt 0.887614 0.704087
vt 0.923983 0.709493
vt 0.891661 0.703669
vt 0.932615 0.713565
vt 0.895610 0.703477
vt 0.850596 0.719616
vt 0.859218 0.714176
vt 0.941602 0.718947
vt 0.899568 0.703560
vt 0.867534 0.710060
vt 0.903635 0.703891
vt 0.873596 0.707559
vt 0.907878 0.704533
vt 0.878801 0.705930
vt 0.899781 0.699521
vt 0.866244 0.707563
vt 0.904101 0.699962
vt 0.872453 0.704514
vt 0.908669 0.700729
vt 0.877752 0.702475
vt 0.913498 0.702019
vt 0.882527 0.701075
vt 0.918919 0.703967
vt 0.887020 0.700166
vt 0.925241 0.706913
vt 0.891330 0.699640
vt 0.933649 0.711764
vt 0.895552 0.699407
vt 0.849611 0.717917
vt 0.858309 0.712382
vt 0.942322 0.717943
vt 0.914742 0.698346
vt 0.920327 0.700766
vt 0.886272 0.695974
vt 0.926753 0.704345
vt 0.890918 0.695313
vt 0.934718 0.709960
vt 0.895486 0.695025
vt 0.849394 0.717641
vt 0.857118 0.710751
vt 0.943387 0.716314
vt 0.900066 0.695172
vt 0.864790 0.705068
vt 0.904736 0.695733
vt 0.870917 0.701383
vt 0.909592 0.696742
vt 0.876446 0.698882
vt 0.881502 0.697150
vt 0.863024 0.702609
vt 0.905554 0.691144
vt 0.869114 0.698186
vt 0.910779 0.692470
vt 0.874777 0.695079
vt 0.916292 0.694474
vt 0.880166 0.692921
vt 0.922101 0.697459
vt 0.885364 0.691487
vt 0.928463 0.701785
vt 0.890402 0.690611
vt 0.936070 0.708349
vt 0.895408 0.690244
vt 0.848201 0.716365
vt 0.855858 0.709126
vt 0.943610 0.716051
vt 0.900436 0.690435
vt 0.884152 0.686543
vt 0.930520 0.699279
vt 0.889722 0.685377
vt 0.937606 0.706853
vt 0.895319 0.684941
vt 0.847960 0.716176
vt 0.854339 0.707727
vt 0.944470 0.715438
vt 0.900920 0.685212
vt 0.860943 0.700227
vt 0.906558 0.686174
vt 0.866904 0.694936
vt 0.912335 0.687817
vt 0.872769 0.691117
vt 0.918246 0.690365
vt 0.878470 0.688354
vt 0.924277 0.694070
vt 0.907943 0.680573
vt 0.858461 0.697965
vt 0.864179 0.691643
vt 0.914347 0.682723
vt 0.870185 0.686913
vt 0.920650 0.686063
vt 0.876341 0.683416
vt 0.926901 0.690656
vt 0.882593 0.681038
vt 0.933039 0.696907
vt 0.888880 0.679558
vt 0.939268 0.705424
vt 0.895214 0.678976
vt 0.846746 0.715462
vt 0.852693 0.706400
vt 0.945729 0.714619
vt 0.901571 0.679329
vt 0.935975 0.694706
vt 0.880557 0.674851
vt 0.887759 0.672893
vt 0.941128 0.704214
vt 0.895084 0.672125
vt 0.846500 0.715388
vt 0.850830 0.705369
vt 0.946371 0.714303
vt 0.902445 0.672603
vt 0.855529 0.695934
vt 0.909753 0.674281
vt 0.860882 0.688408
vt 0.916918 0.677164
vt 0.866930 0.682489
vt 0.923794 0.681456
vt 0.873572 0.677991
vt 0.930157 0.687227
vt 0.912209 0.667042
vt 0.920334 0.670987
vt 0.862737 0.677822
vt 0.927852 0.676558
vt 0.869938 0.672008
vt 0.934174 0.683891
vt 0.877827 0.667758
vt 0.939372 0.692790
vt 0.886246 0.665103
vt 0.943183 0.703340
vt 0.894920 0.664079
vt 0.845528 0.715268
vt 0.848807 0.704528
vt 0.946612 0.714260
vt 0.903645 0.664734
vt 0.852111 0.694193
vt 0.856820 0.685308
vt 0.945390 0.702771
vt 0.884175 0.655758
vt 0.894709 0.654416
vt 0.845338 0.715260
vt 0.846657 0.704058
vt 0.947190 0.714314
vt 0.905312 0.655277
vt 0.848267 0.692905
vt 0.915662 0.658467
vt 0.851778 0.682490
vt 0.925097 0.663911
vt 0.857361 0.673063
vt 0.933080 0.671507
vt 0.864921 0.665201
vt 0.939194 0.680768
vt 0.874033 0.659391
vt 0.943260 0.691307
vt 0.850368 0.668316
vt 0.939912 0.666411
vt 0.858249 0.657950
vt 0.945343 0.678135
vt 0.868578 0.649223
vt 0.947781 0.690433
vt 0.881343 0.644242
vt 0.947745 0.702556
vt 0.894430 0.642678
vt 0.844919 0.715595
vt 0.844384 0.703940
vt 0.947663 0.714679
vt 0.907612 0.643599
vt 0.843893 0.692284
vt 0.920682 0.647991
vt 0.845487 0.680173
vt 0.931491 0.656303
vt 0.897025 0.814027
vt 0.885997 0.800227
vt 0.896794 0.801272
vt 0.844060 0.752591
vt 0.844271 0.740618
vt 0.846388 0.752404
vt 0.947454 0.739419
vt 0.948013 0.751332
vt 0.945689 0.751214
vt 0.907528 0.799871
vt 0.910764 0.811430
vt 0.843893 0.764565
vt 0.848366 0.763799
vt 0.917593 0.796195
vt 0.922758 0.805766
vt 0.845887 0.776966
vt 0.852191 0.774352
vt 0.933268 0.798003
vt 0.926762 0.790483
vt 0.858389 0.783719
vt 0.851551 0.788735
vt 0.934459 0.782700
vt 0.941495 0.787685
vt 0.866383 0.791275
vt 0.859754 0.799215
vt 0.940406 0.773233
vt 0.946804 0.775700
vt 0.875755 0.796840
vt 0.870843 0.806749
vt 0.944049 0.762594
vt 0.948527 0.763247
vt 0.883164 0.811973
vt 0.929175 0.777853
vt 0.863626 0.778687
vt 0.871148 0.784291
vt 0.935370 0.770318
vt 0.879256 0.788375
vt 0.940070 0.761272
vt 0.887837 0.790717
vt 0.943492 0.750731
vt 0.896636 0.791384
vt 0.844704 0.740947
vt 0.848581 0.751859
vt 0.947052 0.739766
vt 0.905399 0.790458
vt 0.852287 0.762368
vt 0.913878 0.787885
vt 0.857246 0.771276
vt 0.921839 0.783626
vt 0.845262 0.741018
vt 0.850623 0.751009
vt 0.946851 0.739790
vt 0.941432 0.749871
vt 0.903903 0.782606
vt 0.855673 0.760481
vt 0.911179 0.780746
vt 0.861330 0.767954
vt 0.918280 0.777601
vt 0.867753 0.773791
vt 0.924973 0.773088
vt 0.874574 0.778156
vt 0.931177 0.767092
vt 0.881770 0.781138
vt 0.936619 0.759477
vt 0.889111 0.782809
vt 0.896518 0.783267
vt 0.870875 0.769220
vt 0.877258 0.772528
vt 0.927852 0.763788
vt 0.883629 0.774807
vt 0.933653 0.757375
vt 0.890031 0.776047
vt 0.939552 0.748733
vt 0.896423 0.776374
vt 0.845495 0.740979
vt 0.852472 0.749822
vt 0.946297 0.739713
vt 0.902800 0.775878
vt 0.858584 0.758289
vt 0.909156 0.774476
vt 0.864633 0.764554
vt 0.915465 0.772053
vt 0.921680 0.768556
vt 0.901965 0.769997
vt 0.854125 0.748417
vt 0.861055 0.755912
vt 0.907614 0.768920
vt 0.867324 0.761142
vt 0.913303 0.767034
vt 0.873403 0.764859
vt 0.919147 0.764320
vt 0.879236 0.767500
vt 0.925087 0.760460
vt 0.885024 0.769218
vt 0.931140 0.755082
vt 0.890711 0.770145
vt 0.937823 0.747474
vt 0.896344 0.770379
vt 0.846132 0.740686
vt 0.945114 0.739283
vt 0.917056 0.760274
vt 0.922825 0.757163
vt 0.886089 0.764181
vt 0.928990 0.752661
vt 0.891223 0.764889
vt 0.936340 0.745950
vt 0.896277 0.765059
vt 0.846804 0.740183
vt 0.855585 0.746839
vt 0.944854 0.739146
vt 0.901322 0.764763
vt 0.863137 0.753424
vt 0.906428 0.763931
vt 0.869522 0.757777
vt 0.911672 0.762477
vt 0.875345 0.760777
vt 0.880824 0.762835
vt 0.905500 0.759368
vt 0.864935 0.750901
vt 0.871271 0.754509
vt 0.910333 0.758206
vt 0.876880 0.756917
vt 0.915433 0.756461
vt 0.882066 0.758528
vt 0.920974 0.753931
vt 0.886907 0.759594
vt 0.927198 0.750173
vt 0.891613 0.760133
vt 0.934955 0.744393
vt 0.896219 0.760255
vt 0.848067 0.739054
vt 0.856953 0.745231
vt 0.943592 0.738104
vt 0.900816 0.760019
vt 0.848919 0.738308
vt 0.942756 0.737387
vt 0.973085 0.123843
vt 0.764856 0.235144
vt 0.947370 0.085359
vt 0.914641 0.052630
vt 0.876156 0.026915
vt 0.833394 0.009203
vt 0.787998 0.000173
vt 0.741713 0.000173
vt 0.696317 0.009203
vt 0.653555 0.026915
vt 0.615070 0.052630
vt 0.582342 0.085359
vt 0.556627 0.123844
vt 0.538914 0.166606
vt 0.529885 0.212001
vt 0.529885 0.258287
vt 0.538915 0.303683
vt 0.556627 0.346445
vt 0.582342 0.384930
vt 0.615070 0.417658
vt 0.653555 0.443373
vt 0.696317 0.461085
vt 0.741713 0.470115
vt 0.787999 0.470115
vt 0.833395 0.461085
vt 0.876157 0.443373
vt 0.914641 0.417658
vt 0.947370 0.384929
vt 0.973085 0.346445
vt 0.990797 0.303683
vt 0.999827 0.258287
vt 0.999827 0.212001
vt 0.535912 0.581546
vt 0.732462 0.476488
vt 0.837520 0.673038
vt 0.990797 0.166605
vt 0.825698 0.701580
vt 0.808535 0.727267
vt 0.786690 0.749111
vt 0.761004 0.766275
vt 0.732462 0.778097
vt 0.702163 0.784124
vt 0.671269 0.784124
vt 0.640970 0.778097
vt 0.612429 0.766275
vt 0.586742 0.749111
vt 0.564897 0.727267
vt 0.547734 0.701580
vt 0.535912 0.673038
vt 0.529885 0.642739
vt 0.529885 0.611846
vt 0.547734 0.553005
vt 0.564897 0.527318
vt 0.586742 0.505473
vt 0.612429 0.488310
vt 0.640970 0.476488
vt 0.671269 0.470461
vt 0.702163 0.470461
vt 0.761004 0.488310
vt 0.786690 0.505474
vt 0.808535 0.527318
vt 0.825698 0.553005
vt 0.837520 0.581546
vt 0.843547 0.611846
vt 0.843547 0.642739
s 0
usemtl マテリアル.003
f 5/1/1 16/2/1 478/3/1
f 1/4/2 8/5/2 9/6/2
f 478/3/3 17/7/3 6/8/3
f 476/9/4 9/6/4 10/10/4
f 6/8/5 18/11/5 479/12/5
f 2/13/6 10/10/6 11/14/6
f 479/12/7 19/15/7 480/16/7
f 477/17/8 11/14/8 12/18/8
f 480/16/9 20/19/9 481/20/9
f 3/21/10 12/18/10 13/22/10
f 481/20/11 21/23/11 482/24/11
f 3/21/12 14/25/12 4/26/12
f 474/27/13 82/28/13 7/29/13
f 308/30/14 482/24/14 21/23/14
f 4/26/15 15/31/15 5/1/15
f 475/32/16 7/29/16 8/5/16
f 14/25/17 30/33/17 15/31/17
f 7/29/18 23/34/18 8/5/18
f 15/31/19 31/35/19 16/2/19
f 8/5/20 24/36/20 9/6/20
f 16/2/21 32/37/21 17/7/21
f 9/6/22 25/38/22 10/10/22
f 17/7/23 33/39/23 18/11/23
f 10/10/24 26/40/24 11/14/24
f 19/15/25 33/39/25 34/41/25
f 11/14/26 27/42/26 12/18/26
f 20/19/27 34/41/27 35/43/27
f 13/22/28 27/42/28 28/44/28
f 20/19/29 36/45/29 21/23/29
f 13/22/30 29/46/30 14/25/30
f 7/29/31 82/47/31 22/48/31
f 308/49/32 21/23/32 36/45/32
f 34/41/33 48/50/33 49/51/33
f 26/40/34 42/52/34 27/42/34
f 34/41/35 50/53/35 35/43/35
f 27/42/36 43/54/36 28/44/36
f 35/43/37 51/55/37 36/45/37
f 28/44/38 44/56/38 29/46/38
f 22/48/39 82/57/39 37/58/39
f 308/59/40 36/45/40 51/55/40
f 30/33/41 44/56/41 45/60/41
f 22/48/42 38/61/42 23/34/42
f 30/33/43 46/62/43 31/35/43
f 23/34/44 39/63/44 24/36/44
f 32/37/45 46/62/45 47/64/45
f 24/36/46 40/65/46 25/38/46
f 33/39/47 47/64/47 48/50/47
f 25/38/48 41/66/48 26/40/48
f 37/58/49 53/67/49 38/61/49
f 45/60/50 61/68/50 46/62/50
f 38/61/51 54/69/51 39/63/51
f 47/64/52 61/68/52 62/70/52
f 39/63/53 55/71/53 40/65/53
f 47/64/54 63/72/54 48/50/54
f 40/65/55 56/73/55 41/66/55
f 48/50/56 64/74/56 49/51/56
f 41/66/57 57/75/57 42/52/57
f 49/51/58 65/76/58 50/53/58
f 43/54/59 57/75/59 58/77/59
f 50/53/60 66/78/60 51/55/60
f 44/56/61 58/77/61 59/79/61
f 37/58/62 82/80/62 52/81/62
f 308/82/63 51/55/63 66/78/63
f 44/56/64 60/83/64 45/60/64
f 56/73/65 72/84/65 57/75/65
f 65/76/66 79/85/66 80/86/66
f 58/77/67 72/84/67 73/87/67
f 65/76/68 81/88/68 66/78/68
f 59/79/69 73/87/69 74/89/69
f 52/81/70 82/90/70 67/91/70
f 308/92/71 66/78/71 81/88/71
f 59/79/72 75/93/72 60/83/72
f 52/81/73 68/94/73 53/67/73
f 60/83/74 76/95/74 61/68/74
f 53/67/75 69/96/75 54/69/75
f 62/70/76 76/95/76 77/97/76
f 54/69/77 70/98/77 55/71/77
f 62/70/78 78/99/78 63/72/78
f 56/73/79 70/98/79 71/100/79
f 63/72/80 79/85/80 64/74/80
f 75/93/81 92/101/81 76/95/81
f 68/94/82 85/102/82 69/96/82
f 77/97/83 92/101/83 93/103/83
f 69/96/84 86/104/84 70/98/84
f 77/97/85 94/105/85 78/99/85
f 71/100/86 86/104/86 87/106/86
f 78/99/87 95/107/87 79/85/87
f 71/100/88 88/108/88 72/84/88
f 79/85/89 96/109/89 80/86/89
f 73/87/90 88/108/90 89/110/90
f 81/88/91 96/109/91 97/111/91
f 74/89/92 89/110/92 90/112/92
f 67/91/93 82/113/93 83/114/93
f 308/115/94 81/88/94 97/111/94
f 74/89/95 91/116/95 75/93/95
f 67/91/96 84/117/96 68/94/96
f 96/109/97 110/118/97 111/119/97
f 89/110/98 103/120/98 104/121/98
f 96/109/99 112/122/99 97/111/99
f 90/112/100 104/121/100 105/123/100
f 83/114/101 82/124/101 98/125/101
f 308/126/102 97/111/102 112/122/102
f 90/112/103 106/127/103 91/116/103
f 84/117/104 98/125/104 99/128/104
f 91/116/105 107/129/105 92/101/105
f 84/117/106 100/130/106 85/102/106
f 93/103/107 107/129/107 108/131/107
f 85/102/108 101/132/108 86/104/108
f 93/103/109 109/133/109 94/105/109
f 87/106/110 101/132/110 102/134/110
f 95/107/111 109/133/111 110/118/111
f 87/106/112 103/120/112 88/108/112
f 108/131/113 122/135/113 123/136/113
f 100/130/114 116/137/114 101/132/114
f 108/131/115 124/138/115 109/133/115
f 102/134/116 116/137/116 117/139/116
f 110/118/117 124/138/117 125/140/117
f 102/134/118 118/141/118 103/120/118
f 110/118/119 126/142/119 111/119/119
f 104/121/120 118/141/120 119/143/120
f 111/119/121 127/144/121 112/122/121
f 105/123/122 119/143/122 120/145/122
f 98/125/123 82/146/123 113/147/123
f 308/148/124 112/122/124 127/144/124
f 105/123/125 121/149/125 106/127/125
f 99/128/126 113/147/126 114/150/126
f 106/127/127 122/135/127 107/129/127
f 99/128/128 115/151/128 100/130/128
f 126/142/129 142/152/129 127/144/129
f 120/145/130 134/153/130 135/154/130
f 113/147/131 82/155/131 128/156/131
f 308/157/132 127/144/132 142/152/132
f 120/145/133 136/158/133 121/149/133
f 113/147/134 129/159/134 114/150/134
f 121/149/135 137/160/135 122/135/135
f 114/150/136 130/161/136 115/151/136
f 123/136/137 137/160/137 138/162/137
f 115/151/138 131/163/138 116/137/138
f 123/136/139 139/164/139 124/138/139
f 117/139/140 131/163/140 132/165/140
f 125/140/141 139/164/141 140/166/141
f 117/139/142 133/167/142 118/141/142
f 125/140/143 141/168/143 126/142/143
f 119/143/144 133/167/144 134/153/144
f 130/161/145 146/169/145 131/163/145
f 138/162/146 154/170/146 139/164/146
f 132/165/147 146/169/147 147/171/147
f 140/166/148 154/170/148 155/172/148
f 132/165/149 148/173/149 133/167/149
f 140/166/150 156/174/150 141/168/150
f 134/153/151 148/173/151 149/175/151
f 142/152/152 156/174/152 157/176/152
f 135/154/153 149/175/153 150/177/153
f 128/156/154 82/178/154 143/179/154
f 308/180/155 142/152/155 157/176/155
f 135/154/156 151/181/156 136/158/156
f 128/156/157 144/182/157 129/159/157
f 136/158/158 152/183/158 137/160/158
f 130/161/159 144/182/159 145/184/159
f 138/162/160 152/183/160 153/185/160
f 150/177/161 164/186/161 165/187/161
f 143/179/162 82/188/162 158/189/162
f 308/190/163 157/176/163 172/191/163
f 150/177/164 166/192/164 151/181/164
f 143/179/165 159/193/165 144/182/165
f 151/181/166 167/194/166 152/183/166
f 145/184/167 159/193/167 160/195/167
f 153/185/168 167/194/168 168/196/168
f 145/184/169 161/197/169 146/169/169
f 153/185/170 169/198/170 154/170/170
f 147/171/171 161/197/171 162/199/171
f 155/172/172 169/198/172 170/200/172
f 147/171/173 163/201/173 148/173/173
f 155/172/174 171/202/174 156/174/174
f 149/175/175 163/201/175 164/186/175
f 156/174/176 172/191/176 157/176/176
f 168/196/177 184/203/177 169/198/177
f 162/199/178 176/204/178 177/205/178
f 169/198/179 185/206/179 170/200/179
f 162/199/180 178/207/180 163/201/180
f 171/202/181 185/206/181 186/208/181
f 164/186/182 178/207/182 179/209/182
f 172/191/183 186/208/183 187/210/183
f 165/187/184 179/209/184 180/211/184
f 158/189/185 82/212/185 173/213/185
f 308/214/186 172/191/186 187/210/186
f 165/187/187 181/215/187 166/192/187
f 158/189/188 174/216/188 159/193/188
f 166/192/189 182/217/189 167/194/189
f 159/193/190 175/218/190 160/195/190
f 168/196/191 182/217/191 183/219/191
f 160/195/192 176/204/192 161/197/192
f 173/213/193 82/220/193 188/221/193
f 308/222/194 187/210/194 202/223/194
f 180/211/195 196/224/195 181/215/195
f 174/216/196 188/221/196 189/225/196
f 181/215/197 197/226/197 182/217/197
f 175/218/198 189/225/198 190/227/198
f 183/219/199 197/226/199 198/228/199
f 175/218/200 191/229/200 176/204/200
f 183/219/201 199/230/201 184/203/201
f 177/205/202 191/229/202 192/231/202
f 185/206/203 199/230/203 200/232/203
f 177/205/204 193/233/204 178/207/204
f 185/206/205 201/234/205 186/208/205
f 179/209/206 193/233/206 194/235/206
f 186/208/207 202/223/207 187/210/207
f 180/211/208 194/235/208 195/236/208
f 192/231/209 206/237/209 207/238/209
f 200/232/210 214/239/210 215/240/210
f 192/231/211 208/241/211 193/233/211
f 200/232/212 216/242/212 201/234/212
f 194/235/213 208/241/213 209/243/213
f 201/234/214 217/244/214 202/223/214
f 195/236/215 209/243/215 210/245/215
f 188/221/216 82/246/216 203/247/216
f 308/248/217 202/223/217 217/244/217
f 195/236/218 211/249/218 196/224/218
f 188/221/219 204/250/219 189/225/219
f 196/224/220 212/251/220 197/226/220
f 189/225/221 205/252/221 190/227/221
f 198/228/222 212/251/222 213/253/222
f 190/227/223 206/237/223 191/229/223
f 198/228/224 214/239/224 199/230/224
f 210/245/225 226/254/225 211/249/225
f 203/247/226 219/255/226 204/250/226
f 211/249/227 227/256/227 212/251/227
f 204/250/228 220/257/228 205/252/228
f 213/253/229 227/256/229 228/258/229
f 205/252/230 221/259/230 206/237/230
f 213/253/231 229/260/231 214/239/231
f 207/238/232 221/259/232 222/261/232
f 215/240/233 229/260/233 230/262/233
f 207/238/234 223/263/234 208/241/234
f 215/240/235 231/264/235 216/242/235
f 209/243/236 223/263/236 224/265/236
f 216/242/237 232/266/237 217/244/237
f 210/245/238 224/265/238 225/267/238
f 203/247/239 82/268/239 218/269/239
f 308/270/240 217/244/240 232/266/240
f 230/262/241 244/271/241 245/272/241
f 222/261/242 238/273/242 223/263/242
f 230/262/243 246/274/243 231/264/243
f 224/265/244 238/273/244 239/275/244
f 232/266/245 246/274/245 247/276/245
f 225/267/246 239/275/246 240/277/246
f 218/269/247 82/278/247 233/279/247
f 308/280/248 232/266/248 247/276/248
f 225/267/249 241/281/249 226/254/249
f 218/269/250 234/282/250 219/255/250
f 226/254/251 242/283/251 227/256/251
f 220/257/252 234/282/252 235/284/252
f 228/258/253 242/283/253 243/285/253
f 220/257/254 236/286/254 221/259/254
f 228/258/255 244/271/255 229/260/255
f 222/261/256 236/286/256 237/287/256
f 241/281/257 257/288/257 242/283/257
f 234/282/258 250/289/258 235/284/258
f 243/285/259 257/288/259 258/290/259
f 235/284/260 251/291/260 236/286/260
f 243/285/261 259/292/261 244/271/261
f 237/287/262 251/291/262 252/293/262
f 245/272/263 259/292/263 260/294/263
f 237/287/264 253/295/264 238/273/264
f 245/272/265 261/296/265 246/274/265
f 239/275/266 253/295/266 254/297/266
f 246/274/267 262/298/267 247/276/267
f 240/277/268 254/297/268 255/299/268
f 233/279/269 82/300/269 248/301/269
f 308/302/270 247/276/270 262/298/270
f 240/277/271 256/303/271 241/281/271
f 233/279/272 249/304/272 234/282/272
f 260/294/273 276/305/273 261/296/273
f 254/297/274 268/306/274 269/307/274
f 261/296/275 277/308/275 262/298/275
f 255/299/276 269/307/276 270/309/276
f 248/301/277 82/310/277 263/311/277
f 308/312/278 262/298/278 277/308/278
f 255/299/279 271/313/279 256/303/279
f 249/304/280 263/311/280 264/314/280
f 256/303/281 272/315/281 257/288/281
f 249/304/282 265/316/282 250/289/282
f 258/290/283 272/315/283 273/317/283
f 250/289/284 266/318/284 251/291/284
f 258/290/285 274/319/285 259/292/285
f 252/293/286 266/318/286 267/320/286
f 260/294/287 274/319/287 275/321/287
f 252/293/288 268/306/288 253/295/288
f 264/314/289 280/322/289 265/316/289
f 273/317/290 287/323/290 288/324/290
f 265/316/291 281/325/291 266/318/291
f 273/317/292 289/326/292 274/319/292
f 267/320/293 281/325/293 282/327/293
f 275/321/294 289/326/294 290/328/294
f 267/320/295 283/329/295 268/306/295
f 275/321/296 291/330/296 276/305/296
f 269/307/297 283/329/297 284/331/297
f 277/308/298 291/330/298 292/332/298
f 270/309/299 284/331/299 285/333/299
f 263/311/300 82/334/300 278/335/300
f 308/336/301 277/308/301 292/332/301
f 270/309/302 286/337/302 271/313/302
f 264/314/303 278/335/303 279/338/303
f 271/313/304 287/323/304 272/315/304
f 284/331/305 298/339/305 299/340/305
f 292/332/306 306/341/306 307/342/306
f 285/333/307 299/340/307 300/343/307
f 278/335/308 82/344/308 293/345/308
f 308/346/309 292/332/309 307/342/309
f 285/333/310 301/347/310 286/337/310
f 278/335/311 294/348/311 279/338/311
f 286/337/312 302/349/312 287/323/312
f 279/338/313 295/350/313 280/322/313
f 288/324/314 302/349/314 303/351/314
f 280/322/315 296/352/315 281/325/315
f 288/324/316 304/353/316 289/326/316
f 282/327/317 296/352/317 297/354/317
f 290/328/318 304/353/318 305/355/318
f 282/327/319 298/339/319 283/329/319
f 290/328/320 306/341/320 291/330/320
f 303/351/321 318/356/321 319/357/321
f 295/350/322 312/358/322 296/352/322
f 303/351/323 320/359/323 304/353/323
f 297/354/324 312/358/324 313/360/324
f 305/355/325 320/359/325 321/361/325
f 297/354/326 314/362/326 298/339/326
f 305/355/327 322/363/327 306/341/327
f 299/340/328 314/362/328 315/364/328
f 306/341/329 323/365/329 307/342/329
f 300/343/330 315/364/330 316/366/330
f 293/345/331 82/367/331 309/368/331
f 308/369/332 307/342/332 323/365/332
f 300/343/333 317/370/333 301/347/333
f 293/345/334 310/371/334 294/348/334
f 301/347/335 318/356/335 302/349/335
f 294/348/336 311/372/336 295/350/336
f 322/363/337 338/373/337 323/365/337
f 316/366/338 330/374/338 331/375/338
f 309/368/339 82/376/339 324/377/339
f 308/378/340 323/365/340 338/373/340
f 316/366/341 332/379/341 317/370/341
f 309/368/342 325/380/342 310/371/342
f 317/370/343 333/381/343 318/356/343
f 310/371/344 326/382/344 311/372/344
f 319/357/345 333/381/345 334/383/345
f 311/372/346 327/384/346 312/358/346
f 319/357/347 335/385/347 320/359/347
f 312/358/348 328/386/348 313/360/348
f 321/361/349 335/385/349 336/387/349
f 313/360/350 329/388/350 314/362/350
f 321/361/351 337/389/351 322/363/351
f 315/364/352 329/388/352 330/374/352
f 326/382/353 342/390/353 327/384/353
f 334/383/354 350/391/354 335/385/354
f 328/386/355 342/390/355 343/392/355
f 336/387/356 350/391/356 351/393/356
f 328/386/357 344/394/357 329/388/357
f 336/387/358 352/395/358 337/389/358
f 330/374/359 344/394/359 345/396/359
f 337/389/360 353/397/360 338/373/360
f 331/375/361 345/396/361 346/398/361
f 324/377/362 82/399/362 339/400/362
f 308/401/363 338/373/363 353/397/363
f 331/375/364 347/402/364 332/379/364
f 324/377/365 340/403/365 325/380/365
f 332/379/366 348/404/366 333/381/366
f 325/380/367 341/405/367 326/382/367
f 334/383/368 348/404/368 349/406/368
f 346/398/369 360/407/369 361/408/369
f 339/400/370 82/409/370 354/410/370
f 308/411/371 353/397/371 368/412/371
f 346/398/372 362/413/372 347/402/372
f 339/400/373 355/414/373 340/403/373
f 347/402/374 363/415/374 348/404/374
f 341/405/375 355/414/375 356/416/375
f 349/406/376 363/415/376 364/417/376
f 341/405/377 357/418/377 342/390/377
f 349/406/378 365/419/378 350/391/378
f 343/392/379 357/418/379 358/420/379
f 351/393/380 365/419/380 366/421/380
f 343/392/381 359/422/381 344/394/381
f 351/393/382 367/423/382 352/395/382
f 345/396/383 359/422/383 360/407/383
f 352/395/384 368/412/384 353/397/384
f 364/424/385 380/425/385 365/426/385
f 358/427/386 372/428/386 373/429/386
f 366/430/387 380/425/387 381/431/387
f 358/427/388 374/432/388 359/433/388
f 366/430/389 382/434/389 367/435/389
f 360/436/390 374/432/390 375/437/390
f 367/435/391 383/438/391 368/439/391
f 361/440/392 375/437/392 376/441/392
f 354/442/393 82/443/393 369/444/393
f 308/445/394 368/439/394 383/438/394
f 361/440/395 377/446/395 362/447/395
f 354/442/396 370/448/396 355/449/396
f 362/447/397 378/450/397 363/451/397
f 356/452/398 370/448/398 371/453/398
f 364/424/399 378/450/399 379/454/399
f 356/452/400 372/428/400 357/455/400
f 308/456/401 383/438/401 398/457/401
f 376/441/402 392/458/402 377/446/402
f 369/444/403 385/459/403 370/448/403
f 377/446/404 393/460/404 378/450/404
f 371/453/405 385/459/405 386/461/405
f 379/454/406 393/460/406 394/462/406
f 371/453/407 387/463/407 372/428/407
f 379/454/408 395/464/408 380/425/408
f 373/429/409 387/463/409 388/465/409
f 381/431/410 395/464/410 396/466/410
f 373/429/411 389/467/411 374/432/411
f 381/431/412 397/468/412 382/434/412
f 375/437/413 389/467/413 390/469/413
f 382/434/414 398/457/414 383/438/414
f 376/441/415 390/469/415 391/470/415
f 369/444/416 82/471/416 384/472/416
f 396/466/417 410/473/417 411/474/417
f 388/465/418 404/475/418 389/467/418
f 397/468/419 411/474/419 412/476/419
f 390/469/420 404/475/420 405/477/420
f 397/468/421 413/478/421 398/457/421
f 391/470/422 405/477/422 406/479/422
f 384/472/423 82/480/423 399/481/423
f 308/482/424 398/457/424 413/478/424
f 391/470/425 407/483/425 392/458/425
f 385/459/426 399/481/426 400/484/426
f 392/458/427 408/485/427 393/460/427
f 385/459/428 401/486/428 386/461/428
f 394/462/429 408/485/429 409/487/429
f 386/461/430 402/488/430 387/463/430
f 394/462/431 410/473/431 395/464/431
f 388/465/432 402/488/432 403/489/432
f 399/481/433 415/490/433 400/484/433
f 407/483/434 423/491/434 408/485/434
f 401/486/435 415/490/435 416/492/435
f 409/487/436 423/491/436 424/493/436
f 401/486/437 417/494/437 402/488/437
f 409/487/438 425/495/438 410/473/438
f 403/489/439 417/494/439 418/496/439
f 411/474/440 425/495/440 426/497/440
f 403/489/441 419/498/441 404/475/441
f 411/474/442 427/499/442 412/476/442
f 405/477/443 419/498/443 420/500/443
f 412/476/444 428/501/444 413/478/444
f 406/479/445 420/500/445 421/502/445
f 399/481/446 82/503/446 414/504/446
f 308/505/447 413/478/447 428/501/447
f 406/479/448 422/506/448 407/483/448
f 418/496/449 434/507/449 419/498/449
f 426/497/450 442/508/450 427/499/450
f 420/500/451 434/507/451 435/509/451
f 427/499/452 443/510/452 428/501/452
f 421/502/453 435/509/453 436/511/453
f 414/504/454 82/512/454 429/513/454
f 308/514/455 428/501/455 443/510/455
f 421/502/456 437/515/456 422/506/456
f 414/504/457 430/516/457 415/490/457
f 422/506/458 438/517/458 423/491/458
f 416/492/459 430/516/459 431/518/459
f 424/493/460 438/517/460 439/519/460
f 416/492/461 432/520/461 417/494/461
f 424/493/462 440/521/462 425/495/462
f 418/496/463 432/520/463 433/522/463
f 426/497/464 440/521/464 441/523/464
f 437/515/465 453/524/465 438/517/465
f 430/516/466 446/525/466 431/518/466
f 439/519/467 453/524/467 454/526/467
f 431/518/468 447/527/468 432/520/468
f 439/519/469 455/528/469 440/521/469
f 433/522/470 447/527/470 448/529/470
f 441/523/471 455/528/471 456/530/471
f 433/522/472 449/531/472 434/507/472
f 441/523/473 457/532/473 442/508/473
f 435/509/474 449/531/474 450/533/474
f 442/508/475 458/534/475 443/510/475
f 436/511/476 450/533/476 451/535/476
f 429/513/477 82/536/477 444/537/477
f 308/538/478 443/510/478 458/534/478
f 436/511/479 452/539/479 437/515/479
f 430/516/480 444/537/480 445/540/480
f 456/530/481 472/541/481 457/532/481
f 450/533/482 464/542/482 465/543/482
f 458/534/483 472/541/483 473/544/483
f 451/535/484 465/543/484 466/545/484
f 444/537/485 82/546/485 459/547/485
f 308/548/486 458/534/486 473/544/486
f 451/535/487 467/549/487 452/539/487
f 444/537/488 460/550/488 445/540/488
f 452/539/489 468/551/489 453/524/489
f 446/525/490 460/550/490 461/552/490
f 454/526/491 468/551/491 469/553/491
f 446/525/492 462/554/492 447/527/492
f 454/526/493 470/555/493 455/528/493
f 448/529/494 462/554/494 463/556/494
f 456/530/495 470/555/495 471/557/495
f 448/529/496 464/542/496 449/531/496
f 461/552/497 475/32/497 1/4/497
f 468/551/498 6/8/498 469/553/498
f 462/554/499 1/4/499 476/9/499
f 469/553/500 479/12/500 470/555/500
f 463/556/501 476/9/501 2/13/501
f 471/557/502 479/12/502 480/16/502
f 464/542/503 2/13/503 477/17/503
f 471/557/504 481/20/504 472/541/504
f 465/543/505 477/17/505 3/21/505
f 472/541/506 482/24/506 473/544/506
f 466/545/507 3/21/507 4/26/507
f 459/547/508 82/558/508 474/27/508
f 308/559/509 473/544/509 482/24/509
f 466/545/510 5/1/510 467/549/510
f 460/550/511 474/27/511 475/32/511
f 467/549/512 478/3/512 468/551/512
f 5/1/1 15/31/1 16/2/1
f 1/4/2 475/32/2 8/5/2
f 478/3/3 16/2/3 17/7/3
f 476/9/4 1/4/4 9/6/4
f 6/8/5 17/7/5 18/11/5
f 2/13/6 476/9/6 10/10/6
f 479/12/7 18/11/7 19/15/7
f 477/17/8 2/13/8 11/14/8
f 480/16/9 19/15/9 20/19/9
f 3/21/10 477/17/10 12/18/10
f 481/20/11 20/19/11 21/23/11
f 3/21/513 13/22/513 14/25/513
f 4/26/514 14/25/514 15/31/514
f 475/32/16 474/27/16 7/29/16
f 14/25/17 29/46/17 30/33/17
f 7/29/18 22/48/18 23/34/18
f 15/31/19 30/33/19 31/35/19
f 8/5/20 23/34/20 24/36/20
f 16/2/515 31/35/515 32/37/515
f 9/6/22 24/36/22 25/38/22
f 17/7/23 32/37/23 33/39/23
f 10/10/24 25/38/24 26/40/24
f 19/15/25 18/11/25 33/39/25
f 11/14/516 26/40/516 27/42/516
f 20/19/27 19/15/27 34/41/27
f 13/22/28 12/18/28 27/42/28
f 20/19/29 35/43/29 36/45/29
f 13/22/30 28/44/30 29/46/30
f 34/41/33 33/39/33 48/50/33
f 26/40/34 41/66/34 42/52/34
f 34/41/517 49/51/517 50/53/517
f 27/42/36 42/52/36 43/54/36
f 35/43/37 50/53/37 51/55/37
f 28/44/38 43/54/38 44/56/38
f 30/33/41 29/46/41 44/56/41
f 22/48/42 37/58/42 38/61/42
f 30/33/43 45/60/43 46/62/43
f 23/34/518 38/61/518 39/63/518
f 32/37/45 31/35/45 46/62/45
f 24/36/46 39/63/46 40/65/46
f 33/39/47 32/37/47 47/64/47
f 25/38/48 40/65/48 41/66/48
f 37/58/519 52/81/519 53/67/519
f 45/60/50 60/83/50 61/68/50
f 38/61/51 53/67/51 54/69/51
f 47/64/52 46/62/52 61/68/52
f 39/63/53 54/69/53 55/71/53
f 47/64/54 62/70/54 63/72/54
f 40/65/55 55/71/55 56/73/55
f 48/50/56 63/72/56 64/74/56
f 41/66/57 56/73/57 57/75/57
f 49/51/58 64/74/58 65/76/58
f 43/54/59 42/52/59 57/75/59
f 50/53/60 65/76/60 66/78/60
f 44/56/520 43/54/520 58/77/520
f 44/56/521 59/79/521 60/83/521
f 56/73/65 71/100/65 72/84/65
f 65/76/66 64/74/66 79/85/66
f 58/77/67 57/75/67 72/84/67
f 65/76/68 80/86/68 81/88/68
f 59/79/69 58/77/69 73/87/69
f 59/79/72 74/89/72 75/93/72
f 52/81/73 67/91/73 68/94/73
f 60/83/74 75/93/74 76/95/74
f 53/67/75 68/94/75 69/96/75
f 62/70/76 61/68/76 76/95/76
f 54/69/77 69/96/77 70/98/77
f 62/70/78 77/97/78 78/99/78
f 56/73/79 55/71/79 70/98/79
f 63/72/80 78/99/80 79/85/80
f 75/93/81 91/116/81 92/101/81
f 68/94/82 84/117/82 85/102/82
f 77/97/83 76/95/83 92/101/83
f 69/96/84 85/102/84 86/104/84
f 77/97/85 93/103/85 94/105/85
f 71/100/86 70/98/86 86/104/86
f 78/99/87 94/105/87 95/107/87
f 71/100/88 87/106/88 88/108/88
f 79/85/89 95/107/89 96/109/89
f 73/87/90 72/84/90 88/108/90
f 81/88/91 80/86/91 96/109/91
f 74/89/522 73/87/522 89/110/522
f 74/89/523 90/112/523 91/116/523
f 67/91/96 83/114/96 84/117/96
f 96/109/97 95/107/97 110/118/97
f 89/110/98 88/108/98 103/120/98
f 96/109/99 111/119/99 112/122/99
f 90/112/100 89/110/100 104/121/100
f 90/112/103 105/123/103 106/127/103
f 84/117/104 83/114/104 98/125/104
f 91/116/105 106/127/105 107/129/105
f 84/117/106 99/128/106 100/130/106
f 93/103/107 92/101/107 107/129/107
f 85/102/108 100/130/108 101/132/108
f 93/103/109 108/131/109 109/133/109
f 87/106/110 86/104/110 101/132/110
f 95/107/111 94/105/111 109/133/111
f 87/106/112 102/134/112 103/120/112
f 108/131/113 107/129/113 122/135/113
f 100/130/114 115/151/114 116/137/114
f 108/131/115 123/136/115 124/138/115
f 102/134/116 101/132/116 116/137/116
f 110/118/117 109/133/117 124/138/117
f 102/134/118 117/139/118 118/141/118
f 110/118/119 125/140/119 126/142/119
f 104/121/120 103/120/120 118/141/120
f 111/119/121 126/142/121 127/144/121
f 105/123/524 104/121/524 119/143/524
f 105/123/525 120/145/525 121/149/525
f 99/128/126 98/125/126 113/147/126
f 106/127/127 121/149/127 122/135/127
f 99/128/128 114/150/128 115/151/128
f 126/142/129 141/168/129 142/152/129
f 120/145/526 119/143/526 134/153/526
f 120/145/527 135/154/527 136/158/527
f 113/147/134 128/156/134 129/159/134
f 121/149/135 136/158/135 137/160/135
f 114/150/136 129/159/136 130/161/136
f 123/136/137 122/135/137 137/160/137
f 115/151/138 130/161/138 131/163/138
f 123/136/139 138/162/139 139/164/139
f 117/139/140 116/137/140 131/163/140
f 125/140/141 124/138/141 139/164/141
f 117/139/142 132/165/142 133/167/142
f 125/140/143 140/166/143 141/168/143
f 119/143/144 118/141/144 133/167/144
f 130/161/145 145/184/145 146/169/145
f 138/162/146 153/185/146 154/170/146
f 132/165/147 131/163/147 146/169/147
f 140/166/148 139/164/148 154/170/148
f 132/165/528 147/171/528 148/173/528
f 140/166/150 155/172/150 156/174/150
f 134/153/151 133/167/151 148/173/151
f 142/152/152 141/168/152 156/174/152
f 135/154/153 134/153/153 149/175/153
f 135/154/156 150/177/156 151/181/156
f 128/156/157 143/179/157 144/182/157
f 136/158/158 151/181/158 152/183/158
f 130/161/159 129/159/159 144/182/159
f 138/162/529 137/160/529 152/183/529
f 150/177/161 149/175/161 164/186/161
f 150/177/164 165/187/164 166/192/164
f 143/179/165 158/189/165 159/193/165
f 151/181/166 166/192/166 167/194/166
f 145/184/530 144/182/530 159/193/530
f 153/185/168 152/183/168 167/194/168
f 145/184/169 160/195/169 161/197/169
f 153/185/170 168/196/170 169/198/170
f 147/171/171 146/169/171 161/197/171
f 155/172/172 154/170/172 169/198/172
f 147/171/173 162/199/173 163/201/173
f 155/172/531 170/200/531 171/202/531
f 149/175/175 148/173/175 163/201/175
f 156/174/176 171/202/176 172/191/176
f 168/196/177 183/219/177 184/203/177
f 162/199/178 161/197/178 176/204/178
f 169/198/179 184/203/179 185/206/179
f 162/199/180 177/205/180 178/207/180
f 171/202/181 170/200/181 185/206/181
f 164/186/182 163/201/182 178/207/182
f 172/191/183 171/202/183 186/208/183
f 165/187/184 164/186/184 179/209/184
f 165/187/187 180/211/187 181/215/187
f 158/189/188 173/213/188 174/216/188
f 166/192/189 181/215/189 182/217/189
f 159/193/190 174/216/190 175/218/190
f 168/196/191 167/194/191 182/217/191
f 160/195/192 175/218/192 176/204/192
f 180/211/195 195/236/195 196/224/195
f 174/216/532 173/213/532 188/221/532
f 181/215/197 196/224/197 197/226/197
f 175/218/198 174/216/198 189/225/198
f 183/219/199 182/217/199 197/226/199
f 175/218/200 190/227/200 191/229/200
f 183/219/201 198/228/201 199/230/201
f 177/205/202 176/204/202 191/229/202
f 185/206/203 184/203/203 199/230/203
f 177/205/204 192/231/204 193/233/204
f 185/206/205 200/232/205 201/234/205
f 179/209/206 178/207/206 193/233/206
f 186/208/533 201/234/533 202/223/533
f 180/211/208 179/209/208 194/235/208
f 192/231/209 191/229/209 206/237/209
f 200/232/210 199/230/210 214/239/210
f 192/231/211 207/238/211 208/241/211
f 200/232/212 215/240/212 216/242/212
f 194/235/213 193/233/213 208/241/213
f 201/234/214 216/242/214 217/244/214
f 195/236/215 194/235/215 209/243/215
f 195/236/218 210/245/218 211/249/218
f 188/221/219 203/247/219 204/250/219
f 196/224/220 211/249/220 212/251/220
f 189/225/221 204/250/221 205/252/221
f 198/228/222 197/226/222 212/251/222
f 190/227/223 205/252/223 206/237/223
f 198/228/224 213/253/224 214/239/224
f 210/245/534 225/267/534 226/254/534
f 203/247/226 218/269/226 219/255/226
f 211/249/227 226/254/227 227/256/227
f 204/250/228 219/255/228 220/257/228
f 213/253/229 212/251/229 227/256/229
f 205/252/230 220/257/230 221/259/230
f 213/253/231 228/258/231 229/260/231
f 207/238/232 206/237/232 221/259/232
f 215/240/233 214/239/233 229/260/233
f 207/238/234 222/261/234 223/263/234
f 215/240/235 230/262/235 231/264/235
f 209/243/236 208/241/236 223/263/236
f 216/242/237 231/264/237 232/266/237
f 210/245/535 209/243/535 224/265/535
f 230/262/241 229/260/241 244/271/241
f 222/261/242 237/287/242 238/273/242
f 230/262/243 245/272/243 246/274/243
f 224/265/244 223/263/244 238/273/244
f 232/266/245 231/264/245 246/274/245
f 225/267/536 224/265/536 239/275/536
f 225/267/537 240/277/537 241/281/537
f 218/269/250 233/279/250 234/282/250
f 226/254/251 241/281/251 242/283/251
f 220/257/252 219/255/252 234/282/252
f 228/258/253 227/256/253 242/283/253
f 220/257/254 235/284/254 236/286/254
f 228/258/255 243/285/255 244/271/255
f 222/261/256 221/259/256 236/286/256
f 241/281/257 256/303/257 257/288/257
f 234/282/258 249/304/258 250/289/258
f 243/285/259 242/283/259 257/288/259
f 235/284/260 250/289/260 251/291/260
f 243/285/261 258/290/261 259/292/261
f 237/287/262 236/286/262 251/291/262
f 245/272/263 244/271/263 259/292/263
f 237/287/264 252/293/264 253/295/264
f 245/272/265 260/294/265 261/296/265
f 239/275/266 238/273/266 253/295/266
f 246/274/267 261/296/267 262/298/267
f 240/277/538 239/275/538 254/297/538
f 240/277/539 255/299/539 256/303/539
f 233/279/540 248/301/540 249/304/540
f 260/294/273 275/321/273 276/305/273
f 254/297/274 253/295/274 268/306/274
f 261/296/275 276/305/275 277/308/275
f 255/299/541 254/297/541 269/307/541
f 255/299/542 270/309/542 271/313/542
f 249/304/280 248/301/280 263/311/280
f 256/303/281 271/313/281 272/315/281
f 249/304/282 264/314/282 265/316/282
f 258/290/283 257/288/283 272/315/283
f 250/289/284 265/316/284 266/318/284
f 258/290/285 273/317/285 274/319/285
f 252/293/286 251/291/286 266/318/286
f 260/294/287 259/292/287 274/319/287
f 252/293/288 267/320/288 268/306/288
f 264/314/543 279/338/543 280/322/543
f 273/317/290 272/315/290 287/323/290
f 265/316/291 280/322/291 281/325/291
f 273/317/292 288/324/292 289/326/292
f 267/320/293 266/318/293 281/325/293
f 275/321/294 274/319/294 289/326/294
f 267/320/295 282/327/295 283/329/295
f 275/321/544 290/328/544 291/330/544
f 269/307/297 268/306/297 283/329/297
f 277/308/298 276/305/298 291/330/298
f 270/309/299 269/307/299 284/331/299
f 270/309/302 285/333/302 286/337/302
f 264/314/303 263/311/303 278/335/303
f 271/313/304 286/337/304 287/323/304
f 284/331/305 283/329/305 298/339/305
f 292/332/545 291/330/545 306/341/545
f 285/333/307 284/331/307 299/340/307
f 285/333/310 300/343/310 301/347/310
f 278/335/546 293/345/546 294/348/546
f 286/337/312 301/347/312 302/349/312
f 279/338/313 294/348/313 295/350/313
f 288/324/314 287/323/314 302/349/314
f 280/322/315 295/350/315 296/352/315
f 288/324/316 303/351/316 304/353/316
f 282/327/317 281/325/317 296/352/317
f 290/328/318 289/326/318 304/353/318
f 282/327/319 297/354/319 298/339/319
f 290/328/320 305/355/320 306/341/320
f 303/351/321 302/349/321 318/356/321
f 295/350/322 311/372/322 312/358/322
f 303/351/323 319/357/323 320/359/323
f 297/354/324 296/352/324 312/358/324
f 305/355/325 304/353/325 320/359/325
f 297/354/326 313/360/326 314/362/326
f 305/355/327 321/361/327 322/363/327
f 299/340/328 298/339/328 314/362/328
f 306/341/329 322/363/329 323/365/329
f 300/343/330 299/340/330 315/364/330
f 300/343/333 316/366/333 317/370/333
f 293/345/334 309/368/334 310/371/334
f 301/347/335 317/370/335 318/356/335
f 294/348/336 310/371/336 311/372/336
f 322/363/337 337/389/337 338/373/337
f 316/366/547 315/364/547 330/374/547
f 316/366/548 331/375/548 332/379/548
f 309/368/342 324/377/342 325/380/342
f 317/370/343 332/379/343 333/381/343
f 310/371/344 325/380/344 326/382/344
f 319/357/345 318/356/345 333/381/345
f 311/372/346 326/382/346 327/384/346
f 319/357/347 334/383/347 335/385/347
f 312/358/348 327/384/348 328/386/348
f 321/361/349 320/359/349 335/385/349
f 313/360/350 328/386/350 329/388/350
f 321/361/351 336/387/351 337/389/351
f 315/364/352 314/362/352 329/388/352
f 326/382/353 341/405/353 342/390/353
f 334/383/354 349/406/354 350/391/354
f 328/386/355 327/384/355 342/390/355
f 336/387/356 335/385/356 350/391/356
f 328/386/357 343/392/357 344/394/357
f 336/387/358 351/393/358 352/395/358
f 330/374/359 329/388/359 344/394/359
f 337/389/360 352/395/360 353/397/360
f 331/375/361 330/374/361 345/396/361
f 331/375/364 346/398/364 347/402/364
f 324/377/365 339/400/365 340/403/365
f 332/379/366 347/402/366 348/404/366
f 325/380/367 340/403/367 341/405/367
f 334/383/368 333/381/368 348/404/368
f 346/398/369 345/396/369 360/407/369
f 346/398/372 361/408/372 362/413/372
f 339/400/373 354/410/373 355/414/373
f 347/402/374 362/413/374 363/415/374
f 341/405/375 340/403/375 355/414/375
f 349/406/376 348/404/376 363/415/376
f 341/405/377 356/416/377 357/418/377
f 349/406/378 364/417/378 365/419/378
f 343/392/379 342/390/379 357/418/379
f 351/393/380 350/391/380 365/419/380
f 343/392/381 358/420/381 359/422/381
f 351/393/382 366/421/382 367/423/382
f 345/396/383 344/394/383 359/422/383
f 352/395/384 367/423/384 368/412/384
f 364/424/385 379/454/385 380/425/385
f 358/427/386 357/455/386 372/428/386
f 366/430/387 365/426/387 380/425/387
f 358/427/388 373/429/388 374/432/388
f 366/430/389 381/431/389 382/434/389
f 360/436/390 359/433/390 374/432/390
f 367/435/391 382/434/391 383/438/391
f 361/440/392 360/436/392 375/437/392
f 361/440/395 376/441/395 377/446/395
f 354/442/396 369/444/396 370/448/396
f 362/447/397 377/446/397 378/450/397
f 356/452/398 355/449/398 370/448/398
f 364/424/399 363/451/399 378/450/399
f 356/452/400 371/453/400 372/428/400
f 376/441/402 391/470/402 392/458/402
f 369/444/403 384/472/403 385/459/403
f 377/446/404 392/458/404 393/460/404
f 371/453/405 370/448/405 385/459/405
f 379/454/406 378/450/406 393/460/406
f 371/453/407 386/461/407 387/463/407
f 379/454/408 394/462/408 395/464/408
f 373/429/409 372/428/409 387/463/409
f 381/431/410 380/425/410 395/464/410
f 373/429/411 388/465/411 389/467/411
f 381/431/412 396/466/412 397/468/412
f 375/437/413 374/432/413 389/467/413
f 382/434/414 397/468/414 398/457/414
f 376/441/415 375/437/415 390/469/415
f 396/466/417 395/464/417 410/473/417
f 388/465/418 403/489/418 404/475/418
f 397/468/549 396/466/549 411/474/549
f 390/469/420 389/467/420 404/475/420
f 397/468/421 412/476/421 413/478/421
f 391/470/422 390/469/422 405/477/422
f 391/470/425 406/479/425 407/483/425
f 385/459/426 384/472/426 399/481/426
f 392/458/427 407/483/427 408/485/427
f 385/459/550 400/484/550 401/486/550
f 394/462/429 393/460/429 408/485/429
f 386/461/430 401/486/430 402/488/430
f 394/462/431 409/487/431 410/473/431
f 388/465/432 387/463/432 402/488/432
f 399/481/433 414/504/433 415/490/433
f 407/483/434 422/506/434 423/491/434
f 401/486/435 400/484/435 415/490/435
f 409/487/436 408/485/436 423/491/436
f 401/486/437 416/492/437 417/494/437
f 409/487/438 424/493/438 425/495/438
f 403/489/439 402/488/439 417/494/439
f 411/474/440 410/473/440 425/495/440
f 403/489/441 418/496/441 419/498/441
f 411/474/442 426/497/442 427/499/442
f 405/477/443 404/475/443 419/498/443
f 412/476/444 427/499/444 428/501/444
f 406/479/445 405/477/445 420/500/445
f 406/479/448 421/502/448 422/506/448
f 418/496/449 433/522/449 434/507/449
f 426/497/450 441/523/450 442/508/450
f 420/500/451 419/498/451 434/507/451
f 427/499/551 442/508/551 443/510/551
f 421/502/453 420/500/453 435/509/453
f 421/502/456 436/511/456 437/515/456
f 414/504/457 429/513/457 430/516/457
f 422/506/458 437/515/458 438/517/458
f 416/492/459 415/490/459 430/516/459
f 424/493/460 423/491/460 438/517/460
f 416/492/461 431/518/461 432/520/461
f 424/493/462 439/519/462 440/521/462
f 418/496/463 417/494/463 432/520/463
f 426/497/464 425/495/464 440/521/464
f 437/515/465 452/539/465 453/524/465
f 430/516/466 445/540/466 446/525/466
f 439/519/467 438/517/467 453/524/467
f 431/518/468 446/525/468 447/527/468
f 439/519/469 454/526/469 455/528/469
f 433/522/470 432/520/470 447/527/470
f 441/523/471 440/521/471 455/528/471
f 433/522/472 448/529/472 449/531/472
f 441/523/473 456/530/473 457/532/473
f 435/509/474 434/507/474 449/531/474
f 442/508/475 457/532/475 458/534/475
f 436/511/552 435/509/552 450/533/552
f 436/511/553 451/535/553 452/539/553
f 430/516/554 429/513/554 444/537/554
f 456/530/481 471/557/481 472/541/481
f 450/533/482 449/531/482 464/542/482
f 458/534/483 457/532/483 472/541/483
f 451/535/484 450/533/484 465/543/484
f 451/535/487 466/545/487 467/549/487
f 444/537/488 459/547/488 460/550/488
f 452/539/489 467/549/489 468/551/489
f 446/525/490 445/540/490 460/550/490
f 454/526/491 453/524/491 468/551/491
f 446/525/492 461/552/492 462/554/492
f 454/526/493 469/553/493 470/555/493
f 448/529/494 447/527/494 462/554/494
f 456/530/495 455/528/495 470/555/495
f 448/529/496 463/556/496 464/542/496
f 461/552/497 460/550/497 475/32/497
f 468/551/498 478/3/498 6/8/498
f 462/554/499 461/552/499 1/4/499
f 469/553/500 6/8/500 479/12/500
f 463/556/501 462/554/501 476/9/501
f 471/557/502 470/555/502 479/12/502
f 464/542/503 463/556/503 2/13/503
f 471/557/504 480/16/504 481/20/504
f 465/543/505 464/542/505 477/17/505
f 472/541/506 481/20/506 482/24/506
f 466/545/555 465/543/555 3/21/555
f 466/545/556 4/26/556 5/1/556
f 460/550/557 459/547/557 474/27/557
f 467/549/512 5/1/512 478/3/512
usemtl マテリアル.001
f 484/560/558 494/561/558 959/562/558
f 962/563/559 502/564/559 963/565/559
f 959/562/560 495/566/560 485/567/560
f 963/565/561 503/568/561 964/569/561
f 485/567/562 496/570/562 486/571/562
f 956/572/563 564/573/563 489/574/563
f 790/575/564 964/569/564 503/568/564
f 486/571/565 497/576/565 487/577/565
f 957/578/566 489/574/566 490/579/566
f 960/580/567 497/576/567 498/581/567
f 483/582/568 490/579/568 491/583/568
f 960/580/569 499/584/569 488/585/569
f 958/586/570 491/583/570 492/587/570
f 488/585/571 500/588/571 961/589/571
f 958/586/572 493/590/572 484/560/572
f 961/589/573 501/591/573 962/563/573
f 499/584/574 515/592/574 500/588/574
f 493/590/575 507/593/575 508/594/575
f 501/591/576 515/592/576 516/595/576
f 494/561/577 508/594/577 509/596/577
f 501/591/578 517/597/578 502/564/578
f 494/561/579 510/598/579 495/566/579
f 502/564/580 518/599/580 503/568/580
f 495/566/581 511/600/581 496/570/581
f 489/574/582 564/601/582 504/602/582
f 790/603/583 503/568/583 518/599/583
f 497/576/584 511/600/584 512/604/584
f 489/574/585 505/605/585 490/579/585
f 498/581/586 512/604/586 513/606/586
f 490/579/587 506/607/587 491/583/587
f 499/584/588 513/606/588 514/608/588
f 492/587/589 506/607/589 507/593/589
f 790/609/590 518/599/590 533/610/590
f 511/600/591 527/611/591 512/604/591
f 504/602/592 520/612/592 505/605/592
f 512/604/593 528/613/593 513/606/593
f 505/605/594 521/614/594 506/607/594
f 514/608/595 528/613/595 529/615/595
f 506/607/596 522/616/596 507/593/596
f 514/608/597 530/617/597 515/592/597
f 507/593/598 523/618/598 508/594/598
f 515/592/599 531/619/599 516/595/599
f 509/596/600 523/618/600 524/620/600
f 517/597/601 531/619/601 532/621/601
f 510/598/602 524/620/602 525/622/602
f 518/599/603 532/621/603 533/610/603
f 510/598/604 526/623/604 511/600/604
f 504/602/605 564/624/605 519/625/605
f 530/617/606 546/626/606 531/619/606
f 523/618/607 539/627/607 524/620/607
f 532/621/608 546/626/608 547/628/608
f 524/620/609 540/629/609 525/622/609
f 532/621/610 548/630/610 533/610/610
f 526/623/611 540/629/611 541/631/611
f 519/625/612 564/632/612 534/633/612
f 790/634/613 533/610/613 548/630/613
f 526/623/614 542/635/614 527/611/614
f 519/625/615 535/636/615 520/612/615
f 528/613/616 542/635/616 543/637/616
f 520/612/617 536/638/617 521/614/617
f 528/613/618 544/639/618 529/615/618
f 522/616/619 536/638/619 537/640/619
f 529/615/620 545/641/620 530/617/620
f 522/616/621 538/642/621 523/618/621
f 535/636/622 549/643/622 550/644/622
f 543/637/623 557/645/623 558/646/623
f 536/638/624 550/644/624 551/647/624
f 543/637/625 559/648/625 544/639/625
f 536/638/626 552/649/626 537/640/626
f 544/639/627 560/650/627 545/641/627
f 537/640/628 553/651/628 538/642/628
f 545/641/629 561/652/629 546/626/629
f 538/642/630 554/653/630 539/627/630
f 547/628/631 561/652/631 562/654/631
f 539/627/632 555/655/632 540/629/632
f 548/630/633 562/654/633 563/656/633
f 541/631/634 555/655/634 556/657/634
f 534/633/635 564/658/635 549/643/635
f 790/659/636 548/630/636 563/656/636
f 541/631/637 557/645/637 542/635/637
f 553/651/638 570/660/638 554/653/638
f 562/654/639 577/661/639 578/662/639
f 555/655/640 570/660/640 571/663/640
f 563/656/641 578/662/641 579/664/641
f 556/657/642 571/663/642 572/665/642
f 549/643/643 564/666/643 565/667/643
f 790/668/644 563/656/644 579/664/644
f 556/657/645 573/669/645 557/645/645
f 550/644/646 565/667/646 566/670/646
f 557/645/647 574/671/647 558/646/647
f 550/644/648 567/672/648 551/647/648
f 558/646/649 575/673/649 559/648/649
f 552/649/650 567/672/650 568/674/650
f 560/650/651 575/673/651 576/675/651
f 552/649/652 569/676/652 553/651/652
f 560/650/653 577/661/653 561/652/653
f 573/669/654 589/677/654 574/671/654
f 566/670/655 582/678/655 567/672/655
f 575/673/656 589/677/656 590/679/656
f 567/672/657 583/680/657 568/674/657
f 575/673/658 591/681/658 576/675/658
f 568/674/659 584/682/659 569/676/659
f 576/675/660 592/683/660 577/661/660
f 569/676/661 585/684/661 570/660/661
f 578/662/662 592/683/662 593/685/662
f 571/663/663 585/684/663 586/686/663
f 578/662/664 594/687/664 579/664/664
f 571/663/665 587/688/665 572/665/665
f 565/667/666 564/689/666 580/690/666
f 790/691/667 579/664/667 594/687/667
f 572/665/668 588/692/668 573/669/668
f 565/667/669 581/693/669 566/670/669
f 592/683/670 608/694/670 593/685/670
f 585/684/671 601/695/671 586/686/671
f 594/687/672 608/694/672 609/696/672
f 587/688/673 601/695/673 602/697/673
f 580/690/674 564/698/674 595/699/674
f 790/700/675 594/687/675 609/696/675
f 588/692/676 602/697/676 603/701/676
f 580/690/677 596/702/677 581/693/677
f 588/692/678 604/703/678 589/677/678
f 581/693/679 597/704/679 582/678/679
f 590/679/680 604/703/680 605/705/680
f 582/678/681 598/706/681 583/680/681
f 591/681/682 605/705/682 606/707/682
f 584/682/683 598/706/683 599/708/683
f 592/683/684 606/707/684 607/709/684
f 584/682/685 600/710/685 585/684/685
f 597/704/686 611/711/686 612/712/686
f 604/703/687 620/713/687 605/705/687
f 598/706/688 612/712/688 613/714/688
f 605/705/689 621/715/689 606/707/689
f 599/708/690 613/714/690 614/716/690
f 607/709/691 621/715/691 622/717/691
f 600/710/692 614/716/692 615/718/692
f 608/694/693 622/717/693 623/719/693
f 601/695/694 615/718/694 616/720/694
f 608/694/695 624/721/695 609/696/695
f 601/695/696 617/722/696 602/697/696
f 595/699/697 564/723/697 610/724/697
f 790/725/698 609/696/698 624/721/698
f 602/697/699 618/726/699 603/701/699
f 595/699/700 611/711/700 596/702/700
f 603/701/701 619/727/701 604/703/701
f 616/720/702 630/728/702 631/729/702
f 623/719/703 639/730/703 624/721/703
f 616/720/704 632/731/704 617/722/704
f 610/724/705 564/732/705 625/733/705
f 790/734/706 624/721/706 639/730/706
f 618/726/707 632/731/707 633/735/707
f 610/724/708 626/736/708 611/711/708
f 618/726/709 634/737/709 619/727/709
f 612/712/710 626/736/710 627/738/710
f 620/713/711 634/737/711 635/739/711
f 612/712/712 628/740/712 613/714/712
f 620/713/713 636/741/713 621/715/713
f 614/716/714 628/740/714 629/742/714
f 621/715/715 637/743/715 622/717/715
f 614/716/716 630/728/716 615/718/716
f 622/717/717 638/744/717 623/719/717
f 635/739/718 649/745/718 650/746/718
f 627/738/719 643/747/719 628/740/719
f 635/739/720 651/748/720 636/741/720
f 629/742/721 643/747/721 644/749/721
f 636/741/722 652/750/722 637/743/722
f 629/742/723 645/751/723 630/728/723
f 637/743/724 653/752/724 638/744/724
f 631/729/725 645/751/725 646/753/725
f 639/730/726 653/752/726 654/754/726
f 631/729/727 647/755/727 632/731/727
f 625/733/728 564/756/728 640/757/728
f 790/758/729 639/730/729 654/754/729
f 632/731/730 648/759/730 633/735/730
f 625/733/731 641/760/731 626/736/731
f 633/735/732 649/745/732 634/737/732
f 627/738/733 641/760/733 642/761/733
f 653/752/734 669/762/734 654/754/734
f 647/755/735 661/763/735 662/764/735
f 640/757/736 564/765/736 655/766/736
f 790/767/737 654/754/737 669/762/737
f 647/755/738 663/768/738 648/759/738
f 641/760/739 655/766/739 656/769/739
f 648/759/740 664/770/740 649/745/740
f 641/760/741 657/771/741 642/761/741
f 649/745/742 665/772/742 650/746/742
f 642/761/743 658/773/743 643/747/743
f 650/746/744 666/774/744 651/748/744
f 643/747/745 659/775/745 644/749/745
f 651/748/746 667/776/746 652/750/746
f 644/749/747 660/777/747 645/751/747
f 653/752/748 667/776/748 668/778/748
f 645/751/749 661/763/749 646/753/749
f 665/772/750 681/779/750 666/774/750
f 659/775/751 673/780/751 674/781/751
f 667/776/752 681/779/752 682/782/752
f 660/777/753 674/781/753 675/783/753
f 668/778/754 682/782/754 683/784/754
f 661/763/755 675/783/755 676/785/755
f 669/762/756 683/784/756 684/786/756
f 662/764/757 676/785/757 677/787/757
f 655/766/758 564/788/758 670/789/758
f 790/790/759 669/762/759 684/786/759
f 663/768/760 677/787/760 678/791/760
f 655/766/761 671/792/761 656/769/761
f 663/768/762 679/793/762 664/770/762
f 657/771/763 671/792/763 672/794/763
f 665/772/764 679/793/764 680/795/764
f 658/773/765 672/794/765 673/780/765
f 670/789/766 564/796/766 685/797/766
f 790/798/767 684/786/767 699/799/767
f 677/787/768 693/800/768 678/791/768
f 671/792/769 685/797/769 686/801/769
f 678/791/770 694/802/770 679/793/770
f 671/792/771 687/803/771 672/794/771
f 679/793/772 695/804/772 680/795/772
f 672/794/773 688/805/773 673/780/773
f 680/795/774 696/806/774 681/779/774
f 674/781/775 688/805/775 689/807/775
f 682/782/776 696/806/776 697/808/776
f 674/781/777 690/809/777 675/783/777
f 683/784/778 697/808/778 698/810/778
f 676/785/779 690/809/779 691/811/779
f 684/786/780 698/810/780 699/799/780
f 677/787/781 691/811/781 692/812/781
f 689/807/782 703/813/782 704/814/782
f 697/808/783 711/815/783 712/816/783
f 689/807/784 705/817/784 690/809/784
f 698/810/785 712/816/785 713/818/785
f 691/811/786 705/817/786 706/819/786
f 699/799/787 713/818/787 714/820/787
f 691/811/788 707/821/788 692/812/788
f 685/797/789 564/822/789 700/823/789
f 790/824/790 699/799/790 714/820/790
f 692/812/791 708/825/791 693/800/791
f 686/801/792 700/823/792 701/826/792
f 693/800/793 709/827/793 694/802/793
f 686/801/794 702/828/794 687/803/794
f 695/804/795 709/827/795 710/829/795
f 688/805/796 702/828/796 703/813/796
f 695/804/797 711/815/797 696/806/797
f 707/821/798 723/830/798 708/825/798
f 700/823/799 716/831/799 701/826/799
f 709/827/800 723/830/800 724/832/800
f 701/826/801 717/833/801 702/828/801
f 710/829/802 724/832/802 725/834/802
f 702/828/803 718/835/803 703/813/803
f 710/829/804 726/836/804 711/815/804
f 704/814/805 718/835/805 719/837/805
f 712/816/806 726/836/806 727/838/806
f 704/814/807 720/839/807 705/817/807
f 712/816/808 728/840/808 713/818/808
f 706/819/809 720/839/809 721/841/809
f 714/820/810 728/840/810 729/842/810
f 707/821/811 721/841/811 722/843/811
f 700/823/812 564/844/812 715/845/812
f 790/846/813 714/820/813 729/842/813
f 727/838/814 741/847/814 742/848/814
f 719/837/815 735/849/815 720/839/815
f 728/840/816 742/848/816 743/850/816
f 721/841/817 735/849/817 736/851/817
f 728/840/818 744/852/818 729/842/818
f 722/843/819 736/851/819 737/853/819
f 715/845/820 564/854/820 730/855/820
f 790/856/821 729/842/821 744/852/821
f 722/843/822 738/857/822 723/830/822
f 715/845/823 731/858/823 716/831/823
f 723/830/824 739/859/824 724/832/824
f 716/831/825 732/860/825 717/833/825
f 725/834/826 739/859/826 740/861/826
f 717/833/827 733/862/827 718/835/827
f 725/834/828 741/847/828 726/836/828
f 719/837/829 733/862/829 734/863/829
f 731/858/830 745/864/830 746/865/830
f 738/857/831 754/866/831 739/859/831
f 731/858/832 747/867/832 732/860/832
f 740/861/833 754/866/833 755/868/833
f 732/860/834 748/869/834 733/862/834
f 740/861/835 756/870/835 741/847/835
f 734/863/836 748/869/836 749/871/836
f 741/847/837 757/872/837 742/848/837
f 734/863/838 750/873/838 735/849/838
f 743/850/839 757/872/839 758/874/839
f 735/849/840 751/875/840 736/851/840
f 743/850/841 759/876/841 744/852/841
f 737/853/842 751/875/842 752/877/842
f 730/855/843 564/878/843 745/864/843
f 790/879/844 744/852/844 759/876/844
f 737/853/845 753/880/845 738/857/845
f 749/871/846 765/881/846 750/873/846
f 757/872/847 773/882/847 758/874/847
f 751/875/848 765/881/848 766/883/848
f 758/874/849 774/884/849 759/876/849
f 752/877/850 766/883/850 767/885/850
f 745/864/851 564/886/851 760/887/851
f 790/888/852 759/876/852 774/884/852
f 752/877/853 768/889/853 753/880/853
f 746/865/854 760/887/854 761/890/854
f 753/880/855 769/891/855 754/866/855
f 746/865/856 762/892/856 747/867/856
f 755/868/857 769/891/857 770/893/857
f 748/869/858 762/892/858 763/894/858
f 756/870/859 770/893/859 771/895/859
f 748/869/860 764/896/860 749/871/860
f 757/872/861 771/895/861 772/897/861
f 768/889/862 784/898/862 769/891/862
f 761/890/863 777/899/863 762/892/863
f 770/893/864 784/898/864 785/900/864
f 762/892/865 778/901/865 763/894/865
f 770/893/866 786/902/866 771/895/866
f 764/896/867 778/901/867 779/903/867
f 772/897/868 786/902/868 787/904/868
f 765/881/869 779/903/869 780/905/869
f 772/897/870 788/906/870 773/882/870
f 765/881/871 781/907/871 766/883/871
f 774/884/872 788/906/872 789/908/872
f 767/885/873 781/907/873 782/909/873
f 760/887/874 564/910/874 775/911/874
f 790/912/875 774/884/875 789/908/875
f 767/885/876 783/913/876 768/889/876
f 760/887/877 776/914/877 761/890/877
f 788/906/878 803/915/878 804/916/878
f 781/907/879 796/917/879 797/918/879
f 788/906/880 805/919/880 789/908/880
f 782/909/881 797/918/881 798/920/881
f 775/911/882 564/921/882 791/922/882
f 790/923/883 789/908/883 805/919/883
f 782/909/884 799/924/884 783/913/884
f 776/914/885 791/922/885 792/925/885
f 783/913/886 800/926/886 784/898/886
f 777/899/887 792/925/887 793/927/887
f 785/900/888 800/926/888 801/928/888
f 777/899/889 794/929/889 778/901/889
f 785/900/890 802/930/890 786/902/890
f 779/903/891 794/929/891 795/931/891
f 787/904/892 802/930/892 803/915/892
f 779/903/893 796/917/893 780/905/893
f 801/928/894 815/932/894 816/933/894
f 793/927/895 809/934/895 794/929/895
f 801/928/896 817/935/896 802/930/896
f 795/931/897 809/934/897 810/936/897
f 802/930/898 818/937/898 803/915/898
f 796/917/899 810/936/899 811/938/899
f 803/915/900 819/939/900 804/916/900
f 797/918/901 811/938/901 812/940/901
f 805/919/902 819/939/902 820/941/902
f 798/920/903 812/940/903 813/942/903
f 791/922/904 564/943/904 806/944/904
f 790/945/905 805/919/905 820/941/905
f 798/920/906 814/946/906 799/924/906
f 792/925/907 806/944/907 807/947/907
f 799/924/908 815/932/908 800/926/908
f 793/927/909 807/947/909 808/948/909
f 820/941/910 834/949/910 835/950/910
f 812/940/911 828/951/911 813/942/911
f 806/944/912 564/952/912 821/953/912
f 790/954/913 820/941/913 835/950/913
f 813/942/914 829/955/914 814/946/914
f 806/944/915 822/956/915 807/947/915
f 814/946/916 830/957/916 815/932/916
f 807/947/917 823/958/917 808/948/917
f 816/933/918 830/957/918 831/959/918
f 808/948/919 824/960/919 809/934/919
f 816/933/920 832/961/920 817/935/920
f 810/936/921 824/960/921 825/962/921
f 817/935/922 833/963/922 818/937/922
f 810/936/923 826/964/923 811/938/923
f 819/939/924 833/963/924 834/949/924
f 812/940/925 826/964/925 827/965/925
f 823/958/926 839/966/926 824/960/926
f 832/961/927 846/967/927 847/968/927
f 825/962/928 839/966/928 840/969/928
f 833/963/929 847/968/929 848/970/929
f 825/962/930 841/971/930 826/964/930
f 834/949/931 848/970/931 849/972/931
f 827/965/932 841/971/932 842/973/932
f 835/950/933 849/972/933 850/974/933
f 828/951/934 842/973/934 843/975/934
f 821/953/935 564/976/935 836/977/935
f 790/978/936 835/950/936 850/974/936
f 828/951/937 844/979/937 829/955/937
f 821/953/938 837/980/938 822/956/938
f 829/955/939 845/981/939 830/957/939
f 822/956/940 838/982/940 823/958/940
f 831/959/941 845/981/941 846/967/941
f 843/983/942 857/984/942 858/985/942
f 836/986/943 564/987/943 851/988/943
f 790/989/944 850/990/944 865/991/944
f 843/983/945 859/992/945 844/993/945
f 837/994/946 851/988/946 852/995/946
f 844/993/947 860/996/947 845/997/947
f 837/994/948 853/998/948 838/999/948
f 845/997/949 861/1000/949 846/1001/949
f 838/999/950 854/1002/950 839/1003/950
f 846/1001/951 862/1004/951 847/1005/951
f 840/1006/952 854/1002/952 855/1007/952
f 848/1008/953 862/1004/953 863/1009/953
f 840/1006/954 856/1010/954 841/1011/954
f 848/1008/955 864/1012/955 849/1013/955
f 842/1014/956 856/1010/956 857/984/956
f 850/990/957 864/1012/957 865/991/957
f 861/1000/958 877/1015/958 862/1004/958
f 855/1007/959 869/1016/959 870/1017/959
f 862/1004/960 878/1018/960 863/1009/960
f 855/1007/961 871/1019/961 856/1010/961
f 863/1009/962 879/1020/962 864/1012/962
f 857/984/963 871/1019/963 872/1021/963
f 864/1012/964 880/1022/964 865/991/964
f 858/985/965 872/1021/965 873/1023/965
f 851/988/966 564/1024/966 866/1025/966
f 790/1026/967 865/991/967 880/1022/967
f 858/985/968 874/1027/968 859/992/968
f 851/988/969 867/1028/969 852/995/969
f 859/992/970 875/1029/970 860/996/970
f 852/995/971 868/1030/971 853/998/971
f 861/1000/972 875/1029/972 876/1031/972
f 853/998/973 869/1016/973 854/1002/973
f 866/1025/974 564/1032/974 881/1033/974
f 790/1034/975 880/1022/975 895/1035/975
f 873/1023/976 889/1036/976 874/1027/976
f 866/1025/977 882/1037/977 867/1028/977
f 874/1027/978 890/1038/978 875/1029/978
f 868/1030/979 882/1037/979 883/1039/979
f 875/1029/980 891/1040/980 876/1031/980
f 869/1016/981 883/1039/981 884/1041/981
f 876/1031/982 892/1042/982 877/1015/982
f 870/1017/983 884/1041/983 885/1043/983
f 878/1018/984 892/1042/984 893/1044/984
f 870/1017/985 886/1045/985 871/1019/985
f 879/1020/986 893/1044/986 894/1046/986
f 872/1021/987 886/1045/987 887/1047/987
f 879/1020/988 895/1035/988 880/1022/988
f 873/1023/989 887/1047/989 888/1048/989
f 884/1041/990 900/1049/990 885/1043/990
f 893/1044/991 907/1050/991 908/1051/991
f 885/1043/992 901/1052/992 886/1045/992
f 893/1044/993 909/1053/993 894/1046/993
f 887/1047/994 901/1052/994 902/1054/994
f 895/1035/995 909/1053/995 910/1055/995
f 888/1048/996 902/1054/996 903/1056/996
f 881/1033/997 564/1057/997 896/1058/997
f 790/1059/998 895/1035/998 910/1055/998
f 888/1048/999 904/1060/999 889/1036/999
f 882/1037/1000 896/1058/1000 897/1061/1000
f 889/1036/1001 905/1062/1001 890/1038/1001
f 883/1039/1002 897/1061/1002 898/1063/1002
f 891/1040/1003 905/1062/1003 906/1064/1003
f 883/1039/1004 899/1065/1004 884/1041/1004
f 892/1042/1005 906/1064/1005 907/1050/1005
f 903/1056/1006 919/1066/1006 904/1060/1006
f 897/1061/1007 911/1067/1007 912/1068/1007
f 904/1060/1008 920/1069/1008 905/1062/1008
f 898/1063/1009 912/1068/1009 913/1070/1009
f 906/1064/1010 920/1069/1010 921/1071/1010
f 898/1063/1011 914/1072/1011 899/1065/1011
f 906/1064/1012 922/1073/1012 907/1050/1012
f 900/1049/1013 914/1072/1013 915/1074/1013
f 908/1051/1014 922/1073/1014 923/1075/1014
f 900/1049/1015 916/1076/1015 901/1052/1015
f 908/1051/1016 924/1077/1016 909/1053/1016
f 902/1054/1017 916/1076/1017 917/1078/1017
f 910/1055/1018 924/1077/1018 925/1079/1018
f 902/1054/1019 918/1080/1019 903/1056/1019
f 896/1058/1020 564/1081/1020 911/1067/1020
f 790/1082/1021 910/1055/1021 925/1079/1021
f 923/1075/1022 937/1083/1022 938/1084/1022
f 915/1074/1023 931/1085/1023 916/1076/1023
f 924/1077/1024 938/1084/1024 939/1086/1024
f 917/1078/1025 931/1085/1025 932/1087/1025
f 924/1077/1026 940/1088/1026 925/1079/1026
f 917/1078/1027 933/1089/1027 918/1080/1027
f 911/1067/1028 564/1090/1028 926/1091/1028
f 790/1092/1029 925/1079/1029 940/1088/1029
f 918/1080/1030 934/1093/1030 919/1066/1030
f 912/1068/1031 926/1091/1031 927/1094/1031
f 919/1066/1032 935/1095/1032 920/1069/1032
f 913/1070/1033 927/1094/1033 928/1096/1033
f 921/1071/1034 935/1095/1034 936/1097/1034
f 914/1072/1035 928/1096/1035 929/1098/1035
f 921/1071/1036 937/1083/1036 922/1073/1036
f 915/1074/1037 929/1098/1037 930/1099/1037
f 934/1093/1038 950/1100/1038 935/1095/1038
f 927/1094/1039 943/1101/1039 928/1096/1039
f 936/1097/1040 950/1100/1040 951/1102/1040
f 929/1098/1041 943/1101/1041 944/1103/1041
f 936/1097/1042 952/1104/1042 937/1083/1042
f 930/1099/1043 944/1103/1043 945/1105/1043
f 938/1084/1044 952/1104/1044 953/1106/1044
f 930/1099/1045 946/1107/1045 931/1085/1045
f 939/1086/1046 953/1106/1046 954/1108/1046
f 932/1087/1047 946/1107/1047 947/1109/1047
f 940/1088/1048 954/1108/1048 955/1110/1048
f 932/1087/1049 948/1111/1049 933/1089/1049
f 926/1091/1050 564/1112/1050 941/1113/1050
f 790/1114/1051 940/1088/1051 955/1110/1051
f 933/1089/1052 949/1115/1052 934/1093/1052
f 927/1094/1053 941/1113/1053 942/1116/1053
f 953/1106/1054 963/565/1054 954/1108/1054
f 947/1109/1055 959/562/1055 485/567/1055
f 954/1108/1056 964/569/1056 955/1110/1056
f 948/1111/1057 485/567/1057 486/571/1057
f 941/1113/1058 564/1117/1058 956/572/1058
f 790/1118/1059 955/1110/1059 964/569/1059
f 948/1111/1060 487/577/1060 949/1115/1060
f 941/1113/1061 957/578/1061 942/1116/1061
f 949/1115/1062 960/580/1062 950/1100/1062
f 943/1101/1063 957/578/1063 483/582/1063
f 950/1100/1064 488/585/1064 951/1102/1064
f 944/1103/1065 483/582/1065 958/586/1065
f 951/1102/1066 961/589/1066 952/1104/1066
f 945/1105/1067 958/586/1067 484/560/1067
f 953/1106/1068 961/589/1068 962/563/1068
f 946/1107/1069 484/560/1069 959/562/1069
f 484/560/558 493/590/558 494/561/558
f 962/563/559 501/591/559 502/564/559
f 959/562/1070 494/561/1070 495/566/1070
f 963/565/561 502/564/561 503/568/561
f 485/567/562 495/566/562 496/570/562
f 486/571/565 496/570/565 497/576/565
f 957/578/1071 956/572/1071 489/574/1071
f 960/580/1072 487/577/1072 497/576/1072
f 483/582/568 957/578/568 490/579/568
f 960/580/569 498/581/569 499/584/569
f 958/586/570 483/582/570 491/583/570
f 488/585/571 499/584/571 500/588/571
f 958/586/572 492/587/572 493/590/572
f 961/589/573 500/588/573 501/591/573
f 499/584/574 514/608/574 515/592/574
f 493/590/575 492/587/575 507/593/575
f 501/591/1073 500/588/1073 515/592/1073
f 494/561/577 493/590/577 508/594/577
f 501/591/1074 516/595/1074 517/597/1074
f 494/561/579 509/596/579 510/598/579
f 502/564/1075 517/597/1075 518/599/1075
f 495/566/581 510/598/581 511/600/581
f 497/576/584 496/570/584 511/600/584
f 489/574/1076 504/602/1076 505/605/1076
f 498/581/586 497/576/586 512/604/586
f 490/579/587 505/605/587 506/607/587
f 499/584/1077 498/581/1077 513/606/1077
f 492/587/589 491/583/589 506/607/589
f 511/600/591 526/623/591 527/611/591
f 504/602/1078 519/625/1078 520/612/1078
f 512/604/593 527/611/593 528/613/593
f 505/605/1079 520/612/1079 521/614/1079
f 514/608/595 513/606/595 528/613/595
f 506/607/596 521/614/596 522/616/596
f 514/608/597 529/615/597 530/617/597
f 507/593/598 522/616/598 523/618/598
f 515/592/599 530/617/599 531/619/599
f 509/596/600 508/594/600 523/618/600
f 517/597/1080 516/595/1080 531/619/1080
f 510/598/1081 509/596/1081 524/620/1081
f 518/599/603 517/597/603 532/621/603
f 510/598/604 525/622/604 526/623/604
f 530/617/606 545/641/606 546/626/606
f 523/618/607 538/642/607 539/627/607
f 532/621/608 531/619/608 546/626/608
f 524/620/1082 539/627/1082 540/629/1082
f 532/621/1083 547/628/1083 548/630/1083
f 526/623/611 525/622/611 540/629/611
f 526/623/614 541/631/614 542/635/614
f 519/625/615 534/633/615 535/636/615
f 528/613/616 527/611/616 542/635/616
f 520/612/617 535/636/617 536/638/617
f 528/613/618 543/637/618 544/639/618
f 522/616/619 521/614/619 536/638/619
f 529/615/620 544/639/620 545/641/620
f 522/616/621 537/640/621 538/642/621
f 535/636/1084 534/633/1084 549/643/1084
f 543/637/623 542/635/623 557/645/623
f 536/638/1085 535/636/1085 550/644/1085
f 543/637/1086 558/646/1086 559/648/1086
f 536/638/626 551/647/626 552/649/626
f 544/639/1087 559/648/1087 560/650/1087
f 537/640/1088 552/649/1088 553/651/1088
f 545/641/629 560/650/629 561/652/629
f 538/642/630 553/651/630 554/653/630
f 547/628/1089 546/626/1089 561/652/1089
f 539/627/632 554/653/632 555/655/632
f 548/630/633 547/628/633 562/654/633
f 541/631/1090 540/629/1090 555/655/1090
f 541/631/637 556/657/637 557/645/637
f 553/651/638 569/676/638 570/660/638
f 562/654/639 561/652/639 577/661/639
f 555/655/640 554/653/640 570/660/640
f 563/656/641 562/654/641 578/662/641
f 556/657/642 555/655/642 571/663/642
f 556/657/1091 572/665/1091 573/669/1091
f 550/644/646 549/643/646 565/667/646
f 557/645/647 573/669/647 574/671/647
f 550/644/1092 566/670/1092 567/672/1092
f 558/646/1093 574/671/1093 575/673/1093
f 552/649/650 551/647/650 567/672/650
f 560/650/651 559/648/651 575/673/651
f 552/649/1094 568/674/1094 569/676/1094
f 560/650/653 576/675/653 577/661/653
f 573/669/1095 588/692/1095 589/677/1095
f 566/670/1096 581/693/1096 582/678/1096
f 575/673/1097 574/671/1097 589/677/1097
f 567/672/657 582/678/657 583/680/657
f 575/673/658 590/679/658 591/681/658
f 568/674/659 583/680/659 584/682/659
f 576/675/660 591/681/660 592/683/660
f 569/676/661 584/682/661 585/684/661
f 578/662/662 577/661/662 592/683/662
f 571/663/663 570/660/663 585/684/663
f 578/662/664 593/685/664 594/687/664
f 571/663/665 586/686/665 587/688/665
f 572/665/668 587/688/668 588/692/668
f 565/667/1098 580/690/1098 581/693/1098
f 592/683/670 607/709/670 608/694/670
f 585/684/671 600/710/671 601/695/671
f 594/687/1099 593/685/1099 608/694/1099
f 587/688/673 586/686/673 601/695/673
f 588/692/1100 587/688/1100 602/697/1100
f 580/690/677 595/699/677 596/702/677
f 588/692/1101 603/701/1101 604/703/1101
f 581/693/679 596/702/679 597/704/679
f 590/679/1102 589/677/1102 604/703/1102
f 582/678/681 597/704/681 598/706/681
f 591/681/1103 590/679/1103 605/705/1103
f 584/682/683 583/680/683 598/706/683
f 592/683/684 591/681/684 606/707/684
f 584/682/1104 599/708/1104 600/710/1104
f 597/704/1105 596/702/1105 611/711/1105
f 604/703/1106 619/727/1106 620/713/1106
f 598/706/1107 597/704/1107 612/712/1107
f 605/705/689 620/713/689 621/715/689
f 599/708/1108 598/706/1108 613/714/1108
f 607/709/691 606/707/691 621/715/691
f 600/710/1109 599/708/1109 614/716/1109
f 608/694/693 607/709/693 622/717/693
f 601/695/694 600/710/694 615/718/694
f 608/694/695 623/719/695 624/721/695
f 601/695/696 616/720/696 617/722/696
f 602/697/699 617/722/699 618/726/699
f 595/699/700 610/724/700 611/711/700
f 603/701/701 618/726/701 619/727/701
f 616/720/702 615/718/702 630/728/702
f 623/719/1110 638/744/1110 639/730/1110
f 616/720/704 631/729/704 632/731/704
f 618/726/707 617/722/707 632/731/707
f 610/724/708 625/733/708 626/736/708
f 618/726/709 633/735/709 634/737/709
f 612/712/710 611/711/710 626/736/710
f 620/713/711 619/727/711 634/737/711
f 612/712/712 627/738/712 628/740/712
f 620/713/713 635/739/713 636/741/713
f 614/716/714 613/714/714 628/740/714
f 621/715/1111 636/741/1111 637/743/1111
f 614/716/1112 629/742/1112 630/728/1112
f 622/717/717 637/743/717 638/744/717
f 635/739/718 634/737/718 649/745/718
f 627/738/719 642/761/719 643/747/719
f 635/739/1113 650/746/1113 651/748/1113
f 629/742/721 628/740/721 643/747/721
f 636/741/1114 651/748/1114 652/750/1114
f 629/742/723 644/749/723 645/751/723
f 637/743/724 652/750/724 653/752/724
f 631/729/1115 630/728/1115 645/751/1115
f 639/730/1116 638/744/1116 653/752/1116
f 631/729/727 646/753/727 647/755/727
f 632/731/730 647/755/730 648/759/730
f 625/733/731 640/757/731 641/760/731
f 633/735/1117 648/759/1117 649/745/1117
f 627/738/733 626/736/733 641/760/733
f 653/752/734 668/778/734 669/762/734
f 647/755/735 646/753/735 661/763/735
f 647/755/738 662/764/738 663/768/738
f 641/760/1118 640/757/1118 655/766/1118
f 648/759/740 663/768/740 664/770/740
f 641/760/1119 656/769/1119 657/771/1119
f 649/745/742 664/770/742 665/772/742
f 642/761/1120 657/771/1120 658/773/1120
f 650/746/744 665/772/744 666/774/744
f 643/747/1121 658/773/1121 659/775/1121
f 651/748/746 666/774/746 667/776/746
f 644/749/1122 659/775/1122 660/777/1122
f 653/752/748 652/750/748 667/776/748
f 645/751/749 660/777/749 661/763/749
f 665/772/1123 680/795/1123 681/779/1123
f 659/775/751 658/773/751 673/780/751
f 667/776/752 666/774/752 681/779/752
f 660/777/753 659/775/753 674/781/753
f 668/778/754 667/776/754 682/782/754
f 661/763/755 660/777/755 675/783/755
f 669/762/1124 668/778/1124 683/784/1124
f 662/764/757 661/763/757 676/785/757
f 663/768/760 662/764/760 677/787/760
f 655/766/1125 670/789/1125 671/792/1125
f 663/768/762 678/791/762 679/793/762
f 657/771/763 656/769/763 671/792/763
f 665/772/1126 664/770/1126 679/793/1126
f 658/773/765 657/771/765 672/794/765
f 677/787/768 692/812/768 693/800/768
f 671/792/1127 670/789/1127 685/797/1127
f 678/791/1128 693/800/1128 694/802/1128
f 671/792/771 686/801/771 687/803/771
f 679/793/1129 694/802/1129 695/804/1129
f 672/794/773 687/803/773 688/805/773
f 680/795/774 695/804/774 696/806/774
f 674/781/775 673/780/775 688/805/775
f 682/782/776 681/779/776 696/806/776
f 674/781/777 689/807/777 690/809/777
f 683/784/778 682/782/778 697/808/778
f 676/785/779 675/783/779 690/809/779
f 684/786/780 683/784/780 698/810/780
f 677/787/781 676/785/781 691/811/781
f 689/807/782 688/805/782 703/813/782
f 697/808/783 696/806/783 711/815/783
f 689/807/784 704/814/784 705/817/784
f 698/810/785 697/808/785 712/816/785
f 691/811/786 690/809/786 705/817/786
f 699/799/1130 698/810/1130 713/818/1130
f 691/811/788 706/819/788 707/821/788
f 692/812/791 707/821/791 708/825/791
f 686/801/1131 685/797/1131 700/823/1131
f 693/800/793 708/825/793 709/827/793
f 686/801/1132 701/826/1132 702/828/1132
f 695/804/795 694/802/795 709/827/795
f 688/805/796 687/803/796 702/828/796
f 695/804/797 710/829/797 711/815/797
f 707/821/798 722/843/798 723/830/798
f 700/823/1133 715/845/1133 716/831/1133
f 709/827/800 708/825/800 723/830/800
f 701/826/801 716/831/801 717/833/801
f 710/829/802 709/827/802 724/832/802
f 702/828/1134 717/833/1134 718/835/1134
f 710/829/804 725/834/804 726/836/804
f 704/814/805 703/813/805 718/835/805
f 712/816/806 711/815/806 726/836/806
f 704/814/807 719/837/807 720/839/807
f 712/816/808 727/838/808 728/840/808
f 706/819/1135 705/817/1135 720/839/1135
f 714/820/1136 713/818/1136 728/840/1136
f 707/821/811 706/819/811 721/841/811
f 727/838/814 726/836/814 741/847/814
f 719/837/815 734/863/815 735/849/815
f 728/840/1137 727/838/1137 742/848/1137
f 721/841/817 720/839/817 735/849/817
f 728/840/1138 743/850/1138 744/852/1138
f 722/843/819 721/841/819 736/851/819
f 722/843/822 737/853/822 738/857/822
f 715/845/1139 730/855/1139 731/858/1139
f 723/830/1140 738/857/1140 739/859/1140
f 716/831/825 731/858/825 732/860/825
f 725/834/826 724/832/826 739/859/826
f 717/833/1141 732/860/1141 733/862/1141
f 725/834/828 740/861/828 741/847/828
f 719/837/1142 718/835/1142 733/862/1142
f 731/858/1143 730/855/1143 745/864/1143
f 738/857/831 753/880/831 754/866/831
f 731/858/832 746/865/832 747/867/832
f 740/861/833 739/859/833 754/866/833
f 732/860/1144 747/867/1144 748/869/1144
f 740/861/835 755/868/835 756/870/835
f 734/863/836 733/862/836 748/869/836
f 741/847/837 756/870/837 757/872/837
f 734/863/1145 749/871/1145 750/873/1145
f 743/850/839 742/848/839 757/872/839
f 735/849/840 750/873/840 751/875/840
f 743/850/1146 758/874/1146 759/876/1146
f 737/853/842 736/851/842 751/875/842
f 737/853/845 752/877/845 753/880/845
f 749/871/846 764/896/846 765/881/846
f 757/872/847 772/897/847 773/882/847
f 751/875/848 750/873/848 765/881/848
f 758/874/1147 773/882/1147 774/884/1147
f 752/877/850 751/875/850 766/883/850
f 752/877/1148 767/885/1148 768/889/1148
f 746/865/1149 745/864/1149 760/887/1149
f 753/880/1150 768/889/1150 769/891/1150
f 746/865/856 761/890/856 762/892/856
f 755/868/857 754/866/857 769/891/857
f 748/869/858 747/867/858 762/892/858
f 756/870/859 755/868/859 770/893/859
f 748/869/860 763/894/860 764/896/860
f 757/872/861 756/870/861 771/895/861
f 768/889/862 783/913/862 784/898/862
f 761/890/1151 776/914/1151 777/899/1151
f 770/893/864 769/891/864 784/898/864
f 762/892/865 777/899/865 778/901/865
f 770/893/866 785/900/866 786/902/866
f 764/896/867 763/894/867 778/901/867
f 772/897/868 771/895/868 786/902/868
f 765/881/1152 764/896/1152 779/903/1152
f 772/897/870 787/904/870 788/906/870
f 765/881/871 780/905/871 781/907/871
f 774/884/872 773/882/872 788/906/872
f 767/885/1153 766/883/1153 781/907/1153
f 767/885/876 782/909/876 783/913/876
f 760/887/877 775/911/877 776/914/877
f 788/906/1154 787/904/1154 803/915/1154
f 781/907/879 780/905/879 796/917/879
f 788/906/1155 804/916/1155 805/919/1155
f 782/909/881 781/907/881 797/918/881
f 782/909/884 798/920/884 799/924/884
f 776/914/1156 775/911/1156 791/922/1156
f 783/913/886 799/924/886 800/926/886
f 777/899/1157 776/914/1157 792/925/1157
f 785/900/888 784/898/888 800/926/888
f 777/899/889 793/927/889 794/929/889
f 785/900/1158 801/928/1158 802/930/1158
f 779/903/1159 778/901/1159 794/929/1159
f 787/904/892 786/902/892 802/930/892
f 779/903/893 795/931/893 796/917/893
f 801/928/894 800/926/894 815/932/894
f 793/927/1160 808/948/1160 809/934/1160
f 801/928/1161 816/933/1161 817/935/1161
f 795/931/897 794/929/897 809/934/897
f 802/930/1162 817/935/1162 818/937/1162
f 796/917/899 795/931/899 810/936/899
f 803/915/900 818/937/900 819/939/900
f 797/918/901 796/917/901 811/938/901
f 805/919/1163 804/916/1163 819/939/1163
f 798/920/903 797/918/903 812/940/903
f 798/920/906 813/942/906 814/946/906
f 792/925/907 791/922/907 806/944/907
f 799/924/908 814/946/908 815/932/908
f 793/927/909 792/925/909 807/947/909
f 820/941/910 819/939/910 834/949/910
f 812/940/911 827/965/911 828/951/911
f 813/942/914 828/951/914 829/955/914
f 806/944/1164 821/953/1164 822/956/1164
f 814/946/916 829/955/916 830/957/916
f 807/947/1165 822/956/1165 823/958/1165
f 816/933/918 815/932/918 830/957/918
f 808/948/1166 823/958/1166 824/960/1166
f 816/933/920 831/959/920 832/961/920
f 810/936/921 809/934/921 824/960/921
f 817/935/922 832/961/922 833/963/922
f 810/936/923 825/962/923 826/964/923
f 819/939/1167 818/937/1167 833/963/1167
f 812/940/1168 811/938/1168 826/964/1168
f 823/958/926 838/982/926 839/966/926
f 832/961/927 831/959/927 846/967/927
f 825/962/928 824/960/928 839/966/928
f 833/963/929 832/961/929 847/968/929
f 825/962/930 840/969/930 841/971/930
f 834/949/931 833/963/931 848/970/931
f 827/965/932 826/964/932 841/971/932
f 835/950/933 834/949/933 849/972/933
f 828/951/1169 827/965/1169 842/973/1169
f 828/951/937 843/975/937 844/979/937
f 821/953/938 836/977/938 837/980/938
f 829/955/939 844/979/939 845/981/939
f 822/956/940 837/980/940 838/982/940
f 831/959/1170 830/957/1170 845/981/1170
f 843/983/942 842/1014/942 857/984/942
f 843/983/945 858/985/945 859/992/945
f 837/994/946 836/986/946 851/988/946
f 844/993/947 859/992/947 860/996/947
f 837/994/948 852/995/948 853/998/948
f 845/997/949 860/996/949 861/1000/949
f 838/999/950 853/998/950 854/1002/950
f 846/1001/951 861/1000/951 862/1004/951
f 840/1006/952 839/1003/952 854/1002/952
f 848/1008/1171 847/1005/1171 862/1004/1171
f 840/1006/1172 855/1007/1172 856/1010/1172
f 848/1008/1173 863/1009/1173 864/1012/1173
f 842/1014/956 841/1011/956 856/1010/956
f 850/990/1174 849/1013/1174 864/1012/1174
f 861/1000/958 876/1031/958 877/1015/958
f 855/1007/959 854/1002/959 869/1016/959
f 862/1004/1175 877/1015/1175 878/1018/1175
f 855/1007/961 870/1017/961 871/1019/961
f 863/1009/962 878/1018/962 879/1020/962
f 857/984/963 856/1010/963 871/1019/963
f 864/1012/1176 879/1020/1176 880/1022/1176
f 858/985/965 857/984/965 872/1021/965
f 858/985/968 873/1023/968 874/1027/968
f 851/988/969 866/1025/969 867/1028/969
f 859/992/970 874/1027/970 875/1029/970
f 852/995/1177 867/1028/1177 868/1030/1177
f 861/1000/1178 860/996/1178 875/1029/1178
f 853/998/973 868/1030/973 869/1016/973
f 873/1023/976 888/1048/976 889/1036/976
f 866/1025/1179 881/1033/1179 882/1037/1179
f 874/1027/1180 889/1036/1180 890/1038/1180
f 868/1030/979 867/1028/979 882/1037/979
f 875/1029/980 890/1038/980 891/1040/980
f 869/1016/981 868/1030/981 883/1039/981
f 876/1031/982 891/1040/982 892/1042/982
f 870/1017/1181 869/1016/1181 884/1041/1181
f 878/1018/984 877/1015/984 892/1042/984
f 870/1017/985 885/1043/985 886/1045/985
f 879/1020/986 878/1018/986 893/1044/986
f 872/1021/987 871/1019/987 886/1045/987
f 879/1020/988 894/1046/988 895/1035/988
f 873/1023/989 872/1021/989 887/1047/989
f 884/1041/990 899/1065/990 900/1049/990
f 893/1044/991 892/1042/991 907/1050/991
f 885/1043/992 900/1049/992 901/1052/992
f 893/1044/993 908/1051/993 909/1053/993
f 887/1047/994 886/1045/994 901/1052/994
f 895/1035/1182 894/1046/1182 909/1053/1182
f 888/1048/996 887/1047/996 902/1054/996
f 888/1048/999 903/1056/999 904/1060/999
f 882/1037/1183 881/1033/1183 896/1058/1183
f 889/1036/1001 904/1060/1001 905/1062/1001
f 883/1039/1002 882/1037/1002 897/1061/1002
f 891/1040/1003 890/1038/1003 905/1062/1003
f 883/1039/1004 898/1063/1004 899/1065/1004
f 892/1042/1184 891/1040/1184 906/1064/1184
f 903/1056/1006 918/1080/1006 919/1066/1006
f 897/1061/1185 896/1058/1185 911/1067/1185
f 904/1060/1008 919/1066/1008 920/1069/1008
f 898/1063/1186 897/1061/1186 912/1068/1186
f 906/1064/1010 905/1062/1010 920/1069/1010
f 898/1063/1011 913/1070/1011 914/1072/1011
f 906/1064/1012 921/1071/1012 922/1073/1012
f 900/1049/1013 899/1065/1013 914/1072/1013
f 908/1051/1014 907/1050/1014 922/1073/1014
f 900/1049/1015 915/1074/1015 916/1076/1015
f 908/1051/1187 923/1075/1187 924/1077/1187
f 902/1054/1017 901/1052/1017 916/1076/1017
f 910/1055/1188 909/1053/1188 924/1077/1188
f 902/1054/1019 917/1078/1019 918/1080/1019
f 923/1075/1022 922/1073/1022 937/1083/1022
f 915/1074/1023 930/1099/1023 931/1085/1023
f 924/1077/1024 923/1075/1024 938/1084/1024
f 917/1078/1189 916/1076/1189 931/1085/1189
f 924/1077/1026 939/1086/1026 940/1088/1026
f 917/1078/1190 932/1087/1190 933/1089/1190
f 918/1080/1030 933/1089/1030 934/1093/1030
f 912/1068/1031 911/1067/1031 926/1091/1031
f 919/1066/1032 934/1093/1032 935/1095/1032
f 913/1070/1033 912/1068/1033 927/1094/1033
f 921/1071/1034 920/1069/1034 935/1095/1034
f 914/1072/1035 913/1070/1035 928/1096/1035
f 921/1071/1036 936/1097/1036 937/1083/1036
f 915/1074/1037 914/1072/1037 929/1098/1037
f 934/1093/1191 949/1115/1191 950/1100/1191
f 927/1094/1039 942/1116/1039 943/1101/1039
f 936/1097/1040 935/1095/1040 950/1100/1040
f 929/1098/1192 928/1096/1192 943/1101/1192
f 936/1097/1042 951/1102/1042 952/1104/1042
f 930/1099/1043 929/1098/1043 944/1103/1043
f 938/1084/1193 937/1083/1193 952/1104/1193
f 930/1099/1045 945/1105/1045 946/1107/1045
f 939/1086/1046 938/1084/1046 953/1106/1046
f 932/1087/1047 931/1085/1047 946/1107/1047
f 940/1088/1048 939/1086/1048 954/1108/1048
f 932/1087/1049 947/1109/1049 948/1111/1049
f 933/1089/1052 948/1111/1052 949/1115/1052
f 927/1094/1194 926/1091/1194 941/1113/1194
f 953/1106/1054 962/563/1054 963/565/1054
f 947/1109/1055 946/1107/1055 959/562/1055
f 954/1108/1056 963/565/1056 964/569/1056
f 948/1111/1057 947/1109/1057 485/567/1057
f 948/1111/1060 486/571/1060 487/577/1060
f 941/1113/1195 956/572/1195 957/578/1195
f 949/1115/1196 487/577/1196 960/580/1196
f 943/1101/1063 942/1116/1063 957/578/1063
f 950/1100/1064 960/580/1064 488/585/1064
f 944/1103/1065 943/1101/1065 483/582/1065
f 951/1102/1066 488/585/1066 961/589/1066
f 945/1105/1067 944/1103/1067 958/586/1067
f 953/1106/1197 952/1104/1197 961/589/1197
f 946/1107/1069 945/1105/1069 484/560/1069
usemtl マテリアル.002
f 1441/1119/8 975/1120/8 976/1121/8
f 1444/1122/9 984/1123/9 1445/1124/9
f 1441/1119/10 977/1125/10 967/1126/10
f 1445/1124/11 985/1127/11 1446/1128/11
f 968/1129/513 977/1125/513 978/1130/513
f 1438/1131/1198 1046/1132/1198 971/1133/1198
f 1272/1134/1199 1446/1128/1199 985/1127/1199
f 968/1129/1200 979/1135/1200 969/1136/1200
f 1439/1137/1201 971/1133/1201 972/1138/1201
f 969/1136/1 980/1139/1 1442/1140/1
f 1439/1137/2 973/1141/2 965/1142/2
f 1442/1140/3 981/1143/3 970/1144/3
f 1440/1145/4 973/1141/4 974/1146/4
f 970/1144/1202 982/1147/1202 1443/1148/1202
f 966/1149/6 974/1146/6 975/1120/6
f 1443/1148/1203 983/1150/1203 1444/1122/1203
f 982/1147/1204 996/1151/1204 997/1152/1204
f 975/1120/24 989/1153/24 990/1154/24
f 983/1150/25 997/1152/25 998/1155/25
f 975/1120/516 991/1156/516 976/1121/516
f 983/1150/1205 999/1157/1205 984/1123/1205
f 977/1125/28 991/1156/28 992/1158/28
f 984/1123/1206 1000/1159/1206 985/1127/1206
f 978/1130/30 992/1158/30 993/1160/30
f 971/1133/31 1046/1161/31 986/1162/31
f 1272/1163/32 985/1127/32 1000/1159/32
f 978/1130/17 994/1164/17 979/1135/17
f 971/1133/18 987/1165/18 972/1138/18
f 979/1135/19 995/1166/19 980/1139/19
f 973/1141/20 987/1165/20 988/1167/20
f 981/1143/21 995/1166/21 996/1151/21
f 973/1141/22 989/1153/22 974/1146/22
f 1272/1168/40 1000/1159/40 1015/1169/40
f 993/1160/1207 1009/1170/1207 994/1164/1207
f 987/1165/1208 1001/1171/1208 1002/1172/1208
f 994/1164/43 1010/1173/43 995/1166/43
f 987/1165/44 1003/1174/44 988/1167/44
f 995/1166/45 1011/1175/45 996/1151/45
f 988/1167/46 1004/1176/46 989/1153/46
f 996/1151/1209 1012/1177/1209 997/1152/1209
f 990/1154/48 1004/1176/48 1005/1178/48
f 998/1155/33 1012/1177/33 1013/1179/33
f 991/1156/34 1005/1178/34 1006/1180/34
f 999/1157/517 1013/1179/517 1014/1181/517
f 991/1156/36 1007/1182/36 992/1158/36
f 999/1157/37 1015/1169/37 1000/1159/37
f 993/1160/1210 1007/1182/1210 1008/1183/1210
f 986/1162/39 1046/1184/39 1001/1171/39
f 1012/1177/56 1028/1185/56 1013/1179/56
f 1006/1180/57 1020/1186/57 1021/1187/57
f 1014/1181/58 1028/1185/58 1029/1188/58
f 1007/1182/59 1021/1187/59 1022/1189/59
f 1015/1169/60 1029/1188/60 1030/1190/60
f 1007/1182/520 1023/1191/520 1008/1183/520
f 1001/1171/62 1046/1192/62 1016/1193/62
f 1272/1194/63 1015/1169/63 1030/1190/63
f 1009/1170/521 1023/1191/521 1024/1195/521
f 1001/1171/519 1017/1196/519 1002/1172/519
f 1010/1173/50 1024/1195/50 1025/1197/50
f 1002/1172/51 1018/1198/51 1003/1174/51
f 1010/1173/52 1026/1199/52 1011/1175/52
f 1004/1176/53 1018/1198/53 1019/1200/53
f 1011/1175/1211 1027/1201/1211 1012/1177/1211
f 1004/1176/55 1020/1186/55 1005/1178/55
f 1017/1196/1212 1031/1202/1212 1032/1203/1212
f 1024/1195/74 1040/1204/74 1025/1197/74
f 1017/1196/75 1033/1205/75 1018/1198/75
f 1025/1197/76 1041/1206/76 1026/1199/76
f 1018/1198/77 1034/1207/77 1019/1200/77
f 1026/1199/1213 1042/1208/1213 1027/1201/1213
f 1020/1186/79 1034/1207/79 1035/1209/79
f 1027/1201/80 1043/1210/80 1028/1185/80
f 1021/1187/65 1035/1209/65 1036/1211/65
f 1028/1185/66 1044/1212/66 1029/1188/66
f 1022/1189/67 1036/1211/67 1037/1213/67
f 1029/1188/68 1045/1214/68 1030/1190/68
f 1022/1189/1214 1038/1215/1214 1023/1191/1214
f 1016/1193/70 1046/1216/70 1031/1202/70
f 1272/1217/71 1030/1190/71 1045/1214/71
f 1023/1191/72 1039/1218/72 1024/1195/72
f 1035/1209/88 1052/1219/88 1036/1211/88
f 1044/1212/1215 1059/1220/1215 1060/1221/1215
f 1036/1211/90 1053/1222/90 1037/1213/90
f 1044/1212/1216 1061/1223/1216 1045/1214/1216
f 1037/1213/1217 1054/1224/1217 1038/1215/1217
f 1031/1202/93 1046/1225/93 1047/1226/93
f 1272/1227/94 1045/1214/94 1061/1223/94
f 1038/1215/1218 1055/1228/1218 1039/1218/1218
f 1031/1202/1219 1048/1229/1219 1032/1203/1219
f 1039/1218/81 1056/1230/81 1040/1204/81
f 1033/1205/1220 1048/1229/1220 1049/1231/1220
f 1041/1206/83 1056/1230/83 1057/1232/83
f 1033/1205/84 1050/1233/84 1034/1207/84
f 1041/1206/1221 1058/1234/1221 1042/1208/1221
f 1035/1209/86 1050/1233/86 1051/1235/86
f 1042/1208/87 1059/1220/87 1043/1210/87
f 1055/1228/105 1071/1236/105 1056/1230/105
f 1048/1229/106 1064/1237/106 1049/1231/106
f 1057/1232/107 1071/1236/107 1072/1238/107
f 1049/1231/108 1065/1239/108 1050/1233/108
f 1057/1232/1222 1073/1240/1222 1058/1234/1222
f 1051/1235/1223 1065/1239/1223 1066/1241/1223
f 1059/1220/111 1073/1240/111 1074/1242/111
f 1051/1235/1224 1067/1243/1224 1052/1219/1224
f 1060/1221/1225 1074/1242/1225 1075/1244/1225
f 1053/1222/98 1067/1243/98 1068/1245/98
f 1061/1223/1226 1075/1244/1226 1076/1246/1226
f 1054/1224/100 1068/1245/100 1069/1247/100
f 1047/1226/101 1046/1248/101 1062/1249/101
f 1272/1250/102 1061/1223/102 1076/1246/102
f 1054/1224/103 1070/1251/103 1055/1228/103
f 1047/1226/104 1063/1252/104 1048/1229/104
f 1074/1242/119 1090/1253/119 1075/1244/119
f 1068/1245/120 1082/1254/120 1083/1255/120
f 1076/1246/121 1090/1253/121 1091/1256/121
f 1068/1245/1227 1084/1257/1227 1069/1247/1227
f 1062/1249/123 1046/1258/123 1077/1259/123
f 1272/1260/1228 1076/1246/1228 1091/1256/1228
f 1069/1247/125 1085/1261/125 1070/1251/125
f 1062/1249/1229 1078/1262/1229 1063/1252/1229
f 1070/1251/127 1086/1263/127 1071/1236/127
f 1064/1237/128 1078/1262/128 1079/1264/128
f 1072/1238/113 1086/1263/113 1087/1265/113
f 1065/1239/114 1079/1264/114 1080/1266/114
f 1072/1238/115 1088/1267/115 1073/1240/115
f 1066/1241/116 1080/1266/116 1081/1268/116
f 1074/1242/1230 1088/1267/1230 1089/1269/1230
f 1066/1241/118 1082/1254/118 1067/1243/118
f 1078/1262/136 1094/1270/136 1079/1264/136
f 1087/1265/137 1101/1271/137 1102/1272/137
f 1079/1264/138 1095/1273/138 1080/1266/138
f 1087/1265/1231 1103/1274/1231 1088/1267/1231
f 1081/1268/140 1095/1273/140 1096/1275/140
f 1089/1269/1232 1103/1274/1232 1104/1276/1232
f 1081/1268/142 1097/1277/142 1082/1254/142
f 1090/1253/143 1104/1276/143 1105/1278/143
f 1083/1255/144 1097/1277/144 1098/1279/144
f 1090/1253/129 1106/1280/129 1091/1256/129
f 1084/1257/130 1098/1279/130 1099/1281/130
f 1077/1259/1233 1046/1282/1233 1092/1283/1233
f 1272/1284/1234 1091/1256/1234 1106/1280/1234
f 1084/1257/133 1100/1285/133 1085/1261/133
f 1078/1262/1235 1092/1283/1235 1093/1286/1235
f 1085/1261/135 1101/1271/135 1086/1263/135
f 1097/1277/151 1113/1287/151 1098/1279/151
f 1105/1278/1236 1121/1288/1236 1106/1280/1236
f 1099/1281/153 1113/1287/153 1114/1289/153
f 1092/1283/154 1046/1290/154 1107/1291/154
f 1272/1292/155 1106/1280/155 1121/1288/155
f 1099/1281/156 1115/1293/156 1100/1285/156
f 1093/1286/157 1107/1291/157 1108/1294/157
f 1100/1285/158 1116/1295/158 1101/1271/158
f 1094/1270/159 1108/1294/159 1109/1296/159
f 1102/1272/160 1116/1295/160 1117/1297/160
f 1094/1270/145 1110/1298/145 1095/1273/145
f 1102/1272/146 1118/1299/146 1103/1274/146
f 1095/1273/147 1111/1300/147 1096/1275/147
f 1104/1276/148 1118/1299/148 1119/1301/148
f 1096/1275/149 1112/1302/149 1097/1277/149
f 1105/1278/1237 1119/1301/1237 1120/1303/1237
f 1117/1297/168 1131/1304/168 1132/1305/168
f 1109/1296/169 1125/1306/169 1110/1298/169
f 1117/1297/170 1133/1307/170 1118/1299/170
f 1111/1300/171 1125/1306/171 1126/1308/171
f 1119/1301/172 1133/1307/172 1134/1309/172
f 1111/1300/173 1127/1310/173 1112/1302/173
f 1120/1303/531 1134/1309/531 1135/1311/531
f 1113/1287/175 1127/1310/175 1128/1312/175
f 1120/1303/176 1136/1313/176 1121/1288/176
f 1114/1289/161 1128/1312/161 1129/1314/161
f 1107/1291/162 1046/1315/162 1122/1316/162
f 1272/1317/163 1121/1288/163 1136/1313/163
f 1114/1289/1238 1130/1318/1238 1115/1293/1238
f 1107/1291/165 1123/1319/165 1108/1294/165
f 1115/1293/166 1131/1304/166 1116/1295/166
f 1109/1296/167 1123/1319/167 1124/1320/167
f 1135/1311/1239 1151/1321/1239 1136/1313/1239
f 1129/1314/1240 1143/1322/1240 1144/1323/1240
f 1122/1316/185 1046/1324/185 1137/1325/185
f 1272/1326/186 1136/1313/186 1151/1321/186
f 1129/1314/187 1145/1327/187 1130/1318/187
f 1123/1319/1241 1137/1325/1241 1138/1328/1241
f 1130/1318/189 1146/1329/189 1131/1304/189
f 1124/1320/190 1138/1328/190 1139/1330/190
f 1132/1305/191 1146/1329/191 1147/1331/191
f 1124/1320/192 1140/1332/192 1125/1306/192
f 1132/1305/177 1148/1333/177 1133/1307/177
f 1125/1306/178 1141/1334/178 1126/1308/178
f 1133/1307/179 1149/1335/179 1134/1309/179
f 1126/1308/180 1142/1336/180 1127/1310/180
f 1134/1309/181 1150/1337/181 1135/1311/181
f 1128/1312/182 1142/1336/182 1143/1322/182
f 1147/1331/201 1163/1338/201 1148/1333/201
f 1140/1332/202 1156/1339/202 1141/1334/202
f 1148/1333/203 1164/1340/203 1149/1335/203
f 1141/1334/204 1157/1341/204 1142/1336/204
f 1150/1337/205 1164/1340/205 1165/1342/205
f 1143/1322/206 1157/1341/206 1158/1343/206
f 1151/1321/533 1165/1342/533 1166/1344/533
f 1143/1322/1242 1159/1345/1242 1144/1323/1242
f 1137/1325/193 1046/1346/193 1152/1347/193
f 1272/1348/194 1151/1321/194 1166/1344/194
f 1144/1323/1243 1160/1349/1243 1145/1327/1243
f 1137/1325/532 1153/1350/532 1138/1328/532
f 1145/1327/197 1161/1351/197 1146/1329/197
f 1139/1330/198 1153/1350/198 1154/1352/198
f 1147/1331/199 1161/1351/199 1162/1353/199
f 1140/1332/200 1154/1352/200 1155/1354/200
f 1152/1347/216 1046/1355/216 1167/1356/216
f 1272/1357/217 1166/1344/217 1181/1358/217
f 1159/1345/1244 1175/1359/1244 1160/1349/1244
f 1152/1347/219 1168/1360/219 1153/1350/219
f 1160/1349/220 1176/1361/220 1161/1351/220
f 1153/1350/1245 1169/1362/1245 1154/1352/1245
f 1161/1351/222 1177/1363/222 1162/1353/222
f 1154/1352/223 1170/1364/223 1155/1354/223
f 1162/1353/224 1178/1365/224 1163/1338/224
f 1156/1339/209 1170/1364/209 1171/1366/209
f 1163/1338/210 1179/1367/210 1164/1340/210
f 1156/1339/211 1172/1368/211 1157/1341/211
f 1165/1342/212 1179/1367/212 1180/1369/212
f 1157/1341/213 1173/1370/213 1158/1343/213
f 1166/1344/1246 1180/1369/1246 1181/1358/1246
f 1159/1345/1247 1173/1370/1247 1174/1371/1247
f 1170/1364/232 1186/1372/232 1171/1366/232
f 1179/1367/233 1193/1373/233 1194/1374/233
f 1172/1368/1248 1186/1372/1248 1187/1375/1248
f 1180/1369/235 1194/1374/235 1195/1376/235
f 1172/1368/236 1188/1377/236 1173/1370/236
f 1180/1369/1249 1196/1378/1249 1181/1358/1249
f 1174/1371/535 1188/1377/535 1189/1379/535
f 1167/1356/1250 1046/1380/1250 1182/1381/1250
f 1272/1382/1251 1181/1358/1251 1196/1378/1251
f 1174/1371/534 1190/1383/534 1175/1359/534
f 1168/1360/226 1182/1381/226 1183/1384/226
f 1175/1359/227 1191/1385/227 1176/1361/227
f 1169/1362/228 1183/1384/228 1184/1386/228
f 1176/1361/229 1192/1387/229 1177/1363/229
f 1169/1362/230 1185/1388/230 1170/1364/230
f 1178/1365/1252 1192/1387/1252 1193/1373/1252
f 1189/1379/537 1205/1389/537 1190/1383/537
f 1182/1381/250 1198/1390/250 1183/1384/250
f 1190/1383/251 1206/1391/251 1191/1385/251
f 1183/1384/252 1199/1392/252 1184/1386/252
f 1192/1387/1253 1206/1391/1253 1207/1393/1253
f 1184/1386/254 1200/1394/254 1185/1388/254
f 1192/1387/1254 1208/1395/1254 1193/1373/1254
f 1186/1372/256 1200/1394/256 1201/1396/256
f 1194/1374/241 1208/1395/241 1209/1397/241
f 1186/1372/242 1202/1398/242 1187/1375/242
f 1195/1376/243 1209/1397/243 1210/1399/243
f 1188/1377/244 1202/1398/244 1203/1400/244
f 1195/1376/245 1211/1401/245 1196/1378/245
f 1189/1379/536 1203/1400/536 1204/1402/536
f 1182/1381/247 1046/1403/247 1197/1404/247
f 1272/1405/248 1196/1378/248 1211/1401/248
f 1209/1397/263 1223/1406/263 1224/1407/263
f 1201/1396/264 1217/1408/264 1202/1398/264
f 1210/1399/265 1224/1407/265 1225/1409/265
f 1203/1400/266 1217/1408/266 1218/1410/266
f 1210/1399/1255 1226/1411/1255 1211/1401/1255
f 1204/1402/538 1218/1410/538 1219/1412/538
f 1197/1404/269 1046/1413/269 1212/1414/269
f 1272/1415/270 1211/1401/270 1226/1411/270
f 1204/1402/539 1220/1416/539 1205/1389/539
f 1197/1404/540 1213/1417/540 1198/1390/540
f 1205/1389/257 1221/1418/257 1206/1391/257
f 1198/1390/258 1214/1419/258 1199/1392/258
f 1207/1393/1256 1221/1418/1256 1222/1420/1256
f 1199/1392/260 1215/1421/260 1200/1394/260
f 1207/1393/261 1223/1406/261 1208/1395/261
f 1200/1394/262 1216/1422/262 1201/1396/262
f 1212/1414/280 1228/1423/280 1213/1417/280
f 1220/1416/281 1236/1424/281 1221/1418/281
f 1213/1417/282 1229/1425/282 1214/1419/282
f 1222/1420/283 1236/1424/283 1237/1426/283
f 1215/1421/284 1229/1425/284 1230/1427/284
f 1222/1420/1257 1238/1428/1257 1223/1406/1257
f 1216/1422/286 1230/1427/286 1231/1429/286
f 1223/1406/287 1239/1430/287 1224/1407/287
f 1217/1408/288 1231/1429/288 1232/1431/288
f 1224/1407/273 1240/1432/273 1225/1409/273
f 1217/1408/274 1233/1433/274 1218/1410/274
f 1226/1411/1258 1240/1432/1258 1241/1434/1258
f 1219/1412/541 1233/1433/541 1234/1435/541
f 1212/1414/277 1046/1436/277 1227/1437/277
f 1272/1438/278 1226/1411/278 1241/1434/278
f 1219/1412/542 1235/1439/542 1220/1416/542
f 1231/1429/295 1247/1440/295 1232/1431/295
f 1239/1430/296 1255/1441/296 1240/1432/296
f 1233/1433/297 1247/1440/297 1248/1442/297
f 1241/1434/298 1255/1441/298 1256/1443/298
f 1234/1435/1259 1248/1442/1259 1249/1444/1259
f 1227/1437/300 1046/1445/300 1242/1446/300
f 1272/1447/301 1241/1434/301 1256/1443/301
f 1234/1435/1260 1250/1448/1260 1235/1439/1260
f 1227/1437/303 1243/1449/303 1228/1423/303
f 1235/1439/304 1251/1450/304 1236/1424/304
f 1229/1425/289 1243/1449/289 1244/1451/289
f 1237/1426/290 1251/1450/290 1252/1452/290
f 1229/1425/291 1245/1453/291 1230/1427/291
f 1237/1426/1261 1253/1454/1261 1238/1428/1261
f 1231/1429/293 1245/1453/293 1246/1455/293
f 1238/1428/294 1254/1456/294 1239/1430/294
f 1250/1448/312 1266/1457/312 1251/1450/312
f 1244/1451/313 1258/1458/313 1259/1459/313
f 1252/1452/314 1266/1457/314 1267/1460/314
f 1244/1451/315 1260/1461/315 1245/1453/315
f 1252/1452/316 1268/1462/316 1253/1454/316
f 1246/1455/317 1260/1461/317 1261/1463/317
f 1254/1456/318 1268/1462/318 1269/1464/318
f 1247/1440/319 1261/1463/319 1262/1465/319
f 1254/1456/320 1270/1466/320 1255/1441/320
f 1247/1440/305 1263/1467/305 1248/1442/305
f 1255/1441/545 1271/1468/545 1256/1443/545
f 1249/1444/1262 1263/1467/1262 1264/1469/1262
f 1242/1446/308 1046/1470/308 1257/1471/308
f 1272/1472/309 1256/1443/309 1271/1468/309
f 1249/1444/1263 1265/1473/1263 1250/1448/1263
f 1242/1446/311 1258/1458/311 1243/1449/311
f 1269/1464/327 1286/1474/327 1270/1466/327
f 1263/1467/328 1278/1475/328 1279/1476/328
f 1270/1466/329 1287/1477/329 1271/1468/329
f 1264/1469/330 1279/1476/330 1280/1478/330
f 1257/1471/331 1046/1479/331 1273/1480/331
f 1272/1481/332 1271/1468/332 1287/1477/332
f 1264/1469/1264 1281/1482/1264 1265/1473/1264
f 1258/1458/1265 1273/1480/1265 1274/1483/1265
f 1265/1473/335 1282/1484/335 1266/1457/335
f 1259/1459/336 1274/1483/336 1275/1485/336
f 1267/1460/321 1282/1484/321 1283/1486/321
f 1259/1459/322 1276/1487/322 1260/1461/322
f 1267/1460/1266 1284/1488/1266 1268/1462/1266
f 1261/1463/324 1276/1487/324 1277/1489/324
f 1269/1464/325 1284/1488/325 1285/1490/325
f 1261/1463/326 1278/1475/326 1262/1465/326
f 1283/1486/345 1297/1491/345 1298/1492/345
f 1275/1485/346 1291/1493/346 1276/1487/346
f 1283/1486/347 1299/1494/347 1284/1488/347
f 1277/1489/348 1291/1493/348 1292/1495/348
f 1284/1488/349 1300/1496/349 1285/1490/349
f 1277/1489/350 1293/1497/350 1278/1475/350
f 1285/1490/1267 1301/1498/1267 1286/1474/1267
f 1279/1476/352 1293/1497/352 1294/1499/352
f 1287/1477/337 1301/1498/337 1302/1500/337
f 1280/1478/547 1294/1499/547 1295/1501/547
f 1273/1480/339 1046/1502/339 1288/1503/339
f 1272/1504/340 1287/1477/340 1302/1500/340
f 1280/1478/548 1296/1505/548 1281/1482/548
f 1273/1480/1268 1289/1506/1268 1274/1483/1268
f 1281/1482/343 1297/1491/343 1282/1484/343
f 1275/1485/1269 1289/1506/1269 1290/1507/1269
f 1301/1498/1270 1317/1508/1270 1302/1500/1270
f 1295/1501/1271 1309/1509/1271 1310/1510/1271
f 1288/1503/362 1046/1511/362 1303/1512/362
f 1272/1513/363 1302/1500/363 1317/1508/363
f 1295/1501/364 1311/1514/364 1296/1505/364
f 1289/1506/365 1303/1512/365 1304/1515/365
f 1296/1505/366 1312/1516/366 1297/1491/366
f 1290/1507/1272 1304/1515/1272 1305/1517/1272
f 1298/1492/368 1312/1516/368 1313/1518/368
f 1290/1507/353 1306/1519/353 1291/1493/353
f 1298/1492/354 1314/1520/354 1299/1494/354
f 1292/1495/355 1306/1519/355 1307/1521/355
f 1300/1496/356 1314/1520/356 1315/1522/356
f 1292/1495/1273 1308/1523/1273 1293/1497/1273
f 1300/1496/358 1316/1524/358 1301/1498/358
f 1294/1499/359 1308/1523/359 1309/1509/359
f 1305/1517/377 1321/1525/377 1306/1519/377
f 1313/1518/378 1329/1526/378 1314/1520/378
f 1307/1521/379 1321/1525/379 1322/1527/379
f 1314/1520/1274 1330/1528/1274 1315/1522/1274
f 1307/1521/381 1323/1529/381 1308/1523/381
f 1315/1522/382 1331/1530/382 1316/1524/382
f 1309/1509/1275 1323/1529/1275 1324/1531/1275
f 1316/1524/384 1332/1532/384 1317/1508/384
f 1310/1510/369 1324/1531/369 1325/1533/369
f 1303/1512/370 1046/1534/370 1318/1535/370
f 1272/1536/371 1317/1508/371 1332/1532/371
f 1310/1510/372 1326/1537/372 1311/1514/372
f 1303/1512/373 1319/1538/373 1304/1515/373
f 1311/1514/374 1327/1539/374 1312/1516/374
f 1305/1517/375 1319/1538/375 1320/1540/375
f 1313/1518/376 1327/1539/376 1328/1541/376
f 1325/1542/392 1339/1543/392 1340/1544/392
f 1318/1545/1276 1046/1546/1276 1333/1547/1276
f 1272/1548/394 1332/1549/394 1347/1550/394
f 1325/1542/395 1341/1551/395 1326/1552/395
f 1319/1553/396 1333/1547/396 1334/1554/396
f 1326/1552/397 1342/1555/397 1327/1556/397
f 1320/1557/398 1334/1554/398 1335/1558/398
f 1328/1559/399 1342/1555/399 1343/1560/399
f 1320/1557/400 1336/1561/400 1321/1562/400
f 1328/1559/1277 1344/1563/1277 1329/1564/1277
f 1321/1562/386 1337/1565/386 1322/1566/386
f 1329/1564/387 1345/1567/387 1330/1568/387
f 1322/1566/388 1338/1569/388 1323/1570/388
f 1330/1568/389 1346/1571/389 1331/1572/389
f 1324/1573/1278 1338/1569/1278 1339/1543/1278
f 1332/1549/391 1346/1571/391 1347/1550/391
f 1343/1560/408 1359/1574/408 1344/1563/408
f 1337/1565/409 1351/1575/409 1352/1576/409
f 1345/1567/410 1359/1574/410 1360/1577/410
f 1337/1565/1279 1353/1578/1279 1338/1569/1279
f 1346/1571/412 1360/1577/412 1361/1579/412
f 1339/1543/413 1353/1578/413 1354/1580/413
f 1347/1550/1280 1361/1579/1280 1362/1581/1280
f 1340/1544/415 1354/1580/415 1355/1582/415
f 1333/1547/416 1046/1583/416 1348/1584/416
f 1272/1585/401 1347/1550/401 1362/1581/401
f 1340/1544/402 1356/1586/402 1341/1551/402
f 1333/1547/403 1349/1587/403 1334/1554/403
f 1341/1551/404 1357/1588/404 1342/1555/404
f 1335/1558/405 1349/1587/405 1350/1589/405
f 1343/1560/406 1357/1588/406 1358/1590/406
f 1335/1558/407 1351/1575/407 1336/1561/407
f 1348/1584/423 1046/1591/423 1363/1592/423
f 1272/1593/424 1362/1581/424 1377/1594/424
f 1355/1582/1281 1371/1595/1281 1356/1586/1281
f 1348/1584/426 1364/1596/426 1349/1587/426
f 1356/1586/427 1372/1597/427 1357/1588/427
f 1349/1587/550 1365/1598/550 1350/1589/550
f 1358/1590/429 1372/1597/429 1373/1599/429
f 1351/1575/430 1365/1598/430 1366/1600/430
f 1358/1590/1282 1374/1601/1282 1359/1574/1282
f 1352/1576/432 1366/1600/432 1367/1602/432
f 1359/1574/417 1375/1603/417 1360/1577/417
f 1353/1578/418 1367/1602/418 1368/1604/418
f 1360/1577/419 1376/1605/419 1361/1579/419
f 1354/1580/420 1368/1604/420 1369/1606/420
f 1362/1581/1283 1376/1605/1283 1377/1594/1283
f 1355/1582/1284 1369/1606/1284 1370/1607/1284
f 1367/1602/439 1381/1608/439 1382/1609/439
f 1374/1601/440 1390/1610/440 1375/1603/440
f 1367/1602/441 1383/1611/441 1368/1604/441
f 1375/1603/442 1391/1612/442 1376/1605/442
f 1369/1606/443 1383/1611/443 1384/1613/443
f 1376/1605/1285 1392/1614/1285 1377/1594/1285
f 1370/1607/1286 1384/1613/1286 1385/1615/1286
f 1363/1592/446 1046/1616/446 1378/1617/446
f 1272/1618/447 1377/1594/447 1392/1614/447
f 1370/1607/448 1386/1619/448 1371/1595/448
f 1364/1596/433 1378/1617/433 1379/1620/433
f 1371/1595/434 1387/1621/434 1372/1597/434
f 1364/1596/435 1380/1622/435 1365/1598/435
f 1373/1599/436 1387/1621/436 1388/1623/436
f 1366/1600/437 1380/1622/437 1381/1608/437
f 1373/1599/438 1389/1624/438 1374/1601/438
f 1385/1615/1287 1401/1625/1287 1386/1619/1287
f 1379/1620/1288 1393/1626/1288 1394/1627/1288
f 1387/1621/458 1401/1625/458 1402/1628/458
f 1380/1622/459 1394/1627/459 1395/1629/459
f 1388/1623/460 1402/1628/460 1403/1630/460
f 1380/1622/461 1396/1631/461 1381/1608/461
f 1388/1623/462 1404/1632/462 1389/1624/462
f 1382/1609/463 1396/1631/463 1397/1633/463
f 1389/1624/464 1405/1634/464 1390/1610/464
f 1382/1609/449 1398/1635/449 1383/1611/449
f 1391/1612/450 1405/1634/450 1406/1636/450
f 1384/1613/451 1398/1635/451 1399/1637/451
f 1391/1612/551 1407/1638/551 1392/1614/551
f 1385/1615/453 1399/1637/453 1400/1639/453
f 1378/1617/454 1046/1640/454 1393/1626/454
f 1272/1641/455 1392/1614/455 1407/1638/455
f 1405/1634/471 1419/1642/471 1420/1643/471
f 1397/1633/472 1413/1644/472 1398/1635/472
f 1405/1634/1289 1421/1645/1289 1406/1636/1289
f 1399/1637/474 1413/1644/474 1414/1646/474
f 1406/1636/1290 1422/1647/1290 1407/1638/1290
f 1400/1639/476 1414/1646/476 1415/1648/476
f 1393/1626/477 1046/1649/477 1408/1650/477
f 1272/1651/478 1407/1638/478 1422/1647/478
f 1400/1639/553 1416/1652/553 1401/1625/553
f 1394/1627/480 1408/1650/480 1409/1653/480
f 1401/1625/465 1417/1654/465 1402/1628/465
f 1395/1629/1291 1409/1653/1291 1410/1655/1291
f 1403/1630/467 1417/1654/467 1418/1656/467
f 1395/1629/468 1411/1657/468 1396/1631/468
f 1403/1630/469 1419/1642/469 1404/1632/469
f 1397/1633/470 1411/1657/470 1412/1658/470
f 1416/1652/489 1432/1659/489 1417/1654/489
f 1410/1655/490 1424/1660/490 1425/1661/490
f 1418/1656/491 1432/1659/491 1433/1662/491
f 1410/1655/492 1426/1663/492 1411/1657/492
f 1418/1656/1292 1434/1664/1292 1419/1642/1292
f 1411/1657/494 1427/1665/494 1412/1658/494
f 1419/1642/495 1435/1666/495 1420/1643/495
f 1413/1644/1293 1427/1665/1293 1428/1667/1293
f 1420/1643/1294 1436/1668/1294 1421/1645/1294
f 1414/1646/482 1428/1667/482 1429/1669/482
f 1422/1647/1295 1436/1668/1295 1437/1670/1295
f 1414/1646/484 1430/1671/484 1415/1648/484
f 1408/1650/485 1046/1672/485 1423/1673/485
f 1272/1674/486 1422/1647/486 1437/1670/486
f 1415/1648/487 1431/1675/487 1416/1652/487
f 1408/1650/488 1424/1660/488 1409/1653/488
f 1435/1666/504 1445/1124/504 1436/1668/504
f 1429/1669/505 1441/1119/505 967/1126/505
f 1436/1668/1296 1446/1128/1296 1437/1670/1296
f 1430/1671/555 967/1126/555 968/1129/555
f 1423/1673/1297 1046/1676/1297 1438/1131/1297
f 1272/1677/1298 1437/1670/1298 1446/1128/1298
f 1430/1671/510 969/1136/510 1431/1675/510
f 1423/1673/557 1439/1137/557 1424/1660/557
f 1431/1675/512 1442/1140/512 1432/1659/512
f 1425/1661/497 1439/1137/497 965/1142/497
f 1432/1659/498 970/1144/498 1433/1662/498
f 1426/1663/499 965/1142/499 1440/1145/499
f 1433/1662/500 1443/1148/500 1434/1664/500
f 1427/1665/501 1440/1145/501 966/1149/501
f 1435/1666/1299 1443/1148/1299 1444/1122/1299
f 1428/1667/503 966/1149/503 1441/1119/503
f 1441/1119/8 966/1149/8 975/1120/8
f 1444/1122/9 983/1150/9 984/1123/9
f 1441/1119/10 976/1121/10 977/1125/10
f 1445/1124/1300 984/1123/1300 985/1127/1300
f 968/1129/1301 967/1126/1301 977/1125/1301
f 968/1129/1200 978/1130/1200 979/1135/1200
f 1439/1137/16 1438/1131/16 971/1133/16
f 969/1136/1 979/1135/1 980/1139/1
f 1439/1137/2 972/1138/2 973/1141/2
f 1442/1140/3 980/1139/3 981/1143/3
f 1440/1145/4 965/1142/4 973/1141/4
f 970/1144/5 981/1143/5 982/1147/5
f 966/1149/6 1440/1145/6 974/1146/6
f 1443/1148/1203 982/1147/1203 983/1150/1203
f 982/1147/23 981/1143/23 996/1151/23
f 975/1120/24 974/1146/24 989/1153/24
f 983/1150/25 982/1147/25 997/1152/25
f 975/1120/516 990/1154/516 991/1156/516
f 983/1150/27 998/1155/27 999/1157/27
f 977/1125/28 976/1121/28 991/1156/28
f 984/1123/29 999/1157/29 1000/1159/29
f 978/1130/30 977/1125/30 992/1158/30
f 978/1130/17 993/1160/17 994/1164/17
f 971/1133/1302 986/1162/1302 987/1165/1302
f 979/1135/19 994/1164/19 995/1166/19
f 973/1141/1303 972/1138/1303 987/1165/1303
f 981/1143/21 980/1139/21 995/1166/21
f 973/1141/22 988/1167/22 989/1153/22
f 993/1160/1207 1008/1183/1207 1009/1170/1207
f 987/1165/42 986/1162/42 1001/1171/42
f 994/1164/43 1009/1170/43 1010/1173/43
f 987/1165/44 1002/1172/44 1003/1174/44
f 995/1166/45 1010/1173/45 1011/1175/45
f 988/1167/46 1003/1174/46 1004/1176/46
f 996/1151/47 1011/1175/47 1012/1177/47
f 990/1154/48 989/1153/48 1004/1176/48
f 998/1155/33 997/1152/33 1012/1177/33
f 991/1156/34 990/1154/34 1005/1178/34
f 999/1157/517 998/1155/517 1013/1179/517
f 991/1156/36 1006/1180/36 1007/1182/36
f 999/1157/1304 1014/1181/1304 1015/1169/1304
f 993/1160/1210 992/1158/1210 1007/1182/1210
f 1012/1177/56 1027/1201/56 1028/1185/56
f 1006/1180/57 1005/1178/57 1020/1186/57
f 1014/1181/58 1013/1179/58 1028/1185/58
f 1007/1182/59 1006/1180/59 1021/1187/59
f 1015/1169/1305 1014/1181/1305 1029/1188/1305
f 1007/1182/61 1022/1189/61 1023/1191/61
f 1009/1170/64 1008/1183/64 1023/1191/64
f 1001/1171/49 1016/1193/49 1017/1196/49
f 1010/1173/50 1009/1170/50 1024/1195/50
f 1002/1172/51 1017/1196/51 1018/1198/51
f 1010/1173/52 1025/1197/52 1026/1199/52
f 1004/1176/53 1003/1174/53 1018/1198/53
f 1011/1175/54 1026/1199/54 1027/1201/54
f 1004/1176/55 1019/1200/55 1020/1186/55
f 1017/1196/73 1016/1193/73 1031/1202/73
f 1024/1195/74 1039/1218/74 1040/1204/74
f 1017/1196/75 1032/1203/75 1033/1205/75
f 1025/1197/76 1040/1204/76 1041/1206/76
f 1018/1198/77 1033/1205/77 1034/1207/77
f 1026/1199/78 1041/1206/78 1042/1208/78
f 1020/1186/1306 1019/1200/1306 1034/1207/1306
f 1027/1201/80 1042/1208/80 1043/1210/80
f 1021/1187/65 1020/1186/65 1035/1209/65
f 1028/1185/66 1043/1210/66 1044/1212/66
f 1022/1189/67 1021/1187/67 1036/1211/67
f 1029/1188/1307 1044/1212/1307 1045/1214/1307
f 1022/1189/1308 1037/1213/1308 1038/1215/1308
f 1023/1191/1309 1038/1215/1309 1039/1218/1309
f 1035/1209/88 1051/1235/88 1052/1219/88
f 1044/1212/1215 1043/1210/1215 1059/1220/1215
f 1036/1211/90 1052/1219/90 1053/1222/90
f 1044/1212/91 1060/1221/91 1061/1223/91
f 1037/1213/1217 1053/1222/1217 1054/1224/1217
f 1038/1215/1218 1054/1224/1218 1055/1228/1218
f 1031/1202/96 1047/1226/96 1048/1229/96
f 1039/1218/81 1055/1228/81 1056/1230/81
f 1033/1205/1220 1032/1203/1220 1048/1229/1220
f 1041/1206/83 1040/1204/83 1056/1230/83
f 1033/1205/84 1049/1231/84 1050/1233/84
f 1041/1206/85 1057/1232/85 1058/1234/85
f 1035/1209/86 1034/1207/86 1050/1233/86
f 1042/1208/87 1058/1234/87 1059/1220/87
f 1055/1228/105 1070/1251/105 1071/1236/105
f 1048/1229/1310 1063/1252/1310 1064/1237/1310
f 1057/1232/107 1056/1230/107 1071/1236/107
f 1049/1231/108 1064/1237/108 1065/1239/108
f 1057/1232/109 1072/1238/109 1073/1240/109
f 1051/1235/110 1050/1233/110 1065/1239/110
f 1059/1220/111 1058/1234/111 1073/1240/111
f 1051/1235/1224 1066/1241/1224 1067/1243/1224
f 1060/1221/97 1059/1220/97 1074/1242/97
f 1053/1222/98 1052/1219/98 1067/1243/98
f 1061/1223/99 1060/1221/99 1075/1244/99
f 1054/1224/100 1053/1222/100 1068/1245/100
f 1054/1224/103 1069/1247/103 1070/1251/103
f 1047/1226/1311 1062/1249/1311 1063/1252/1311
f 1074/1242/119 1089/1269/119 1090/1253/119
f 1068/1245/120 1067/1243/120 1082/1254/120
f 1076/1246/1312 1075/1244/1312 1090/1253/1312
f 1068/1245/1313 1083/1255/1313 1084/1257/1313
f 1069/1247/525 1084/1257/525 1085/1261/525
f 1062/1249/1314 1077/1259/1314 1078/1262/1314
f 1070/1251/127 1085/1261/127 1086/1263/127
f 1064/1237/128 1063/1252/128 1078/1262/128
f 1072/1238/113 1071/1236/113 1086/1263/113
f 1065/1239/114 1064/1237/114 1079/1264/114
f 1072/1238/1315 1087/1265/1315 1088/1267/1315
f 1066/1241/116 1065/1239/116 1080/1266/116
f 1074/1242/1230 1073/1240/1230 1088/1267/1230
f 1066/1241/118 1081/1268/118 1082/1254/118
f 1078/1262/136 1093/1286/136 1094/1270/136
f 1087/1265/137 1086/1263/137 1101/1271/137
f 1079/1264/138 1094/1270/138 1095/1273/138
f 1087/1265/139 1102/1272/139 1103/1274/139
f 1081/1268/140 1080/1266/140 1095/1273/140
f 1089/1269/1232 1088/1267/1232 1103/1274/1232
f 1081/1268/142 1096/1275/142 1097/1277/142
f 1090/1253/143 1089/1269/143 1104/1276/143
f 1083/1255/144 1082/1254/144 1097/1277/144
f 1090/1253/1316 1105/1278/1316 1106/1280/1316
f 1084/1257/526 1083/1255/526 1098/1279/526
f 1084/1257/527 1099/1281/527 1100/1285/527
f 1078/1262/1317 1077/1259/1317 1092/1283/1317
f 1085/1261/135 1100/1285/135 1101/1271/135
f 1097/1277/151 1112/1302/151 1113/1287/151
f 1105/1278/152 1120/1303/152 1121/1288/152
f 1099/1281/153 1098/1279/153 1113/1287/153
f 1099/1281/156 1114/1289/156 1115/1293/156
f 1093/1286/1318 1092/1283/1318 1107/1291/1318
f 1100/1285/158 1115/1293/158 1116/1295/158
f 1094/1270/1319 1093/1286/1319 1108/1294/1319
f 1102/1272/529 1101/1271/529 1116/1295/529
f 1094/1270/145 1109/1296/145 1110/1298/145
f 1102/1272/146 1117/1297/146 1118/1299/146
f 1095/1273/147 1110/1298/147 1111/1300/147
f 1104/1276/148 1103/1274/148 1118/1299/148
f 1096/1275/528 1111/1300/528 1112/1302/528
f 1105/1278/150 1104/1276/150 1119/1301/150
f 1117/1297/168 1116/1295/168 1131/1304/168
f 1109/1296/169 1124/1320/169 1125/1306/169
f 1117/1297/170 1132/1305/170 1133/1307/170
f 1111/1300/1320 1110/1298/1320 1125/1306/1320
f 1119/1301/172 1118/1299/172 1133/1307/172
f 1111/1300/173 1126/1308/173 1127/1310/173
f 1120/1303/531 1119/1301/531 1134/1309/531
f 1113/1287/175 1112/1302/175 1127/1310/175
f 1120/1303/1321 1135/1311/1321 1136/1313/1321
f 1114/1289/1322 1113/1287/1322 1128/1312/1322
f 1114/1289/164 1129/1314/164 1130/1318/164
f 1107/1291/1323 1122/1316/1323 1123/1319/1323
f 1115/1293/166 1130/1318/166 1131/1304/166
f 1109/1296/167 1108/1294/167 1123/1319/167
f 1135/1311/1239 1150/1337/1239 1151/1321/1239
f 1129/1314/184 1128/1312/184 1143/1322/184
f 1129/1314/1324 1144/1323/1324 1145/1327/1324
f 1123/1319/1241 1122/1316/1241 1137/1325/1241
f 1130/1318/189 1145/1327/189 1146/1329/189
f 1124/1320/190 1123/1319/190 1138/1328/190
f 1132/1305/191 1131/1304/191 1146/1329/191
f 1124/1320/192 1139/1330/192 1140/1332/192
f 1132/1305/1325 1147/1331/1325 1148/1333/1325
f 1125/1306/178 1140/1332/178 1141/1334/178
f 1133/1307/179 1148/1333/179 1149/1335/179
f 1126/1308/180 1141/1334/180 1142/1336/180
f 1134/1309/181 1149/1335/181 1150/1337/181
f 1128/1312/182 1127/1310/182 1142/1336/182
f 1147/1331/201 1162/1353/201 1163/1338/201
f 1140/1332/202 1155/1354/202 1156/1339/202
f 1148/1333/203 1163/1338/203 1164/1340/203
f 1141/1334/204 1156/1339/204 1157/1341/204
f 1150/1337/205 1149/1335/205 1164/1340/205
f 1143/1322/206 1142/1336/206 1157/1341/206
f 1151/1321/207 1150/1337/207 1165/1342/207
f 1143/1322/1242 1158/1343/1242 1159/1345/1242
f 1144/1323/1243 1159/1345/1243 1160/1349/1243
f 1137/1325/196 1152/1347/196 1153/1350/196
f 1145/1327/197 1160/1349/197 1161/1351/197
f 1139/1330/1326 1138/1328/1326 1153/1350/1326
f 1147/1331/199 1146/1329/199 1161/1351/199
f 1140/1332/200 1139/1330/200 1154/1352/200
f 1159/1345/1244 1174/1371/1244 1175/1359/1244
f 1152/1347/1327 1167/1356/1327 1168/1360/1327
f 1160/1349/220 1175/1359/220 1176/1361/220
f 1153/1350/221 1168/1360/221 1169/1362/221
f 1161/1351/222 1176/1361/222 1177/1363/222
f 1154/1352/223 1169/1362/223 1170/1364/223
f 1162/1353/224 1177/1363/224 1178/1365/224
f 1156/1339/209 1155/1354/209 1170/1364/209
f 1163/1338/210 1178/1365/210 1179/1367/210
f 1156/1339/211 1171/1366/211 1172/1368/211
f 1165/1342/1328 1164/1340/1328 1179/1367/1328
f 1157/1341/213 1172/1368/213 1173/1370/213
f 1166/1344/214 1165/1342/214 1180/1369/214
f 1159/1345/1247 1158/1343/1247 1173/1370/1247
f 1170/1364/232 1185/1388/232 1186/1372/232
f 1179/1367/233 1178/1365/233 1193/1373/233
f 1172/1368/1248 1171/1366/1248 1186/1372/1248
f 1180/1369/235 1179/1367/235 1194/1374/235
f 1172/1368/236 1187/1375/236 1188/1377/236
f 1180/1369/237 1195/1376/237 1196/1378/237
f 1174/1371/238 1173/1370/238 1188/1377/238
f 1174/1371/225 1189/1379/225 1190/1383/225
f 1168/1360/1329 1167/1356/1329 1182/1381/1329
f 1175/1359/227 1190/1383/227 1191/1385/227
f 1169/1362/228 1168/1360/228 1183/1384/228
f 1176/1361/229 1191/1385/229 1192/1387/229
f 1169/1362/230 1184/1386/230 1185/1388/230
f 1178/1365/1252 1177/1363/1252 1192/1387/1252
f 1189/1379/249 1204/1402/249 1205/1389/249
f 1182/1381/1330 1197/1404/1330 1198/1390/1330
f 1190/1383/251 1205/1389/251 1206/1391/251
f 1183/1384/252 1198/1390/252 1199/1392/252
f 1192/1387/253 1191/1385/253 1206/1391/253
f 1184/1386/254 1199/1392/254 1200/1394/254
f 1192/1387/255 1207/1393/255 1208/1395/255
f 1186/1372/256 1185/1388/256 1200/1394/256
f 1194/1374/241 1193/1373/241 1208/1395/241
f 1186/1372/1331 1201/1396/1331 1202/1398/1331
f 1195/1376/243 1194/1374/243 1209/1397/243
f 1188/1377/244 1187/1375/244 1202/1398/244
f 1195/1376/1332 1210/1399/1332 1211/1401/1332
f 1189/1379/246 1188/1377/246 1203/1400/246
f 1209/1397/263 1208/1395/263 1223/1406/263
f 1201/1396/1333 1216/1422/1333 1217/1408/1333
f 1210/1399/265 1209/1397/265 1224/1407/265
f 1203/1400/266 1202/1398/266 1217/1408/266
f 1210/1399/267 1225/1409/267 1226/1411/267
f 1204/1402/268 1203/1400/268 1218/1410/268
f 1204/1402/271 1219/1412/271 1220/1416/271
f 1197/1404/272 1212/1414/272 1213/1417/272
f 1205/1389/257 1220/1416/257 1221/1418/257
f 1198/1390/258 1213/1417/258 1214/1419/258
f 1207/1393/259 1206/1391/259 1221/1418/259
f 1199/1392/260 1214/1419/260 1215/1421/260
f 1207/1393/1334 1222/1420/1334 1223/1406/1334
f 1200/1394/262 1215/1421/262 1216/1422/262
f 1212/1414/1335 1227/1437/1335 1228/1423/1335
f 1220/1416/281 1235/1439/281 1236/1424/281
f 1213/1417/282 1228/1423/282 1229/1425/282
f 1222/1420/283 1221/1418/283 1236/1424/283
f 1215/1421/284 1214/1419/284 1229/1425/284
f 1222/1420/285 1237/1426/285 1238/1428/285
f 1216/1422/286 1215/1421/286 1230/1427/286
f 1223/1406/287 1238/1428/287 1239/1430/287
f 1217/1408/288 1216/1422/288 1231/1429/288
f 1224/1407/273 1239/1430/273 1240/1432/273
f 1217/1408/274 1232/1431/274 1233/1433/274
f 1226/1411/275 1225/1409/275 1240/1432/275
f 1219/1412/276 1218/1410/276 1233/1433/276
f 1219/1412/279 1234/1435/279 1235/1439/279
f 1231/1429/295 1246/1455/295 1247/1440/295
f 1239/1430/544 1254/1456/544 1255/1441/544
f 1233/1433/297 1232/1431/297 1247/1440/297
f 1241/1434/298 1240/1432/298 1255/1441/298
f 1234/1435/1336 1233/1433/1336 1248/1442/1336
f 1234/1435/1337 1249/1444/1337 1250/1448/1337
f 1227/1437/1338 1242/1446/1338 1243/1449/1338
f 1235/1439/304 1250/1448/304 1251/1450/304
f 1229/1425/543 1228/1423/543 1243/1449/543
f 1237/1426/290 1236/1424/290 1251/1450/290
f 1229/1425/291 1244/1451/291 1245/1453/291
f 1237/1426/292 1252/1452/292 1253/1454/292
f 1231/1429/293 1230/1427/293 1245/1453/293
f 1238/1428/294 1253/1454/294 1254/1456/294
f 1250/1448/312 1265/1473/312 1266/1457/312
f 1244/1451/313 1243/1449/313 1258/1458/313
f 1252/1452/314 1251/1450/314 1266/1457/314
f 1244/1451/315 1259/1459/315 1260/1461/315
f 1252/1452/1339 1267/1460/1339 1268/1462/1339
f 1246/1455/317 1245/1453/317 1260/1461/317
f 1254/1456/318 1253/1454/318 1268/1462/318
f 1247/1440/319 1246/1455/319 1261/1463/319
f 1254/1456/320 1269/1464/320 1270/1466/320
f 1247/1440/305 1262/1465/305 1263/1467/305
f 1255/1441/545 1270/1466/545 1271/1468/545
f 1249/1444/1262 1248/1442/1262 1263/1467/1262
f 1249/1444/1263 1264/1469/1263 1265/1473/1263
f 1242/1446/546 1257/1471/546 1258/1458/546
f 1269/1464/327 1285/1490/327 1286/1474/327
f 1263/1467/328 1262/1465/328 1278/1475/328
f 1270/1466/1340 1286/1474/1340 1287/1477/1340
f 1264/1469/1341 1263/1467/1341 1279/1476/1341
f 1264/1469/333 1280/1478/333 1281/1482/333
f 1258/1458/334 1257/1471/334 1273/1480/334
f 1265/1473/335 1281/1482/335 1282/1484/335
f 1259/1459/336 1258/1458/336 1274/1483/336
f 1267/1460/321 1266/1457/321 1282/1484/321
f 1259/1459/322 1275/1485/322 1276/1487/322
f 1267/1460/1342 1283/1486/1342 1284/1488/1342
f 1261/1463/324 1260/1461/324 1276/1487/324
f 1269/1464/325 1268/1462/325 1284/1488/325
f 1261/1463/326 1277/1489/326 1278/1475/326
f 1283/1486/345 1282/1484/345 1297/1491/345
f 1275/1485/346 1290/1507/346 1291/1493/346
f 1283/1486/347 1298/1492/347 1299/1494/347
f 1277/1489/1343 1276/1487/1343 1291/1493/1343
f 1284/1488/349 1299/1494/349 1300/1496/349
f 1277/1489/350 1292/1495/350 1293/1497/350
f 1285/1490/1267 1300/1496/1267 1301/1498/1267
f 1279/1476/352 1278/1475/352 1293/1497/352
f 1287/1477/1344 1286/1474/1344 1301/1498/1344
f 1280/1478/547 1279/1476/547 1294/1499/547
f 1280/1478/341 1295/1501/341 1296/1505/341
f 1273/1480/342 1288/1503/342 1289/1506/342
f 1281/1482/343 1296/1505/343 1297/1491/343
f 1275/1485/1269 1274/1483/1269 1289/1506/1269
f 1301/1498/360 1316/1524/360 1317/1508/360
f 1295/1501/361 1294/1499/361 1309/1509/361
f 1295/1501/1345 1310/1510/1345 1311/1514/1345
f 1289/1506/1346 1288/1503/1346 1303/1512/1346
f 1296/1505/366 1311/1514/366 1312/1516/366
f 1290/1507/367 1289/1506/367 1304/1515/367
f 1298/1492/368 1297/1491/368 1312/1516/368
f 1290/1507/353 1305/1517/353 1306/1519/353
f 1298/1492/354 1313/1518/354 1314/1520/354
f 1292/1495/355 1291/1493/355 1306/1519/355
f 1300/1496/356 1299/1494/356 1314/1520/356
f 1292/1495/1273 1307/1521/1273 1308/1523/1273
f 1300/1496/1347 1315/1522/1347 1316/1524/1347
f 1294/1499/359 1293/1497/359 1308/1523/359
f 1305/1517/377 1320/1540/377 1321/1525/377
f 1313/1518/1348 1328/1541/1348 1329/1526/1348
f 1307/1521/379 1306/1519/379 1321/1525/379
f 1314/1520/380 1329/1526/380 1330/1528/380
f 1307/1521/381 1322/1527/381 1323/1529/381
f 1315/1522/382 1330/1528/382 1331/1530/382
f 1309/1509/383 1308/1523/383 1323/1529/383
f 1316/1524/1349 1331/1530/1349 1332/1532/1349
f 1310/1510/369 1309/1509/369 1324/1531/369
f 1310/1510/372 1325/1533/372 1326/1537/372
f 1303/1512/1350 1318/1535/1350 1319/1538/1350
f 1311/1514/1351 1326/1537/1351 1327/1539/1351
f 1305/1517/375 1304/1515/375 1319/1538/375
f 1313/1518/376 1312/1516/376 1327/1539/376
f 1325/1542/392 1324/1573/392 1339/1543/392
f 1325/1542/395 1340/1544/395 1341/1551/395
f 1319/1553/1352 1318/1545/1352 1333/1547/1352
f 1326/1552/1353 1341/1551/1353 1342/1555/1353
f 1320/1557/398 1319/1553/398 1334/1554/398
f 1328/1559/399 1327/1556/399 1342/1555/399
f 1320/1557/400 1335/1558/400 1336/1561/400
f 1328/1559/385 1343/1560/385 1344/1563/385
f 1321/1562/386 1336/1561/386 1337/1565/386
f 1329/1564/1354 1344/1563/1354 1345/1567/1354
f 1322/1566/388 1337/1565/388 1338/1569/388
f 1330/1568/389 1345/1567/389 1346/1571/389
f 1324/1573/390 1323/1570/390 1338/1569/390
f 1332/1549/1355 1331/1572/1355 1346/1571/1355
f 1343/1560/1356 1358/1590/1356 1359/1574/1356
f 1337/1565/409 1336/1561/409 1351/1575/409
f 1345/1567/410 1344/1563/410 1359/1574/410
f 1337/1565/1279 1352/1576/1279 1353/1578/1279
f 1346/1571/412 1345/1567/412 1360/1577/412
f 1339/1543/413 1338/1569/413 1353/1578/413
f 1347/1550/414 1346/1571/414 1361/1579/414
f 1340/1544/415 1339/1543/415 1354/1580/415
f 1340/1544/402 1355/1582/402 1356/1586/402
f 1333/1547/1357 1348/1584/1357 1349/1587/1357
f 1341/1551/404 1356/1586/404 1357/1588/404
f 1335/1558/405 1334/1554/405 1349/1587/405
f 1343/1560/406 1342/1555/406 1357/1588/406
f 1335/1558/407 1350/1589/407 1351/1575/407
f 1355/1582/1281 1370/1607/1281 1371/1595/1281
f 1348/1584/1358 1363/1592/1358 1364/1596/1358
f 1356/1586/427 1371/1595/427 1372/1597/427
f 1349/1587/550 1364/1596/550 1365/1598/550
f 1358/1590/429 1357/1588/429 1372/1597/429
f 1351/1575/430 1350/1589/430 1365/1598/430
f 1358/1590/431 1373/1599/431 1374/1601/431
f 1352/1576/432 1351/1575/432 1366/1600/432
f 1359/1574/417 1374/1601/417 1375/1603/417
f 1353/1578/418 1352/1576/418 1367/1602/418
f 1360/1577/419 1375/1603/419 1376/1605/419
f 1354/1580/420 1353/1578/420 1368/1604/420
f 1362/1581/421 1361/1579/421 1376/1605/421
f 1355/1582/1284 1354/1580/1284 1369/1606/1284
f 1367/1602/439 1366/1600/439 1381/1608/439
f 1374/1601/440 1389/1624/440 1390/1610/440
f 1367/1602/441 1382/1609/441 1383/1611/441
f 1375/1603/442 1390/1610/442 1391/1612/442
f 1369/1606/443 1368/1604/443 1383/1611/443
f 1376/1605/444 1391/1612/444 1392/1614/444
f 1370/1607/445 1369/1606/445 1384/1613/445
f 1370/1607/1359 1385/1615/1359 1386/1619/1359
f 1364/1596/1360 1363/1592/1360 1378/1617/1360
f 1371/1595/434 1386/1619/434 1387/1621/434
f 1364/1596/435 1379/1620/435 1380/1622/435
f 1373/1599/436 1372/1597/436 1387/1621/436
f 1366/1600/437 1365/1598/437 1380/1622/437
f 1373/1599/438 1388/1623/438 1389/1624/438
f 1385/1615/456 1400/1639/456 1401/1625/456
f 1379/1620/457 1378/1617/457 1393/1626/457
f 1387/1621/458 1386/1619/458 1401/1625/458
f 1380/1622/459 1379/1620/459 1394/1627/459
f 1388/1623/460 1387/1621/460 1402/1628/460
f 1380/1622/461 1395/1629/461 1396/1631/461
f 1388/1623/462 1403/1630/462 1404/1632/462
f 1382/1609/463 1381/1608/463 1396/1631/463
f 1389/1624/464 1404/1632/464 1405/1634/464
f 1382/1609/449 1397/1633/449 1398/1635/449
f 1391/1612/450 1390/1610/450 1405/1634/450
f 1384/1613/451 1383/1611/451 1398/1635/451
f 1391/1612/551 1406/1636/551 1407/1638/551
f 1385/1615/1361 1384/1613/1361 1399/1637/1361
f 1405/1634/471 1404/1632/471 1419/1642/471
f 1397/1633/472 1412/1658/472 1413/1644/472
f 1405/1634/1289 1420/1643/1289 1421/1645/1289
f 1399/1637/474 1398/1635/474 1413/1644/474
f 1406/1636/475 1421/1645/475 1422/1647/475
f 1400/1639/476 1399/1637/476 1414/1646/476
f 1400/1639/553 1415/1648/553 1416/1652/553
f 1394/1627/1362 1393/1626/1362 1408/1650/1362
f 1401/1625/465 1416/1652/465 1417/1654/465
f 1395/1629/1291 1394/1627/1291 1409/1653/1291
f 1403/1630/467 1402/1628/467 1417/1654/467
f 1395/1629/468 1410/1655/468 1411/1657/468
f 1403/1630/1363 1418/1656/1363 1419/1642/1363
f 1397/1633/470 1396/1631/470 1411/1657/470
f 1416/1652/489 1431/1675/489 1432/1659/489
f 1410/1655/1364 1409/1653/1364 1424/1660/1364
f 1418/1656/491 1417/1654/491 1432/1659/491
f 1410/1655/492 1425/1661/492 1426/1663/492
f 1418/1656/493 1433/1662/493 1434/1664/493
f 1411/1657/494 1426/1663/494 1427/1665/494
f 1419/1642/495 1434/1664/495 1435/1666/495
f 1413/1644/1293 1412/1658/1293 1427/1665/1293
f 1420/1643/481 1435/1666/481 1436/1668/481
f 1414/1646/482 1413/1644/482 1428/1667/482
f 1422/1647/483 1421/1645/483 1436/1668/483
f 1414/1646/484 1429/1669/484 1430/1671/484
f 1415/1648/487 1430/1671/487 1431/1675/487
f 1408/1650/1365 1423/1673/1365 1424/1660/1365
f 1435/1666/504 1444/1122/504 1445/1124/504
f 1429/1669/505 1428/1667/505 1441/1119/505
f 1436/1668/506 1445/1124/506 1446/1128/506
f 1430/1671/555 1429/1669/555 967/1126/555
f 1430/1671/510 968/1129/510 969/1136/510
f 1423/1673/511 1438/1131/511 1439/1137/511
f 1431/1675/512 969/1136/512 1442/1140/512
f 1425/1661/497 1424/1660/497 1439/1137/497
f 1432/1659/498 1442/1140/498 970/1144/498
f 1426/1663/499 1425/1661/499 965/1142/499
f 1433/1662/1366 970/1144/1366 1443/1148/1366
f 1427/1665/501 1426/1663/501 1440/1145/501
f 1435/1666/1299 1434/1664/1299 1443/1148/1299
f 1428/1667/503 1427/1665/503 966/1149/503
usemtl マテリアル.004
f 1447/1678/1367 1479/1679/1367 1448/1680/1367
f 1448/1680/1368 1479/1679/1368 1449/1681/1368
f 1449/1681/1369 1479/1679/1369 1450/1682/1369
f 1450/1682/1370 1479/1679/1370 1451/1683/1370
f 1451/1683/1371 1479/1679/1371 1452/1684/1371
f 1452/1684/1372 1479/1679/1372 1453/1685/1372
f 1453/1685/1373 1479/1679/1373 1454/1686/1373
f 1454/1686/1374 1479/1679/1374 1455/1687/1374
f 1455/1687/1375 1479/1679/1375 1456/1688/1375
f 1456/1688/1376 1479/1679/1376 1457/1689/1376
f 1457/1689/1377 1479/1679/1377 1458/1690/1377
f 1458/1690/1378 1479/1679/1378 1459/1691/1378
f 1459/1691/1379 1479/1679/1379 1460/1692/1379
f 1460/1692/1380 1479/1679/1380 1461/1693/1380
f 1461/1693/1381 1479/1679/1381 1462/1694/1381
f 1462/1694/1382 1479/1679/1382 1463/1695/1382
f 1463/1695/1383 1479/1679/1383 1464/1696/1383
f 1464/1696/1384 1479/1679/1384 1465/1697/1384
f 1465/1697/1385 1479/1679/1385 1466/1698/1385
f 1466/1698/1386 1479/1679/1386 1467/1699/1386
f 1467/1699/1387 1479/1679/1387 1468/1700/1387
f 1468/1700/1388 1479/1679/1388 1469/1701/1388
f 1469/1701/1389 1479/1679/1389 1470/1702/1389
f 1470/1702/1390 1479/1679/1390 1471/1703/1390
f 1471/1703/1391 1479/1679/1391 1472/1704/1391
f 1472/1704/1392 1479/1679/1392 1473/1705/1392
f 1473/1705/1393 1479/1679/1393 1474/1706/1393
f 1474/1706/1394 1479/1679/1394 1475/1707/1394
f 1475/1707/1395 1479/1679/1395 1476/1708/1395
f 1476/1708/1396 1479/1679/1396 1477/1709/1396
f 1462/1710/1397 1470/1711/1397 1478/1712/1397
f 1477/1709/1398 1479/1679/1398 1478/1713/1398
f 1478/1713/1399 1479/1679/1399 1447/1678/1399
f 1478/1712/1397 1447/1714/1397 1448/1715/1397
f 1448/1715/1397 1449/1716/1397 1450/1717/1397
f 1450/1717/1397 1451/1718/1397 1452/1719/1397
f 1452/1719/1397 1453/1720/1397 1454/1721/1397
f 1454/1721/1397 1455/1722/1397 1456/1723/1397
f 1456/1723/1397 1457/1724/1397 1458/1725/1397
f 1458/1725/1397 1459/1726/1397 1460/1727/1397
f 1460/1727/1397 1461/1728/1397 1462/1710/1397
f 1462/1710/1397 1463/1729/1397 1464/1730/1397
f 1464/1730/1397 1465/1731/1397 1466/1732/1397
f 1466/1732/1397 1467/1733/1397 1468/1734/1397
f 1468/1734/1397 1469/1735/1397 1470/1711/1397
f 1470/1711/1397 1471/1736/1397 1472/1737/1397
f 1472/1737/1397 1473/1738/1397 1474/1739/1397
f 1474/1739/1397 1475/1740/1397 1476/1741/1397
f 1476/1741/1397 1477/1742/1397 1478/1712/1397
f 1478/1712/1397 1448/1715/1397 1450/1717/1397
f 1450/1717/1397 1452/1719/1397 1454/1721/1397
f 1454/1721/1397 1456/1723/1397 1458/1725/1397
f 1458/1725/1397 1460/1727/1397 1462/1710/1397
f 1462/1710/1397 1464/1730/1397 1466/1732/1397
f 1466/1732/1397 1468/1734/1397 1470/1711/1397
f 1470/1711/1397 1472/1737/1397 1474/1739/1397
f 1474/1739/1397 1476/1741/1397 1478/1712/1397
f 1478/1712/1397 1450/1717/1397 1454/1721/1397
f 1454/1721/1397 1458/1725/1397 1462/1710/1397
f 1462/1710/1397 1466/1732/1397 1470/1711/1397
f 1470/1711/1397 1474/1739/1397 1478/1712/1397
f 1478/1712/1397 1454/1721/1397 1462/1710/1397
